timestamp,site_id,building_id,asset_id,temperature,vibration,power_consumption,anomaly_type,iforest_score
2026-06-21 06:15:00,Site_C,Bldg_C2,AHU_Bldg_C2_01,26.13,2.992,32.37,Excessive Vibration,0.0423
2026-06-21 08:15:00,Site_C,Bldg_C2,AHU_Bldg_C2_01,29.76,3.074,38.87,Excessive Vibration,0.0171
2026-06-21 08:45:00,Site_C,Bldg_C2,AHU_Bldg_C2_01,28.73,3.002,38.8,Excessive Vibration,0.0322
2026-06-21 09:15:00,Site_C,Bldg_C2,AHU_Bldg_C2_01,29.4,3.07,35.41,Excessive Vibration,0.0277
2026-06-21 09:30:00,Site_C,Bldg_C2,AHU_Bldg_C2_01,29.88,2.963,42.95,Excessive Vibration,0.0203
2026-06-21 09:45:00,Site_C,Bldg_C2,AHU_Bldg_C2_01,30.17,3.213,36.24,Excessive Vibration,0.0108
2026-06-21 10:00:00,Site_C,Bldg_C2,AHU_Bldg_C2_01,30.13,2.966,37.79,Excessive Vibration,0.0338
2026-06-21 10:15:00,Site_C,Bldg_C2,AHU_Bldg_C2_01,30.2,3.348,38.34,Excessive Vibration,0.004
2026-06-21 10:30:00,Site_C,Bldg_C2,AHU_Bldg_C2_01,29.91,2.956,39.72,Excessive Vibration,-0.0039
2026-06-21 10:45:00,Site_C,Bldg_C2,AHU_Bldg_C2_01,29.91,3.07,39.1,Excessive Vibration,0.0222
2026-06-21 11:00:00,Site_C,Bldg_C2,AHU_Bldg_C2_01,30.59,3.275,38.56,Excessive Vibration,0.0288
2026-06-21 11:15:00,Site_C,Bldg_C2,AHU_Bldg_C2_01,30.07,3.23,38.02,Excessive Vibration,0.0171
2026-06-21 11:30:00,Site_C,Bldg_C2,AHU_Bldg_C2_01,30.01,3.386,38.56,Excessive Vibration,0.026
2026-06-21 11:45:00,Site_C,Bldg_C2,AHU_Bldg_C2_01,30.69,3.201,37.77,Excessive Vibration,0.0053
2026-06-21 12:00:00,Site_C,Bldg_C2,AHU_Bldg_C2_01,30.48,3.249,36.09,Excessive Vibration,0.0197
2026-06-21 12:15:00,Site_C,Bldg_C2,AHU_Bldg_C2_01,30.44,3.574,37.07,Excessive Vibration,0.0123
2026-06-21 12:30:00,Site_C,Bldg_C2,AHU_Bldg_C2_01,30.18,3.447,35.46,Excessive Vibration,0.0112
2026-06-21 12:45:00,Site_C,Bldg_C2,AHU_Bldg_C2_01,31.13,3.104,37.11,Excessive Vibration,0.0253
2026-06-21 13:00:00,Site_C,Bldg_C2,AHU_Bldg_C2_01,29.94,3.103,35.31,Excessive Vibration,0.0246
2026-06-21 13:15:00,Site_C,Bldg_C2,AHU_Bldg_C2_01,31.63,3.445,39.76,Excessive Vibration,-0.0185
2026-06-21 13:30:00,Site_C,Bldg_C2,AHU_Bldg_C2_01,31.92,3.566,38.6,Excessive Vibration,0.007
2026-06-21 13:45:00,Site_C,Bldg_C2,AHU_Bldg_C2_01,31.66,3.55,41.18,Excessive Vibration,0.0125
2026-06-21 14:00:00,Site_C,Bldg_C2,AHU_Bldg_C2_01,31.72,3.88,40.71,Excessive Vibration,0.0013
2026-06-21 14:15:00,Site_C,Bldg_C2,AHU_Bldg_C2_01,30.76,3.451,37.46,Excessive Vibration,0.003
2026-06-21 14:30:00,Site_C,Bldg_C2,AHU_Bldg_C2_01,30.83,3.706,41.69,Excessive Vibration,0.0095
2026-06-21 14:45:00,Site_C,Bldg_C2,AHU_Bldg_C2_01,31.25,4.005,40.33,Excessive Vibration,-0.0156
2026-06-21 15:00:00,Site_C,Bldg_C2,AHU_Bldg_C2_01,31.08,3.73,40.56,Excessive Vibration,0.017
2026-06-21 15:15:00,Site_C,Bldg_C2,AHU_Bldg_C2_01,30.73,3.93,36.92,Excessive Vibration,-0.001
2026-06-21 15:30:00,Site_C,Bldg_C2,AHU_Bldg_C2_01,30.38,3.864,39.72,Excessive Vibration,-0.0098
2026-06-21 15:45:00,Site_C,Bldg_C2,AHU_Bldg_C2_01,30.67,3.79,42.24,Excessive Vibration,-0.0022
2026-06-21 16:00:00,Site_C,Bldg_C2,AHU_Bldg_C2_01,30.72,3.625,41.46,Excessive Vibration,0.0114
2026-06-21 16:15:00,Site_C,Bldg_C2,AHU_Bldg_C2_01,31.59,4.014,41.87,Excessive Vibration,-0.0004
2026-06-21 16:30:00,Site_C,Bldg_C2,AHU_Bldg_C2_01,32.04,4.011,43.42,Excessive Vibration,-0.0062
2026-06-21 16:45:00,Site_C,Bldg_C2,AHU_Bldg_C2_01,30.87,3.813,44.43,Excessive Vibration,0.0017
2026-06-21 17:00:00,Site_C,Bldg_C2,AHU_Bldg_C2_01,30.55,4.054,41.32,Excessive Vibration,-0.0031
2026-06-21 17:15:00,Site_C,Bldg_C2,AHU_Bldg_C2_01,32.05,3.607,42.71,Excessive Vibration,0.0062
2026-06-21 17:30:00,Site_C,Bldg_C2,AHU_Bldg_C2_01,30.45,3.712,41.24,Excessive Vibration,0.0036
2026-06-21 17:45:00,Site_C,Bldg_C2,AHU_Bldg_C2_01,31.36,3.675,44.33,Excessive Vibration,0.0072
2026-06-21 18:00:00,Site_C,Bldg_C2,AHU_Bldg_C2_01,30.83,3.88,44.21,Excessive Vibration,-0.0007
2026-06-21 18:15:00,Site_C,Bldg_C2,AHU_Bldg_C2_01,30.12,4.038,44.98,Excessive Vibration,-0.0044
2026-06-21 18:30:00,Site_C,Bldg_C2,AHU_Bldg_C2_01,29.67,4.176,41.41,Excessive Vibration,0.0069
2026-06-21 18:45:00,Site_C,Bldg_C2,AHU_Bldg_C2_01,30.08,4.487,45.04,Excessive Vibration,-0.0245
2026-06-21 19:00:00,Site_C,Bldg_C2,AHU_Bldg_C2_01,29.88,4.092,42.06,Excessive Vibration,0.0048
2026-06-21 19:15:00,Site_C,Bldg_C2,AHU_Bldg_C2_01,30.39,3.807,44.75,Excessive Vibration,0.0037
2026-06-21 19:30:00,Site_C,Bldg_C2,AHU_Bldg_C2_01,31.02,4.402,42.66,Excessive Vibration,-0.0102
2026-06-21 19:45:00,Site_C,Bldg_C2,AHU_Bldg_C2_01,30.92,4.66,42.34,Excessive Vibration,-0.0097
2026-06-21 20:00:00,Site_C,Bldg_C2,AHU_Bldg_C2_01,30.19,4.246,44.68,Excessive Vibration,0.0008
2026-06-21 20:15:00,Site_C,Bldg_C2,AHU_Bldg_C2_01,29.89,4.299,45.62,Excessive Vibration,0.0017
2026-06-21 20:30:00,Site_C,Bldg_C2,AHU_Bldg_C2_01,30.38,4.215,41.6,Excessive Vibration,0.0023
2026-06-21 20:45:00,Site_C,Bldg_C2,AHU_Bldg_C2_01,30.23,4.496,45.27,Excessive Vibration,-0.0037
2026-06-21 21:00:00,Site_C,Bldg_C2,AHU_Bldg_C2_01,30.74,4.363,44.02,Excessive Vibration,-0.0083
2026-06-21 21:15:00,Site_C,Bldg_C2,AHU_Bldg_C2_01,30.46,4.501,47.57,Excessive Vibration,-0.019
2026-06-21 21:30:00,Site_C,Bldg_C2,AHU_Bldg_C2_01,30.18,4.46,42.81,Excessive Vibration,-0.0036
2026-06-21 21:45:00,Site_C,Bldg_C2,AHU_Bldg_C2_01,29.44,4.208,45.65,Excessive Vibration,-0.0064
2026-06-21 22:00:00,Site_C,Bldg_C2,AHU_Bldg_C2_01,29.47,4.129,47.88,Excessive Vibration,-0.0153
2026-06-21 22:15:00,Site_C,Bldg_C2,AHU_Bldg_C2_01,29.52,4.265,47.89,Excessive Vibration,0.0011
2026-06-21 22:30:00,Site_C,Bldg_C2,AHU_Bldg_C2_01,30.12,4.771,47.55,Excessive Vibration,-0.0087
2026-06-21 22:45:00,Site_C,Bldg_C2,AHU_Bldg_C2_01,29.77,4.845,47.72,Excessive Vibration,-0.0037
2026-06-21 23:00:00,Site_C,Bldg_C2,AHU_Bldg_C2_01,30.41,4.288,46.74,Excessive Vibration,-0.0017
2026-06-21 23:15:00,Site_C,Bldg_C2,AHU_Bldg_C2_01,29.97,4.779,47.32,Excessive Vibration,-0.014
2026-06-21 23:30:00,Site_C,Bldg_C2,AHU_Bldg_C2_01,29.27,4.436,48.98,Excessive Vibration,-0.0162
2026-06-21 23:45:00,Site_C,Bldg_C2,AHU_Bldg_C2_01,29.82,5.017,47.9,Excessive Vibration,-0.0145
2026-06-22 00:00:00,Site_C,Bldg_C2,AHU_Bldg_C2_01,44.54,1.71,41.96,Abnormal Temperature,-0.0171
2026-06-22 00:15:00,Site_C,Bldg_C2,AHU_Bldg_C2_01,40.45,2.079,46.76,Abnormal Temperature,-0.0407
2026-06-22 00:45:00,Site_C,Bldg_C2,AHU_Bldg_C2_01,44.9,1.714,47.51,Abnormal Temperature,-0.0358
2026-06-22 01:00:00,Site_C,Bldg_C2,AHU_Bldg_C2_01,41.06,2.692,43.59,Abnormal Temperature,-0.0394
2026-06-22 01:15:00,Site_C,Bldg_C2,AHU_Bldg_C2_01,44.79,1.565,39.71,Abnormal Temperature,-0.0375
2026-06-22 01:30:00,Site_C,Bldg_C2,AHU_Bldg_C2_01,37.78,1.657,42.07,Multivariate Telemetry Anomaly,-0.0105
2026-06-22 02:00:00,Site_C,Bldg_C2,AHU_Bldg_C2_01,44.46,1.878,38.43,Abnormal Temperature,-0.0319
2026-06-22 02:15:00,Site_C,Bldg_C2,AHU_Bldg_C2_01,44.45,1.714,31.54,Abnormal Temperature,-0.0231
2026-06-22 02:30:00,Site_C,Bldg_C2,AHU_Bldg_C2_01,42.32,1.211,39.11,Abnormal Temperature,-0.008
2026-06-22 02:45:00,Site_C,Bldg_C2,AHU_Bldg_C2_01,40.05,1.846,38.31,Abnormal Temperature,-0.0274
2026-06-22 03:00:00,Site_C,Bldg_C2,AHU_Bldg_C2_01,40.07,2.061,39.27,Abnormal Temperature,-0.0246
2026-06-22 03:30:00,Site_C,Bldg_C2,AHU_Bldg_C2_01,37.2,1.705,45.64,Multivariate Telemetry Anomaly,-0.0013
2026-06-22 03:45:00,Site_C,Bldg_C2,AHU_Bldg_C2_01,43.73,2.153,41.81,Abnormal Temperature,-0.0337
2026-06-22 04:00:00,Site_C,Bldg_C2,AHU_Bldg_C2_01,39.83,1.367,46.23,Abnormal Temperature,-0.002
2026-06-22 04:15:00,Site_C,Bldg_C2,AHU_Bldg_C2_01,45.66,2.173,34.07,Abnormal Temperature,-0.0321
2026-06-22 04:45:00,Site_C,Bldg_C2,AHU_Bldg_C2_01,41.69,1.089,49.82,Abnormal Temperature,0.019
2026-06-22 05:00:00,Site_C,Bldg_C2,AHU_Bldg_C2_01,45.6,1.966,33.53,Abnormal Temperature,-0.0238
2026-06-22 05:15:00,Site_C,Bldg_C2,AHU_Bldg_C2_01,42.87,2.009,37.05,Abnormal Temperature,-0.0276
2026-06-22 05:30:00,Site_C,Bldg_C2,AHU_Bldg_C2_01,39.56,1.657,34.56,Abnormal Temperature,-0.0096
2026-06-22 05:45:00,Site_C,Bldg_C2,AHU_Bldg_C2_01,39.02,2.037,51.96,Abnormal Temperature,-0.0182
2026-06-22 06:00:00,Site_C,Bldg_C2,AHU_Bldg_C2_01,45.04,1.407,46.5,Abnormal Temperature,-0.0079
2026-06-22 06:15:00,Site_C,Bldg_C2,AHU_Bldg_C2_01,42.06,1.752,26.34,Abnormal Temperature,-0.0229
2026-06-22 06:45:00,Site_C,Bldg_C2,AHU_Bldg_C2_01,41.04,1.504,38.9,Abnormal Temperature,-0.0144
2026-06-22 07:00:00,Site_C,Bldg_C2,AHU_Bldg_C2_01,43.32,1.622,48.37,Abnormal Temperature,-0.0038
2026-06-22 07:15:00,Site_C,Bldg_C2,AHU_Bldg_C2_01,46.23,1.657,40.29,Abnormal Temperature,-0.0225
2026-06-22 07:45:00,Site_C,Bldg_C2,AHU_Bldg_C2_01,40.84,1.692,39.99,Abnormal Temperature,-0.0204
2026-06-22 08:00:00,Site_C,Bldg_C2,AHU_Bldg_C2_01,46.45,3.902,93.62,"Excessive Vibration, Abnormal Temperature",-0.0604
2026-06-22 08:15:00,Site_C,Bldg_C2,AHU_Bldg_C2_01,40.92,2.33,80.65,Abnormal Temperature,-0.0281
2026-06-22 08:30:00,Site_C,Bldg_C2,AHU_Bldg_C2_01,45.11,2.343,90.53,Abnormal Temperature,-0.0334
2026-06-22 08:45:00,Site_C,Bldg_C2,AHU_Bldg_C2_01,49.07,2.744,127.04,Abnormal Temperature,-0.0479
2026-06-22 09:00:00,Site_C,Bldg_C2,AHU_Bldg_C2_01,39.91,2.109,146.71,"Sudden Power Spike, Abnormal Temperature",-0.0527
2026-06-22 09:15:00,Site_C,Bldg_C2,AHU_Bldg_C2_01,45.85,2.42,142.1,"Sudden Power Spike, Abnormal Temperature",-0.0531
2026-06-22 09:30:00,Site_C,Bldg_C2,AHU_Bldg_C2_01,49.75,2.516,131.3,"Sudden Power Spike, Abnormal Temperature",-0.0476
2026-06-22 09:45:00,Site_C,Bldg_C2,AHU_Bldg_C2_01,46.99,3.027,100.9,"Excessive Vibration, Abnormal Temperature",-0.0473
2026-06-22 10:00:00,Site_C,Bldg_C2,AHU_Bldg_C2_01,40.4,3.658,126.61,"Excessive Vibration, Abnormal Temperature",-0.0647
2026-06-22 10:15:00,Site_C,Bldg_C2,AHU_Bldg_C2_01,47.2,2.972,142.86,"Sudden Power Spike, Excessive Vibration, Abnormal Temperature",-0.0514
2026-06-22 10:30:00,Site_C,Bldg_C2,AHU_Bldg_C2_01,42.55,4.067,98.93,"Excessive Vibration, Abnormal Temperature",-0.0642
2026-06-22 10:45:00,Site_C,Bldg_C2,AHU_Bldg_C2_01,42.82,3.199,142.16,"Sudden Power Spike, Excessive Vibration, Abnormal Temperature",-0.0639
2026-06-22 11:00:00,Site_C,Bldg_C2,AHU_Bldg_C2_01,44.99,2.87,99.39,Abnormal Temperature,-0.0479
2026-06-22 11:15:00,Site_C,Bldg_C2,AHU_Bldg_C2_01,46.39,2.879,120.78,Abnormal Temperature,-0.0606
2026-06-22 11:30:00,Site_C,Bldg_C2,AHU_Bldg_C2_01,41.85,2.233,114.28,Abnormal Temperature,-0.0388
2026-06-22 11:45:00,Site_C,Bldg_C2,AHU_Bldg_C2_01,43.47,3.299,109.76,"Excessive Vibration, Abnormal Temperature",-0.0557
2026-06-22 12:00:00,Site_C,Bldg_C2,AHU_Bldg_C2_01,49.58,3.546,142.39,"Sudden Power Spike, Excessive Vibration, Abnormal Temperature",-0.0749
2026-06-22 12:15:00,Site_C,Bldg_C2,AHU_Bldg_C2_01,43.05,3.356,163.92,"Sudden Power Spike, Excessive Vibration, Abnormal Temperature",-0.063
2026-06-22 12:30:00,Site_C,Bldg_C2,AHU_Bldg_C2_01,45.33,2.535,109.82,Abnormal Temperature,-0.044
2026-06-22 12:45:00,Site_C,Bldg_C2,AHU_Bldg_C2_01,46.64,3.682,126.14,"Excessive Vibration, Abnormal Temperature",-0.0712
2026-06-22 13:00:00,Site_C,Bldg_C2,AHU_Bldg_C2_01,47.47,2.809,167.43,"Sudden Power Spike, Abnormal Temperature",-0.0509
2026-06-22 13:15:00,Site_C,Bldg_C2,AHU_Bldg_C2_01,49.11,3.468,113.98,"Excessive Vibration, Abnormal Temperature",-0.0555
2026-06-22 13:30:00,Site_C,Bldg_C2,AHU_Bldg_C2_01,42.47,2.645,137.96,"Sudden Power Spike, Abnormal Temperature",-0.0587
2026-06-22 13:45:00,Site_C,Bldg_C2,AHU_Bldg_C2_01,50.33,3.706,181.06,"Sudden Power Spike, Excessive Vibration, Abnormal Temperature",-0.0613
2026-06-22 14:00:00,Site_C,Bldg_C2,AHU_Bldg_C2_01,41.66,3.528,158.19,"Sudden Power Spike, Excessive Vibration, Abnormal Temperature",-0.0581
2026-06-22 14:15:00,Site_C,Bldg_C2,AHU_Bldg_C2_01,41.09,3.183,112.01,"Excessive Vibration, Abnormal Temperature",-0.0591
2026-06-22 14:30:00,Site_C,Bldg_C2,AHU_Bldg_C2_01,43.25,2.849,138.16,"Sudden Power Spike, Abnormal Temperature",-0.0538
2026-06-22 14:45:00,Site_C,Bldg_C2,AHU_Bldg_C2_01,47.5,3.823,165.62,"Sudden Power Spike, Excessive Vibration, Abnormal Temperature",-0.0633
2026-06-22 15:00:00,Site_C,Bldg_C2,AHU_Bldg_C2_01,46.58,3.388,169.06,"Sudden Power Spike, Excessive Vibration, Abnormal Temperature",-0.0509
2026-06-22 15:15:00,Site_C,Bldg_C2,AHU_Bldg_C2_01,42.89,3.339,156.75,"Sudden Power Spike, Excessive Vibration, Abnormal Temperature",-0.0658
2026-06-22 15:30:00,Site_C,Bldg_C2,AHU_Bldg_C2_01,40.4,3.118,99.59,"Excessive Vibration, Abnormal Temperature",-0.0525
2026-06-22 15:45:00,Site_C,Bldg_C2,AHU_Bldg_C2_01,44.29,2.892,141.4,"Sudden Power Spike, Abnormal Temperature",-0.0528
2026-06-22 16:00:00,Site_C,Bldg_C2,AHU_Bldg_C2_01,44.17,3.964,96.45,"Excessive Vibration, Abnormal Temperature",-0.0648
2026-06-22 16:15:00,Site_C,Bldg_C2,AHU_Bldg_C2_01,40.08,3.447,139.35,"Sudden Power Spike, Excessive Vibration, Abnormal Temperature",-0.0549
2026-06-22 16:30:00,Site_C,Bldg_C2,AHU_Bldg_C2_01,44.76,3.671,160.01,"Sudden Power Spike, Excessive Vibration, Abnormal Temperature",-0.0581
2026-06-22 16:45:00,Site_C,Bldg_C2,AHU_Bldg_C2_01,46.63,3.38,131.71,"Sudden Power Spike, Excessive Vibration, Abnormal Temperature",-0.0537
2026-06-22 17:00:00,Site_C,Bldg_C2,AHU_Bldg_C2_01,39.95,3.672,134.76,"Sudden Power Spike, Excessive Vibration, Abnormal Temperature",-0.0534
2026-06-22 17:15:00,Site_C,Bldg_C2,AHU_Bldg_C2_01,45.78,3.212,120.28,"Excessive Vibration, Abnormal Temperature",-0.0546
2026-06-22 17:30:00,Site_C,Bldg_C2,AHU_Bldg_C2_01,47.98,3.689,113.07,"Excessive Vibration, Abnormal Temperature",-0.0629
2026-06-22 17:45:00,Site_C,Bldg_C2,AHU_Bldg_C2_01,45.27,3.51,136.93,"Sudden Power Spike, Excessive Vibration, Abnormal Temperature",-0.054
2026-06-22 18:00:00,Site_C,Bldg_C2,AHU_Bldg_C2_01,48.25,3.583,104.02,"Excessive Vibration, Abnormal Temperature",-0.0575
2026-06-22 18:15:00,Site_C,Bldg_C2,AHU_Bldg_C2_01,44.7,3.531,136.02,"Sudden Power Spike, Excessive Vibration, Abnormal Temperature",-0.0586
2026-06-22 18:30:00,Site_C,Bldg_C2,AHU_Bldg_C2_01,38.6,3.55,124.9,"Excessive Vibration, Abnormal Temperature",-0.0486
2026-06-22 18:45:00,Site_C,Bldg_C2,AHU_Bldg_C2_01,38.6,1.77,135.47,"Sudden Power Spike, Abnormal Temperature",-0.0128
2026-06-22 19:00:00,Site_C,Bldg_C2,AHU_Bldg_C2_01,37.23,2.499,45.34,Multivariate Telemetry Anomaly,-0.0093
2026-06-22 19:15:00,Site_C,Bldg_C2,AHU_Bldg_C2_01,40.82,2.202,33.08,Abnormal Temperature,-0.0306
2026-06-22 19:30:00,Site_C,Bldg_C2,AHU_Bldg_C2_01,45.87,1.25,36.88,Abnormal Temperature,0.0168
2026-06-22 19:45:00,Site_C,Bldg_C2,AHU_Bldg_C2_01,40.56,1.509,32.38,Abnormal Temperature,-0.0106
2026-06-22 20:00:00,Site_C,Bldg_C2,AHU_Bldg_C2_01,44.83,1.163,34.38,Abnormal Temperature,0.0091
2026-06-22 20:15:00,Site_C,Bldg_C2,AHU_Bldg_C2_01,46.16,0.877,37.36,Abnormal Temperature,0.0231
2026-06-22 20:45:00,Site_C,Bldg_C2,AHU_Bldg_C2_01,40.15,1.514,49.32,Abnormal Temperature,-0.0118
2026-06-22 21:00:00,Site_C,Bldg_C2,AHU_Bldg_C2_01,41.8,2.164,30.33,Abnormal Temperature,-0.0334
2026-06-22 21:15:00,Site_C,Bldg_C2,AHU_Bldg_C2_01,36.8,1.826,53.65,Multivariate Telemetry Anomaly,-0.0045
2026-06-22 21:30:00,Site_C,Bldg_C2,AHU_Bldg_C2_01,44.78,2.11,35.43,Abnormal Temperature,-0.0344
2026-06-22 21:45:00,Site_C,Bldg_C2,AHU_Bldg_C2_01,37.16,1.724,31.19,Multivariate Telemetry Anomaly,-0.0072
2026-06-22 22:00:00,Site_C,Bldg_C2,AHU_Bldg_C2_01,41.97,2.652,36.03,Abnormal Temperature,-0.0535
2026-06-22 22:15:00,Site_C,Bldg_C2,AHU_Bldg_C2_01,37.42,2.288,32.88,Multivariate Telemetry Anomaly,-0.0166
2026-06-22 22:30:00,Site_C,Bldg_C2,AHU_Bldg_C2_01,44.92,1.501,38.68,Abnormal Temperature,-0.0229
2026-06-22 22:45:00,Site_C,Bldg_C2,AHU_Bldg_C2_01,36.18,2.237,48.86,Multivariate Telemetry Anomaly,-0.0125
2026-06-22 23:15:00,Site_C,Bldg_C2,AHU_Bldg_C2_01,43.44,1.55,33.6,Abnormal Temperature,-0.008
2026-06-22 23:45:00,Site_C,Bldg_C2,AHU_Bldg_C2_01,40.57,2.085,32.76,Abnormal Temperature,-0.0291
2026-06-23 00:00:00,Site_C,Bldg_C2,AHU_Bldg_C2_01,38.76,1.908,40.64,Abnormal Temperature,-0.0209
2026-06-06 21:30:00,Site_A,Bldg_A1,Chiller_Bldg_A1_01,7.75,2.19,57.67,Multivariate Telemetry Anomaly,-0.0043
2026-06-06 22:15:00,Site_A,Bldg_A1,Chiller_Bldg_A1_01,8.63,2.211,65.98,Multivariate Telemetry Anomaly,-0.005
2026-06-06 23:00:00,Site_A,Bldg_A1,Chiller_Bldg_A1_01,7.71,2.598,65.39,Multivariate Telemetry Anomaly,-0.0095
2026-06-06 23:45:00,Site_A,Bldg_A1,Chiller_Bldg_A1_01,8.68,2.244,68.46,Multivariate Telemetry Anomaly,-0.0179
2026-06-07 00:00:00,Site_A,Bldg_A1,Chiller_Bldg_A1_01,8.56,2.324,70.76,Multivariate Telemetry Anomaly,-0.0126
2026-06-07 00:15:00,Site_A,Bldg_A1,Chiller_Bldg_A1_01,8.65,2.341,73.39,Multivariate Telemetry Anomaly,-0.0149
2026-06-07 00:30:00,Site_A,Bldg_A1,Chiller_Bldg_A1_01,8.52,2.883,67.79,Multivariate Telemetry Anomaly,-0.0103
2026-06-07 00:45:00,Site_A,Bldg_A1,Chiller_Bldg_A1_01,8.99,2.793,69.66,Multivariate Telemetry Anomaly,-0.0194
2026-06-07 01:00:00,Site_A,Bldg_A1,Chiller_Bldg_A1_01,8.92,2.618,73.3,Multivariate Telemetry Anomaly,-0.0196
2026-06-07 01:15:00,Site_A,Bldg_A1,Chiller_Bldg_A1_01,8.85,2.616,69.28,Multivariate Telemetry Anomaly,-0.0088
2026-06-07 01:45:00,Site_A,Bldg_A1,Chiller_Bldg_A1_01,8.96,2.732,72.14,Multivariate Telemetry Anomaly,-0.0025
2026-06-07 02:30:00,Site_A,Bldg_A1,Chiller_Bldg_A1_01,8.74,2.971,73.77,Multivariate Telemetry Anomaly,-0.0078
2026-06-07 02:45:00,Site_A,Bldg_A1,Chiller_Bldg_A1_01,9.35,2.599,72.87,Multivariate Telemetry Anomaly,-0.0032
2026-06-07 03:00:00,Site_A,Bldg_A1,Chiller_Bldg_A1_01,10.0,2.898,74.97,Multivariate Telemetry Anomaly,-0.0102
2026-06-07 03:15:00,Site_A,Bldg_A1,Chiller_Bldg_A1_01,9.83,3.153,72.88,Multivariate Telemetry Anomaly,-0.0065
2026-06-07 03:30:00,Site_A,Bldg_A1,Chiller_Bldg_A1_01,9.81,2.919,72.32,Multivariate Telemetry Anomaly,-0.0017
2026-06-07 03:45:00,Site_A,Bldg_A1,Chiller_Bldg_A1_01,9.06,3.093,76.2,Multivariate Telemetry Anomaly,-0.0308
2026-06-07 04:00:00,Site_A,Bldg_A1,Chiller_Bldg_A1_01,10.97,3.185,73.71,Multivariate Telemetry Anomaly,-0.0036
2026-06-07 04:15:00,Site_A,Bldg_A1,Chiller_Bldg_A1_01,11.13,3.065,79.97,Multivariate Telemetry Anomaly,-0.0002
2026-06-07 04:30:00,Site_A,Bldg_A1,Chiller_Bldg_A1_01,11.35,3.189,73.95,Multivariate Telemetry Anomaly,-0.015
2026-06-07 04:45:00,Site_A,Bldg_A1,Chiller_Bldg_A1_01,9.83,3.281,72.08,Multivariate Telemetry Anomaly,-0.0115
2026-06-07 05:00:00,Site_A,Bldg_A1,Chiller_Bldg_A1_01,10.54,3.153,75.69,Multivariate Telemetry Anomaly,-0.0068
2026-06-07 05:15:00,Site_A,Bldg_A1,Chiller_Bldg_A1_01,11.75,3.072,76.18,Multivariate Telemetry Anomaly,-0.0108
2026-06-07 05:30:00,Site_A,Bldg_A1,Chiller_Bldg_A1_01,10.86,2.794,74.92,Multivariate Telemetry Anomaly,-0.0005
2026-06-07 05:45:00,Site_A,Bldg_A1,Chiller_Bldg_A1_01,11.28,2.887,75.63,Multivariate Telemetry Anomaly,-0.0077
2026-06-07 06:15:00,Site_A,Bldg_A1,Chiller_Bldg_A1_01,13.1,3.489,79.77,Multivariate Telemetry Anomaly,-0.0128
2026-06-07 06:30:00,Site_A,Bldg_A1,Chiller_Bldg_A1_01,12.82,3.393,77.88,Multivariate Telemetry Anomaly,-0.0037
2026-06-07 06:45:00,Site_A,Bldg_A1,Chiller_Bldg_A1_01,12.42,3.766,78.31,Multivariate Telemetry Anomaly,-0.0041
2026-06-07 07:00:00,Site_A,Bldg_A1,Chiller_Bldg_A1_01,11.89,3.28,80.98,Multivariate Telemetry Anomaly,-0.0017
2026-06-07 07:30:00,Site_A,Bldg_A1,Chiller_Bldg_A1_01,12.01,3.464,82.66,Multivariate Telemetry Anomaly,-0.0084
2026-06-07 07:45:00,Site_A,Bldg_A1,Chiller_Bldg_A1_01,13.21,3.003,83.81,Multivariate Telemetry Anomaly,-0.0101
2026-06-07 08:00:00,Site_A,Bldg_A1,Chiller_Bldg_A1_01,12.92,3.641,83.9,Multivariate Telemetry Anomaly,-0.015
2026-06-07 08:15:00,Site_A,Bldg_A1,Chiller_Bldg_A1_01,13.59,3.678,81.8,Multivariate Telemetry Anomaly,-0.011
2026-06-07 08:30:00,Site_A,Bldg_A1,Chiller_Bldg_A1_01,14.64,3.498,86.3,Multivariate Telemetry Anomaly,-0.0182
2026-06-07 08:45:00,Site_A,Bldg_A1,Chiller_Bldg_A1_01,14.24,3.61,86.84,Multivariate Telemetry Anomaly,-0.0124
2026-06-07 09:15:00,Site_A,Bldg_A1,Chiller_Bldg_A1_01,14.86,3.632,86.76,Multivariate Telemetry Anomaly,-0.0157
2026-06-07 09:30:00,Site_A,Bldg_A1,Chiller_Bldg_A1_01,14.22,3.999,81.99,Multivariate Telemetry Anomaly,-0.036
2026-06-07 09:45:00,Site_A,Bldg_A1,Chiller_Bldg_A1_01,14.45,3.455,87.58,Multivariate Telemetry Anomaly,-0.0075
2026-06-07 10:00:00,Site_A,Bldg_A1,Chiller_Bldg_A1_01,14.56,3.713,83.94,Multivariate Telemetry Anomaly,-0.0104
2026-06-07 10:15:00,Site_A,Bldg_A1,Chiller_Bldg_A1_01,14.94,3.722,86.97,Multivariate Telemetry Anomaly,-0.0209
2026-06-07 10:30:00,Site_A,Bldg_A1,Chiller_Bldg_A1_01,15.1,3.447,86.47,Multivariate Telemetry Anomaly,-0.0089
2026-06-07 10:45:00,Site_A,Bldg_A1,Chiller_Bldg_A1_01,14.44,4.156,84.38,Multivariate Telemetry Anomaly,-0.0173
2026-06-07 11:00:00,Site_A,Bldg_A1,Chiller_Bldg_A1_01,15.23,3.545,90.44,Multivariate Telemetry Anomaly,-0.0144
2026-06-07 11:15:00,Site_A,Bldg_A1,Chiller_Bldg_A1_01,15.99,4.043,88.27,Multivariate Telemetry Anomaly,-0.0162
2026-06-07 11:30:00,Site_A,Bldg_A1,Chiller_Bldg_A1_01,15.87,3.854,87.48,Multivariate Telemetry Anomaly,-0.017
2026-06-07 11:45:00,Site_A,Bldg_A1,Chiller_Bldg_A1_01,15.61,3.861,84.6,Multivariate Telemetry Anomaly,-0.0215
2026-06-07 12:00:00,Site_A,Bldg_A1,Chiller_Bldg_A1_01,16.19,4.038,89.58,Multivariate Telemetry Anomaly,-0.0296
2026-06-07 12:15:00,Site_A,Bldg_A1,Chiller_Bldg_A1_01,15.0,4.152,90.32,Multivariate Telemetry Anomaly,-0.0273
2026-06-07 12:30:00,Site_A,Bldg_A1,Chiller_Bldg_A1_01,15.43,4.2,90.04,Multivariate Telemetry Anomaly,-0.0347
2026-06-07 12:45:00,Site_A,Bldg_A1,Chiller_Bldg_A1_01,15.61,4.281,89.15,Multivariate Telemetry Anomaly,-0.0195
2026-06-07 13:00:00,Site_A,Bldg_A1,Chiller_Bldg_A1_01,15.4,4.234,90.09,Multivariate Telemetry Anomaly,-0.0244
2026-06-07 13:15:00,Site_A,Bldg_A1,Chiller_Bldg_A1_01,15.45,3.674,92.83,Multivariate Telemetry Anomaly,-0.0201
2026-06-07 13:30:00,Site_A,Bldg_A1,Chiller_Bldg_A1_01,15.59,4.129,94.15,Multivariate Telemetry Anomaly,-0.0281
2026-06-07 13:45:00,Site_A,Bldg_A1,Chiller_Bldg_A1_01,15.57,4.114,95.06,Multivariate Telemetry Anomaly,-0.0306
2026-06-07 14:00:00,Site_A,Bldg_A1,Chiller_Bldg_A1_01,16.28,4.142,93.72,Multivariate Telemetry Anomaly,-0.023
2026-06-07 14:15:00,Site_A,Bldg_A1,Chiller_Bldg_A1_01,16.72,4.276,93.3,Multivariate Telemetry Anomaly,-0.0265
2026-06-07 14:30:00,Site_A,Bldg_A1,Chiller_Bldg_A1_01,16.55,3.899,96.05,Multivariate Telemetry Anomaly,-0.017
2026-06-07 14:45:00,Site_A,Bldg_A1,Chiller_Bldg_A1_01,16.38,4.12,94.22,Multivariate Telemetry Anomaly,-0.0226
2026-06-07 15:00:00,Site_A,Bldg_A1,Chiller_Bldg_A1_01,15.88,4.727,96.21,Multivariate Telemetry Anomaly,-0.0329
2026-06-07 15:15:00,Site_A,Bldg_A1,Chiller_Bldg_A1_01,15.51,4.412,96.49,Multivariate Telemetry Anomaly,-0.0423
2026-06-07 15:30:00,Site_A,Bldg_A1,Chiller_Bldg_A1_01,15.13,4.69,93.3,Multivariate Telemetry Anomaly,-0.0385
2026-06-07 15:45:00,Site_A,Bldg_A1,Chiller_Bldg_A1_01,16.23,4.416,92.37,Multivariate Telemetry Anomaly,-0.039
2026-06-07 16:00:00,Site_A,Bldg_A1,Chiller_Bldg_A1_01,15.48,4.387,99.15,Multivariate Telemetry Anomaly,-0.0437
2026-06-07 16:15:00,Site_A,Bldg_A1,Chiller_Bldg_A1_01,16.88,4.517,101.02,Multivariate Telemetry Anomaly,-0.04
2026-06-07 16:30:00,Site_A,Bldg_A1,Chiller_Bldg_A1_01,16.13,4.622,96.8,Multivariate Telemetry Anomaly,-0.0305
2026-06-07 16:45:00,Site_A,Bldg_A1,Chiller_Bldg_A1_01,16.07,4.137,98.56,Multivariate Telemetry Anomaly,-0.0386
2026-06-07 17:00:00,Site_A,Bldg_A1,Chiller_Bldg_A1_01,15.57,4.308,94.71,Multivariate Telemetry Anomaly,-0.0317
2026-06-07 17:15:00,Site_A,Bldg_A1,Chiller_Bldg_A1_01,15.68,4.359,96.42,Multivariate Telemetry Anomaly,-0.0306
2026-06-07 17:30:00,Site_A,Bldg_A1,Chiller_Bldg_A1_01,15.58,4.847,98.65,Excessive Vibration,-0.0414
2026-06-07 17:45:00,Site_A,Bldg_A1,Chiller_Bldg_A1_01,15.25,4.181,97.83,Multivariate Telemetry Anomaly,-0.0283
2026-06-07 18:00:00,Site_A,Bldg_A1,Chiller_Bldg_A1_01,15.54,4.332,102.42,Multivariate Telemetry Anomaly,-0.0384
2026-06-07 18:15:00,Site_A,Bldg_A1,Chiller_Bldg_A1_01,16.2,4.67,99.76,Multivariate Telemetry Anomaly,-0.042
2026-06-07 18:30:00,Site_A,Bldg_A1,Chiller_Bldg_A1_01,14.67,4.681,101.04,Multivariate Telemetry Anomaly,-0.0484
2026-06-07 18:45:00,Site_A,Bldg_A1,Chiller_Bldg_A1_01,15.13,4.619,104.05,Multivariate Telemetry Anomaly,-0.0323
2026-06-07 19:00:00,Site_A,Bldg_A1,Chiller_Bldg_A1_01,14.66,5.227,101.92,Excessive Vibration,-0.0452
2026-06-07 19:15:00,Site_A,Bldg_A1,Chiller_Bldg_A1_01,15.21,4.617,100.58,Multivariate Telemetry Anomaly,-0.0394
2026-06-07 19:30:00,Site_A,Bldg_A1,Chiller_Bldg_A1_01,15.88,4.824,105.8,Excessive Vibration,-0.0352
2026-06-07 19:45:00,Site_A,Bldg_A1,Chiller_Bldg_A1_01,15.34,4.681,103.05,Multivariate Telemetry Anomaly,-0.0445
2026-06-07 20:00:00,Site_A,Bldg_A1,Chiller_Bldg_A1_01,15.9,4.832,106.38,Excessive Vibration,-0.0507
2026-06-07 20:15:00,Site_A,Bldg_A1,Chiller_Bldg_A1_01,14.87,4.825,102.6,Excessive Vibration,-0.0524
2026-06-07 20:30:00,Site_A,Bldg_A1,Chiller_Bldg_A1_01,14.81,5.151,104.58,Excessive Vibration,-0.0445
2026-06-07 20:45:00,Site_A,Bldg_A1,Chiller_Bldg_A1_01,14.43,4.96,105.25,Excessive Vibration,-0.055
2026-06-07 21:00:00,Site_A,Bldg_A1,Chiller_Bldg_A1_01,14.77,5.369,108.34,Excessive Vibration,-0.0563
2026-06-07 21:15:00,Site_A,Bldg_A1,Chiller_Bldg_A1_01,15.59,5.096,107.98,Excessive Vibration,-0.0505
2026-06-07 21:30:00,Site_A,Bldg_A1,Chiller_Bldg_A1_01,14.66,5.279,101.6,Excessive Vibration,-0.0465
2026-06-07 21:45:00,Site_A,Bldg_A1,Chiller_Bldg_A1_01,15.01,4.966,105.61,Excessive Vibration,-0.0409
2026-06-07 22:00:00,Site_A,Bldg_A1,Chiller_Bldg_A1_01,14.06,5.084,105.64,Excessive Vibration,-0.0546
2026-06-07 22:15:00,Site_A,Bldg_A1,Chiller_Bldg_A1_01,15.05,5.14,101.7,Excessive Vibration,-0.0508
2026-06-07 22:30:00,Site_A,Bldg_A1,Chiller_Bldg_A1_01,14.7,5.168,106.05,Excessive Vibration,-0.0469
2026-06-07 22:45:00,Site_A,Bldg_A1,Chiller_Bldg_A1_01,14.14,5.061,105.98,Excessive Vibration,-0.0494
2026-06-07 23:00:00,Site_A,Bldg_A1,Chiller_Bldg_A1_01,14.29,5.11,108.74,Excessive Vibration,-0.0462
2026-06-07 23:15:00,Site_A,Bldg_A1,Chiller_Bldg_A1_01,13.8,5.117,111.93,Excessive Vibration,-0.0471
2026-06-07 23:30:00,Site_A,Bldg_A1,Chiller_Bldg_A1_01,15.42,5.621,109.16,Excessive Vibration,-0.0538
2026-06-07 23:45:00,Site_A,Bldg_A1,Chiller_Bldg_A1_01,13.73,5.155,107.62,Excessive Vibration,-0.0477
2026-06-08 00:00:00,Site_A,Bldg_A1,Chiller_Bldg_A1_01,20.8,4.684,85.82,Multivariate Telemetry Anomaly,-0.0614
2026-06-08 00:15:00,Site_A,Bldg_A1,Chiller_Bldg_A1_01,29.47,4.565,98.14,Abnormal Temperature,-0.0665
2026-06-08 00:30:00,Site_A,Bldg_A1,Chiller_Bldg_A1_01,28.11,5.979,100.08,"Excessive Vibration, Abnormal Temperature",-0.0659
2026-06-08 00:45:00,Site_A,Bldg_A1,Chiller_Bldg_A1_01,23.04,4.59,81.9,Multivariate Telemetry Anomaly,-0.0543
2026-06-08 01:00:00,Site_A,Bldg_A1,Chiller_Bldg_A1_01,21.5,3.605,100.72,Multivariate Telemetry Anomaly,-0.047
2026-06-08 01:15:00,Site_A,Bldg_A1,Chiller_Bldg_A1_01,27.03,5.572,79.64,"Excessive Vibration, Abnormal Temperature",-0.0608
2026-06-08 01:30:00,Site_A,Bldg_A1,Chiller_Bldg_A1_01,28.92,4.327,112.51,Abnormal Temperature,-0.0621
2026-06-08 01:45:00,Site_A,Bldg_A1,Chiller_Bldg_A1_01,26.18,4.04,93.03,Abnormal Temperature,-0.0435
2026-06-08 02:00:00,Site_A,Bldg_A1,Chiller_Bldg_A1_01,22.9,6.343,109.65,Excessive Vibration,-0.0494
2026-06-08 02:15:00,Site_A,Bldg_A1,Chiller_Bldg_A1_01,25.35,4.232,90.42,Abnormal Temperature,-0.0612
2026-06-08 02:30:00,Site_A,Bldg_A1,Chiller_Bldg_A1_01,21.73,4.995,114.08,Excessive Vibration,-0.0674
2026-06-08 02:45:00,Site_A,Bldg_A1,Chiller_Bldg_A1_01,21.26,4.535,95.87,Multivariate Telemetry Anomaly,-0.0683
2026-06-08 03:00:00,Site_A,Bldg_A1,Chiller_Bldg_A1_01,29.83,5.53,105.06,"Excessive Vibration, Abnormal Temperature",-0.0468
2026-06-08 03:15:00,Site_A,Bldg_A1,Chiller_Bldg_A1_01,27.8,4.546,111.71,Abnormal Temperature,-0.0704
2026-06-08 03:30:00,Site_A,Bldg_A1,Chiller_Bldg_A1_01,22.01,4.761,115.75,Excessive Vibration,-0.0607
2026-06-08 03:45:00,Site_A,Bldg_A1,Chiller_Bldg_A1_01,29.62,5.286,87.8,"Excessive Vibration, Abnormal Temperature",-0.0569
2026-06-08 04:00:00,Site_A,Bldg_A1,Chiller_Bldg_A1_01,22.32,5.927,75.16,Excessive Vibration,-0.0347
2026-06-08 04:15:00,Site_A,Bldg_A1,Chiller_Bldg_A1_01,29.66,4.211,93.55,Abnormal Temperature,-0.0567
2026-06-08 04:30:00,Site_A,Bldg_A1,Chiller_Bldg_A1_01,31.38,4.113,101.39,Abnormal Temperature,-0.0443
2026-06-08 04:45:00,Site_A,Bldg_A1,Chiller_Bldg_A1_01,23.33,4.056,78.96,Multivariate Telemetry Anomaly,-0.0416
2026-06-08 05:00:00,Site_A,Bldg_A1,Chiller_Bldg_A1_01,30.8,4.284,69.07,Abnormal Temperature,-0.0373
2026-06-08 05:15:00,Site_A,Bldg_A1,Chiller_Bldg_A1_01,21.5,3.842,115.27,Multivariate Telemetry Anomaly,-0.0362
2026-06-08 05:30:00,Site_A,Bldg_A1,Chiller_Bldg_A1_01,27.34,6.028,84.38,"Excessive Vibration, Abnormal Temperature",-0.0575
2026-06-08 05:45:00,Site_A,Bldg_A1,Chiller_Bldg_A1_01,22.57,3.637,81.35,Multivariate Telemetry Anomaly,-0.0243
2026-06-08 06:00:00,Site_A,Bldg_A1,Chiller_Bldg_A1_01,26.59,6.185,111.66,"Excessive Vibration, Abnormal Temperature",-0.048
2026-06-08 06:15:00,Site_A,Bldg_A1,Chiller_Bldg_A1_01,30.24,5.186,86.15,"Excessive Vibration, Abnormal Temperature",-0.0481
2026-06-08 06:30:00,Site_A,Bldg_A1,Chiller_Bldg_A1_01,26.95,5.261,114.18,"Excessive Vibration, Abnormal Temperature",-0.0575
2026-06-08 06:45:00,Site_A,Bldg_A1,Chiller_Bldg_A1_01,24.15,5.31,75.03,"Excessive Vibration, Abnormal Temperature",-0.0382
2026-06-08 07:00:00,Site_A,Bldg_A1,Chiller_Bldg_A1_01,31.7,5.338,105.98,"Excessive Vibration, Abnormal Temperature",-0.0505
2026-06-08 07:15:00,Site_A,Bldg_A1,Chiller_Bldg_A1_01,29.28,5.519,119.12,"Excessive Vibration, Abnormal Temperature",-0.0542
2026-06-08 07:30:00,Site_A,Bldg_A1,Chiller_Bldg_A1_01,24.21,5.074,110.86,"Excessive Vibration, Abnormal Temperature",-0.0347
2026-06-08 07:45:00,Site_A,Bldg_A1,Chiller_Bldg_A1_01,22.34,4.813,77.31,Excessive Vibration,-0.0332
2026-06-08 08:00:00,Site_A,Bldg_A1,Chiller_Bldg_A1_01,29.07,7.8,213.16,"Excessive Vibration, Abnormal Temperature",-0.0586
2026-06-08 08:15:00,Site_A,Bldg_A1,Chiller_Bldg_A1_01,34.25,5.34,292.06,"Excessive Vibration, Abnormal Temperature",-0.0776
2026-06-08 08:30:00,Site_A,Bldg_A1,Chiller_Bldg_A1_01,26.26,7.314,210.43,"Excessive Vibration, Abnormal Temperature",-0.0546
2026-06-08 08:45:00,Site_A,Bldg_A1,Chiller_Bldg_A1_01,27.47,4.364,198.38,Abnormal Temperature,-0.0456
2026-06-08 09:00:00,Site_A,Bldg_A1,Chiller_Bldg_A1_01,28.54,7.382,273.15,"Excessive Vibration, Abnormal Temperature",-0.0759
2026-06-08 09:15:00,Site_A,Bldg_A1,Chiller_Bldg_A1_01,30.07,4.976,255.16,"Excessive Vibration, Abnormal Temperature",-0.0841
2026-06-08 09:30:00,Site_A,Bldg_A1,Chiller_Bldg_A1_01,25.94,6.097,262.04,"Excessive Vibration, Abnormal Temperature",-0.0696
2026-06-08 09:45:00,Site_A,Bldg_A1,Chiller_Bldg_A1_01,29.2,6.411,348.89,"Sudden Power Spike, Excessive Vibration, Abnormal Temperature",-0.0826
2026-06-08 10:00:00,Site_A,Bldg_A1,Chiller_Bldg_A1_01,31.14,4.854,282.23,"Excessive Vibration, Abnormal Temperature",-0.0763
2026-06-08 10:15:00,Site_A,Bldg_A1,Chiller_Bldg_A1_01,34.06,4.888,302.39,"Excessive Vibration, Abnormal Temperature",-0.0757
2026-06-08 10:30:00,Site_A,Bldg_A1,Chiller_Bldg_A1_01,30.37,5.974,361.64,"Sudden Power Spike, Excessive Vibration, Abnormal Temperature",-0.0811
2026-06-08 10:45:00,Site_A,Bldg_A1,Chiller_Bldg_A1_01,31.35,5.429,288.5,"Excessive Vibration, Abnormal Temperature",-0.0739
2026-06-08 11:00:00,Site_A,Bldg_A1,Chiller_Bldg_A1_01,26.17,6.944,301.39,"Excessive Vibration, Abnormal Temperature",-0.068
2026-06-08 11:15:00,Site_A,Bldg_A1,Chiller_Bldg_A1_01,34.98,6.351,333.96,"Sudden Power Spike, Excessive Vibration, Abnormal Temperature",-0.0818
2026-06-08 11:30:00,Site_A,Bldg_A1,Chiller_Bldg_A1_01,36.99,6.473,319.23,"Sudden Power Spike, Excessive Vibration, Abnormal Temperature",-0.0817
2026-06-08 11:45:00,Site_A,Bldg_A1,Chiller_Bldg_A1_01,32.67,6.802,260.27,"Excessive Vibration, Abnormal Temperature",-0.0772
2026-06-08 12:00:00,Site_A,Bldg_A1,Chiller_Bldg_A1_01,27.78,7.326,292.54,"Excessive Vibration, Abnormal Temperature",-0.0817
2026-06-08 12:15:00,Site_A,Bldg_A1,Chiller_Bldg_A1_01,33.99,6.041,401.77,"Sudden Power Spike, Excessive Vibration, Abnormal Temperature",-0.0888
2026-06-08 12:30:00,Site_A,Bldg_A1,Chiller_Bldg_A1_01,32.58,8.086,392.63,"Sudden Power Spike, Excessive Vibration, Abnormal Temperature",-0.08
2026-06-08 12:45:00,Site_A,Bldg_A1,Chiller_Bldg_A1_01,27.7,7.151,382.5,"Sudden Power Spike, Excessive Vibration, Abnormal Temperature",-0.0829
2026-06-08 13:00:00,Site_A,Bldg_A1,Chiller_Bldg_A1_01,32.83,5.901,302.76,"Excessive Vibration, Abnormal Temperature",-0.0799
2026-06-08 13:15:00,Site_A,Bldg_A1,Chiller_Bldg_A1_01,31.67,6.011,298.69,"Excessive Vibration, Abnormal Temperature",-0.0793
2026-06-08 13:30:00,Site_A,Bldg_A1,Chiller_Bldg_A1_01,30.71,7.378,354.5,"Sudden Power Spike, Excessive Vibration, Abnormal Temperature",-0.086
2026-06-08 13:45:00,Site_A,Bldg_A1,Chiller_Bldg_A1_01,24.86,5.009,330.49,"Sudden Power Spike, Excessive Vibration, Abnormal Temperature",-0.0689
2026-06-08 14:00:00,Site_A,Bldg_A1,Chiller_Bldg_A1_01,33.13,5.001,342.56,"Sudden Power Spike, Excessive Vibration, Abnormal Temperature",-0.0831
2026-06-08 14:15:00,Site_A,Bldg_A1,Chiller_Bldg_A1_01,32.72,5.667,312.16,"Sudden Power Spike, Excessive Vibration, Abnormal Temperature",-0.0766
2026-06-08 14:30:00,Site_A,Bldg_A1,Chiller_Bldg_A1_01,31.28,6.074,306.18,"Sudden Power Spike, Excessive Vibration, Abnormal Temperature",-0.0782
2026-06-08 14:45:00,Site_A,Bldg_A1,Chiller_Bldg_A1_01,33.2,7.176,323.3,"Sudden Power Spike, Excessive Vibration, Abnormal Temperature",-0.0855
2026-06-08 15:00:00,Site_A,Bldg_A1,Chiller_Bldg_A1_01,33.3,5.987,329.21,"Sudden Power Spike, Excessive Vibration, Abnormal Temperature",-0.0749
2026-06-08 15:15:00,Site_A,Bldg_A1,Chiller_Bldg_A1_01,32.21,5.763,383.47,"Sudden Power Spike, Excessive Vibration, Abnormal Temperature",-0.0767
2026-06-08 15:30:00,Site_A,Bldg_A1,Chiller_Bldg_A1_01,32.55,5.493,353.16,"Sudden Power Spike, Excessive Vibration, Abnormal Temperature",-0.0802
2026-06-08 15:45:00,Site_A,Bldg_A1,Chiller_Bldg_A1_01,34.63,7.526,309.59,"Sudden Power Spike, Excessive Vibration, Abnormal Temperature",-0.0822
2026-06-08 16:00:00,Site_A,Bldg_A1,Chiller_Bldg_A1_01,32.89,5.965,365.39,"Sudden Power Spike, Excessive Vibration, Abnormal Temperature",-0.0771
2026-06-08 16:15:00,Site_A,Bldg_A1,Chiller_Bldg_A1_01,30.17,6.075,235.33,"Excessive Vibration, Abnormal Temperature",-0.0742
2026-06-08 16:30:00,Site_A,Bldg_A1,Chiller_Bldg_A1_01,34.91,7.095,235.33,"Excessive Vibration, Abnormal Temperature",-0.0791
2026-06-08 16:45:00,Site_A,Bldg_A1,Chiller_Bldg_A1_01,27.49,6.468,344.71,"Sudden Power Spike, Excessive Vibration, Abnormal Temperature",-0.0727
2026-06-08 17:00:00,Site_A,Bldg_A1,Chiller_Bldg_A1_01,29.07,5.961,244.58,"Excessive Vibration, Abnormal Temperature",-0.0725
2026-06-08 17:15:00,Site_A,Bldg_A1,Chiller_Bldg_A1_01,33.27,6.272,218.1,"Excessive Vibration, Abnormal Temperature",-0.068
2026-06-08 17:30:00,Site_A,Bldg_A1,Chiller_Bldg_A1_01,33.12,5.77,298.91,"Excessive Vibration, Abnormal Temperature",-0.0777
2026-06-08 17:45:00,Site_A,Bldg_A1,Chiller_Bldg_A1_01,24.09,5.438,267.14,"Excessive Vibration, Abnormal Temperature",-0.074
2026-06-08 18:00:00,Site_A,Bldg_A1,Chiller_Bldg_A1_01,26.28,5.304,290.82,"Excessive Vibration, Abnormal Temperature",-0.0893
2026-06-08 18:15:00,Site_A,Bldg_A1,Chiller_Bldg_A1_01,27.27,6.573,310.31,"Sudden Power Spike, Excessive Vibration, Abnormal Temperature",-0.0832
2026-06-08 18:30:00,Site_A,Bldg_A1,Chiller_Bldg_A1_01,28.35,4.549,319.78,"Sudden Power Spike, Abnormal Temperature",-0.084
2026-06-08 18:45:00,Site_A,Bldg_A1,Chiller_Bldg_A1_01,28.47,8.067,266.97,"Excessive Vibration, Abnormal Temperature",-0.0821
2026-06-08 19:00:00,Site_A,Bldg_A1,Chiller_Bldg_A1_01,26.56,5.926,103.81,"Excessive Vibration, Abnormal Temperature",-0.0579
2026-06-08 19:15:00,Site_A,Bldg_A1,Chiller_Bldg_A1_01,21.63,4.253,87.78,Multivariate Telemetry Anomaly,-0.037
2026-06-08 19:30:00,Site_A,Bldg_A1,Chiller_Bldg_A1_01,23.87,5.062,86.45,"Excessive Vibration, Abnormal Temperature",-0.0481
2026-06-08 19:45:00,Site_A,Bldg_A1,Chiller_Bldg_A1_01,27.7,4.348,110.09,Abnormal Temperature,-0.0493
2026-06-08 20:00:00,Site_A,Bldg_A1,Chiller_Bldg_A1_01,25.62,5.009,85.14,"Excessive Vibration, Abnormal Temperature",-0.0631
2026-06-08 20:15:00,Site_A,Bldg_A1,Chiller_Bldg_A1_01,30.01,5.11,84.12,"Excessive Vibration, Abnormal Temperature",-0.0406
2026-06-08 20:30:00,Site_A,Bldg_A1,Chiller_Bldg_A1_01,23.99,5.686,107.37,"Excessive Vibration, Abnormal Temperature",-0.0596
2026-06-08 20:45:00,Site_A,Bldg_A1,Chiller_Bldg_A1_01,27.85,5.98,83.21,"Excessive Vibration, Abnormal Temperature",-0.0531
2026-06-08 21:00:00,Site_A,Bldg_A1,Chiller_Bldg_A1_01,28.12,4.207,84.07,Abnormal Temperature,-0.0495
2026-06-08 21:15:00,Site_A,Bldg_A1,Chiller_Bldg_A1_01,24.99,4.306,93.86,Abnormal Temperature,-0.0492
2026-06-08 21:30:00,Site_A,Bldg_A1,Chiller_Bldg_A1_01,27.41,6.378,95.91,"Excessive Vibration, Abnormal Temperature",-0.0682
2026-06-08 21:45:00,Site_A,Bldg_A1,Chiller_Bldg_A1_01,28.12,4.626,109.69,Abnormal Temperature,-0.0599
2026-06-08 22:00:00,Site_A,Bldg_A1,Chiller_Bldg_A1_01,31.14,4.061,84.88,Abnormal Temperature,-0.0424
2026-06-08 22:15:00,Site_A,Bldg_A1,Chiller_Bldg_A1_01,24.6,5.03,92.36,"Excessive Vibration, Abnormal Temperature",-0.0624
2026-06-08 22:30:00,Site_A,Bldg_A1,Chiller_Bldg_A1_01,25.04,5.924,76.48,"Excessive Vibration, Abnormal Temperature",-0.057
2026-06-08 22:45:00,Site_A,Bldg_A1,Chiller_Bldg_A1_01,23.58,5.833,119.77,Excessive Vibration,-0.0686
2026-06-08 23:00:00,Site_A,Bldg_A1,Chiller_Bldg_A1_01,19.43,4.282,64.37,Multivariate Telemetry Anomaly,-0.0374
2026-06-08 23:15:00,Site_A,Bldg_A1,Chiller_Bldg_A1_01,23.63,3.731,80.87,Multivariate Telemetry Anomaly,-0.0356
2026-06-08 23:30:00,Site_A,Bldg_A1,Chiller_Bldg_A1_01,28.85,4.627,117.56,Abnormal Temperature,-0.0701
2026-06-08 23:45:00,Site_A,Bldg_A1,Chiller_Bldg_A1_01,25.47,4.271,107.0,Abnormal Temperature,-0.0595
2026-06-09 00:00:00,Site_A,Bldg_A1,Chiller_Bldg_A1_01,25.79,5.012,71.45,"Excessive Vibration, Abnormal Temperature",-0.0625
2026-06-13 00:30:00,Site_A,Bldg_A1,Chiller_Bldg_A1_01,4.44,0.759,46.44,Multivariate Telemetry Anomaly,-0.0023
2026-06-16 01:15:00,Site_A,Bldg_A1,Chiller_Bldg_A1_01,4.53,0.811,46.55,Multivariate Telemetry Anomaly,-0.001
2026-06-25 23:15:00,Site_A,Bldg_A1,Chiller_Bldg_A1_01,5.17,0.812,44.24,Multivariate Telemetry Anomaly,-0.0071
2026-06-04 00:00:00,Site_A,Bldg_A1,Chiller_Bldg_A1_02,4.9,0.822,48.44,Multivariate Telemetry Anomaly,-0.0019
2026-06-12 01:30:00,Site_A,Bldg_A1,Chiller_Bldg_A1_02,4.05,0.884,44.41,Multivariate Telemetry Anomaly,-0.017
2026-06-16 11:45:00,Site_A,Bldg_A1,Chiller_Bldg_A1_02,10.61,1.299,155.5,Multivariate Telemetry Anomaly,-0.0097
2026-06-25 00:30:00,Site_A,Bldg_A1,Chiller_Bldg_A1_02,4.22,0.811,47.77,Multivariate Telemetry Anomaly,-0.0043
2026-06-04 11:45:00,Site_A,Bldg_A2,Chiller_Bldg_A2_01,11.19,1.279,224.1,Multivariate Telemetry Anomaly,-0.0088
2026-06-05 12:00:00,Site_A,Bldg_A2,Chiller_Bldg_A2_01,10.09,1.274,231.35,Multivariate Telemetry Anomaly,-0.0073
2026-06-05 12:45:00,Site_A,Bldg_A2,Chiller_Bldg_A2_01,10.42,1.216,230.29,Multivariate Telemetry Anomaly,-0.0011
2026-06-09 13:00:00,Site_A,Bldg_A2,Chiller_Bldg_A2_01,10.98,1.218,232.3,Multivariate Telemetry Anomaly,-0.0043
2026-06-10 12:30:00,Site_A,Bldg_A2,Chiller_Bldg_A2_01,10.56,1.209,230.61,Multivariate Telemetry Anomaly,-0.0039
2026-06-15 14:30:00,Site_A,Bldg_A2,Chiller_Bldg_A2_01,10.13,1.246,231.15,Multivariate Telemetry Anomaly,-0.0091
2026-06-17 12:30:00,Site_A,Bldg_A2,Chiller_Bldg_A2_01,11.15,1.248,228.44,Multivariate Telemetry Anomaly,-0.0062
2026-06-19 14:30:00,Site_A,Bldg_A2,Chiller_Bldg_A2_01,9.65,1.273,229.96,Multivariate Telemetry Anomaly,-0.0038
2026-06-23 11:45:00,Site_A,Bldg_A2,Chiller_Bldg_A2_01,11.42,1.241,228.03,Multivariate Telemetry Anomaly,-0.0121
2026-06-25 12:15:00,Site_A,Bldg_A2,Chiller_Bldg_A2_01,9.77,1.225,227.93,Multivariate Telemetry Anomaly,-0.0037
2026-06-30 10:30:00,Site_A,Bldg_A2,Chiller_Bldg_A2_01,10.92,1.211,218.7,Multivariate Telemetry Anomaly,-0.0127
2026-06-30 13:30:00,Site_A,Bldg_A2,Chiller_Bldg_A2_01,10.86,1.246,234.34,Multivariate Telemetry Anomaly,-0.0091
2026-06-02 12:45:00,Site_A,Bldg_A2,Chiller_Bldg_A2_02,11.38,1.291,233.71,Multivariate Telemetry Anomaly,-0.0211
2026-06-03 13:45:00,Site_A,Bldg_A2,Chiller_Bldg_A2_02,10.64,1.215,233.2,Multivariate Telemetry Anomaly,-0.0006
2026-06-05 12:30:00,Site_A,Bldg_A2,Chiller_Bldg_A2_02,9.84,1.24,231.84,Multivariate Telemetry Anomaly,-0.0008
2026-06-08 13:00:00,Site_A,Bldg_A2,Chiller_Bldg_A2_02,9.98,1.271,229.82,Multivariate Telemetry Anomaly,-0.0003
2026-06-08 13:30:00,Site_A,Bldg_A2,Chiller_Bldg_A2_02,10.55,1.354,233.6,Multivariate Telemetry Anomaly,-0.0162
2026-06-09 13:00:00,Site_A,Bldg_A2,Chiller_Bldg_A2_02,10.01,1.208,233.64,Multivariate Telemetry Anomaly,-0.0013
2026-06-10 12:00:00,Site_A,Bldg_A2,Chiller_Bldg_A2_02,10.82,1.262,234.58,Multivariate Telemetry Anomaly,-0.0031
2026-06-10 12:30:00,Site_A,Bldg_A2,Chiller_Bldg_A2_02,10.92,1.259,231.7,Multivariate Telemetry Anomaly,-0.0053
2026-06-11 11:00:00,Site_A,Bldg_A2,Chiller_Bldg_A2_02,11.07,1.224,225.41,Multivariate Telemetry Anomaly,-0.0032
2026-06-11 12:15:00,Site_A,Bldg_A2,Chiller_Bldg_A2_02,10.75,1.238,230.38,Multivariate Telemetry Anomaly,-0.0123
2026-06-17 01:00:00,Site_A,Bldg_A2,Chiller_Bldg_A2_02,4.55,1.087,64.2,Multivariate Telemetry Anomaly,-0.0011
2026-06-17 11:00:00,Site_A,Bldg_A2,Chiller_Bldg_A2_02,11.08,1.252,224.21,Multivariate Telemetry Anomaly,-0.0026
2026-06-18 11:45:00,Site_A,Bldg_A2,Chiller_Bldg_A2_02,11.2,1.263,224.1,Multivariate Telemetry Anomaly,-0.0169
2026-06-18 15:30:00,Site_A,Bldg_A2,Chiller_Bldg_A2_02,10.03,1.37,222.47,Multivariate Telemetry Anomaly,-0.0003
2026-06-19 12:45:00,Site_A,Bldg_A2,Chiller_Bldg_A2_02,9.79,1.288,228.71,Multivariate Telemetry Anomaly,-0.0068
2026-06-22 01:00:00,Site_A,Bldg_A2,Chiller_Bldg_A2_02,4.31,1.071,67.35,Multivariate Telemetry Anomaly,-0.0073
2026-06-03 12:00:00,Site_B,Bldg_B1,Chiller_Bldg_B1_01,10.13,1.286,205.13,Multivariate Telemetry Anomaly,-0.005
2026-06-04 12:00:00,Site_B,Bldg_B1,Chiller_Bldg_B1_01,8.93,1.232,205.32,Multivariate Telemetry Anomaly,-0.0034
2026-06-08 22:00:00,Site_B,Bldg_B1,Chiller_Bldg_B1_01,4.17,1.003,59.39,Multivariate Telemetry Anomaly,-0.0127
2026-06-15 14:15:00,Site_B,Bldg_B1,Chiller_Bldg_B1_01,10.04,1.312,204.73,Multivariate Telemetry Anomaly,-0.0042
2026-06-02 13:45:00,Site_B,Bldg_B1,Chiller_Bldg_B1_02,10.9,1.262,168.31,Multivariate Telemetry Anomaly,-0.0002
2026-06-16 12:45:00,Site_B,Bldg_B1,Chiller_Bldg_B1_02,10.85,1.294,163.88,Multivariate Telemetry Anomaly,-0.0011
2026-06-30 01:30:00,Site_B,Bldg_B1,Chiller_Bldg_B1_02,3.68,0.868,45.08,Multivariate Telemetry Anomaly,-0.0017
2026-06-01 14:15:00,Site_B,Bldg_B2,Chiller_Bldg_B2_02,10.89,1.209,228.38,Multivariate Telemetry Anomaly,-0.0001
2026-06-02 13:45:00,Site_B,Bldg_B2,Chiller_Bldg_B2_02,10.83,1.266,232.56,Multivariate Telemetry Anomaly,-0.0046
2026-06-03 11:00:00,Site_B,Bldg_B2,Chiller_Bldg_B2_02,9.78,1.199,224.24,Multivariate Telemetry Anomaly,-0.0026
2026-06-04 12:00:00,Site_B,Bldg_B2,Chiller_Bldg_B2_02,9.7,1.232,229.12,Multivariate Telemetry Anomaly,-0.0164
2026-06-04 12:15:00,Site_B,Bldg_B2,Chiller_Bldg_B2_02,9.66,1.278,230.88,Multivariate Telemetry Anomaly,-0.0215
2026-06-11 12:30:00,Site_B,Bldg_B2,Chiller_Bldg_B2_02,9.43,1.247,230.39,Multivariate Telemetry Anomaly,-0.0038
2026-06-11 13:00:00,Site_B,Bldg_B2,Chiller_Bldg_B2_02,9.26,1.256,230.03,Multivariate Telemetry Anomaly,-0.0016
2026-06-11 15:15:00,Site_B,Bldg_B2,Chiller_Bldg_B2_02,11.28,1.263,227.55,Multivariate Telemetry Anomaly,-0.0293
2026-06-17 12:00:00,Site_B,Bldg_B2,Chiller_Bldg_B2_02,10.41,1.259,232.12,Multivariate Telemetry Anomaly,-0.014
2026-06-17 12:45:00,Site_B,Bldg_B2,Chiller_Bldg_B2_02,9.52,1.232,228.29,Multivariate Telemetry Anomaly,-0.0014
2026-06-17 13:15:00,Site_B,Bldg_B2,Chiller_Bldg_B2_02,10.26,1.302,232.59,Multivariate Telemetry Anomaly,-0.0031
2026-06-18 12:15:00,Site_B,Bldg_B2,Chiller_Bldg_B2_02,11.05,1.251,239.39,Multivariate Telemetry Anomaly,-0.0083
2026-06-18 13:30:00,Site_B,Bldg_B2,Chiller_Bldg_B2_02,11.42,1.189,233.01,Multivariate Telemetry Anomaly,-0.0081
2026-06-22 13:15:00,Site_B,Bldg_B2,Chiller_Bldg_B2_02,10.87,1.209,232.72,Multivariate Telemetry Anomaly,-0.0142
2026-06-24 12:15:00,Site_B,Bldg_B2,Chiller_Bldg_B2_02,11.1,1.231,232.69,Multivariate Telemetry Anomaly,-0.0027
2026-06-25 13:45:00,Site_B,Bldg_B2,Chiller_Bldg_B2_02,9.41,1.256,234.06,Multivariate Telemetry Anomaly,-0.0072
2026-06-26 14:15:00,Site_B,Bldg_B2,Chiller_Bldg_B2_02,10.86,1.448,236.15,Multivariate Telemetry Anomaly,-0.0101
2026-06-26 14:30:00,Site_B,Bldg_B2,Chiller_Bldg_B2_02,11.18,1.862,239.47,Multivariate Telemetry Anomaly,-0.0088
2026-06-26 15:45:00,Site_B,Bldg_B2,Chiller_Bldg_B2_02,11.44,1.712,236.61,Multivariate Telemetry Anomaly,-0.0007
2026-06-26 17:00:00,Site_B,Bldg_B2,Chiller_Bldg_B2_02,10.79,1.933,209.53,Multivariate Telemetry Anomaly,-0.0076
2026-06-26 18:00:00,Site_B,Bldg_B2,Chiller_Bldg_B2_02,9.96,1.927,195.87,Multivariate Telemetry Anomaly,-0.0016
2026-06-26 18:15:00,Site_B,Bldg_B2,Chiller_Bldg_B2_02,11.1,1.854,198.39,Multivariate Telemetry Anomaly,-0.0164
2026-06-26 20:00:00,Site_B,Bldg_B2,Chiller_Bldg_B2_02,7.91,1.741,86.82,Multivariate Telemetry Anomaly,-0.0052
2026-06-26 20:30:00,Site_B,Bldg_B2,Chiller_Bldg_B2_02,8.65,2.222,88.19,Multivariate Telemetry Anomaly,-0.0145
2026-06-26 21:15:00,Site_B,Bldg_B2,Chiller_Bldg_B2_02,8.3,2.296,90.71,Multivariate Telemetry Anomaly,-0.0167
2026-06-26 21:30:00,Site_B,Bldg_B2,Chiller_Bldg_B2_02,8.31,2.176,89.13,Multivariate Telemetry Anomaly,-0.004
2026-06-26 22:00:00,Site_B,Bldg_B2,Chiller_Bldg_B2_02,7.99,2.038,89.82,Multivariate Telemetry Anomaly,-0.0061
2026-06-26 22:15:00,Site_B,Bldg_B2,Chiller_Bldg_B2_02,7.42,1.855,94.73,Multivariate Telemetry Anomaly,-0.0136
2026-06-26 22:30:00,Site_B,Bldg_B2,Chiller_Bldg_B2_02,7.74,2.051,92.93,Multivariate Telemetry Anomaly,-0.0067
2026-06-26 22:45:00,Site_B,Bldg_B2,Chiller_Bldg_B2_02,7.03,2.359,92.88,Multivariate Telemetry Anomaly,-0.0178
2026-06-26 23:00:00,Site_B,Bldg_B2,Chiller_Bldg_B2_02,8.33,2.415,88.97,Multivariate Telemetry Anomaly,-0.0156
2026-06-26 23:15:00,Site_B,Bldg_B2,Chiller_Bldg_B2_02,8.69,2.354,94.48,Multivariate Telemetry Anomaly,-0.0061
2026-06-26 23:30:00,Site_B,Bldg_B2,Chiller_Bldg_B2_02,7.85,2.687,96.2,Multivariate Telemetry Anomaly,-0.0067
2026-06-26 23:45:00,Site_B,Bldg_B2,Chiller_Bldg_B2_02,8.76,2.366,100.22,Multivariate Telemetry Anomaly,-0.0014
2026-06-27 00:00:00,Site_B,Bldg_B2,Chiller_Bldg_B2_02,9.76,2.818,97.21,Multivariate Telemetry Anomaly,-0.0263
2026-06-27 00:15:00,Site_B,Bldg_B2,Chiller_Bldg_B2_02,8.61,1.881,98.11,Multivariate Telemetry Anomaly,-0.0163
2026-06-27 00:30:00,Site_B,Bldg_B2,Chiller_Bldg_B2_02,8.37,2.366,95.63,Multivariate Telemetry Anomaly,-0.0077
2026-06-27 00:45:00,Site_B,Bldg_B2,Chiller_Bldg_B2_02,8.55,2.22,99.42,Multivariate Telemetry Anomaly,-0.0224
2026-06-27 01:00:00,Site_B,Bldg_B2,Chiller_Bldg_B2_02,9.54,2.607,100.01,Multivariate Telemetry Anomaly,-0.0131
2026-06-27 01:15:00,Site_B,Bldg_B2,Chiller_Bldg_B2_02,8.4,2.523,101.38,Multivariate Telemetry Anomaly,-0.0042
2026-06-27 01:30:00,Site_B,Bldg_B2,Chiller_Bldg_B2_02,7.98,2.777,99.54,Multivariate Telemetry Anomaly,-0.0271
2026-06-27 01:45:00,Site_B,Bldg_B2,Chiller_Bldg_B2_02,9.57,2.452,103.88,Multivariate Telemetry Anomaly,-0.0186
2026-06-27 02:00:00,Site_B,Bldg_B2,Chiller_Bldg_B2_02,9.41,2.526,103.84,Multivariate Telemetry Anomaly,-0.0191
2026-06-27 02:15:00,Site_B,Bldg_B2,Chiller_Bldg_B2_02,8.76,2.542,103.75,Multivariate Telemetry Anomaly,-0.0156
2026-06-27 02:30:00,Site_B,Bldg_B2,Chiller_Bldg_B2_02,9.12,2.684,101.05,Multivariate Telemetry Anomaly,-0.0289
2026-06-27 02:45:00,Site_B,Bldg_B2,Chiller_Bldg_B2_02,9.97,2.697,107.22,Multivariate Telemetry Anomaly,-0.0107
2026-06-27 03:00:00,Site_B,Bldg_B2,Chiller_Bldg_B2_02,10.41,3.178,99.32,Multivariate Telemetry Anomaly,-0.0093
2026-06-27 03:15:00,Site_B,Bldg_B2,Chiller_Bldg_B2_02,10.47,2.574,106.37,Multivariate Telemetry Anomaly,-0.0001
2026-06-27 03:30:00,Site_B,Bldg_B2,Chiller_Bldg_B2_02,10.59,2.88,107.35,Multivariate Telemetry Anomaly,-0.0177
2026-06-27 04:00:00,Site_B,Bldg_B2,Chiller_Bldg_B2_02,11.08,2.858,107.9,Multivariate Telemetry Anomaly,-0.0256
2026-06-27 04:15:00,Site_B,Bldg_B2,Chiller_Bldg_B2_02,11.02,2.48,107.16,Multivariate Telemetry Anomaly,-0.0214
2026-06-27 04:30:00,Site_B,Bldg_B2,Chiller_Bldg_B2_02,9.82,2.945,105.34,Multivariate Telemetry Anomaly,-0.0105
2026-06-27 04:45:00,Site_B,Bldg_B2,Chiller_Bldg_B2_02,10.99,3.094,109.49,Multivariate Telemetry Anomaly,-0.0244
2026-06-27 05:00:00,Site_B,Bldg_B2,Chiller_Bldg_B2_02,11.61,3.098,110.32,Multivariate Telemetry Anomaly,-0.0273
2026-06-27 05:15:00,Site_B,Bldg_B2,Chiller_Bldg_B2_02,11.75,3.031,110.67,Multivariate Telemetry Anomaly,-0.019
2026-06-27 05:30:00,Site_B,Bldg_B2,Chiller_Bldg_B2_02,10.96,2.693,110.74,Multivariate Telemetry Anomaly,-0.0046
2026-06-27 05:45:00,Site_B,Bldg_B2,Chiller_Bldg_B2_02,10.57,3.072,111.45,Multivariate Telemetry Anomaly,-0.0318
2026-06-27 06:00:00,Site_B,Bldg_B2,Chiller_Bldg_B2_02,12.39,3.178,112.94,Multivariate Telemetry Anomaly,-0.0197
2026-06-27 06:15:00,Site_B,Bldg_B2,Chiller_Bldg_B2_02,11.84,2.905,111.2,Multivariate Telemetry Anomaly,-0.021
2026-06-27 06:30:00,Site_B,Bldg_B2,Chiller_Bldg_B2_02,12.11,2.998,116.21,Multivariate Telemetry Anomaly,-0.019
2026-06-27 06:45:00,Site_B,Bldg_B2,Chiller_Bldg_B2_02,11.77,3.573,114.26,Multivariate Telemetry Anomaly,-0.0283
2026-06-27 07:00:00,Site_B,Bldg_B2,Chiller_Bldg_B2_02,12.86,3.225,113.86,Multivariate Telemetry Anomaly,-0.0178
2026-06-27 07:15:00,Site_B,Bldg_B2,Chiller_Bldg_B2_02,13.13,3.634,117.82,Multivariate Telemetry Anomaly,-0.0283
2026-06-27 07:30:00,Site_B,Bldg_B2,Chiller_Bldg_B2_02,12.01,3.531,116.71,Multivariate Telemetry Anomaly,-0.0151
2026-06-27 07:45:00,Site_B,Bldg_B2,Chiller_Bldg_B2_02,12.31,3.605,114.3,Multivariate Telemetry Anomaly,-0.025
2026-06-27 08:00:00,Site_B,Bldg_B2,Chiller_Bldg_B2_02,13.97,3.226,120.6,Multivariate Telemetry Anomaly,-0.0155
2026-06-27 08:15:00,Site_B,Bldg_B2,Chiller_Bldg_B2_02,13.95,3.684,119.45,Multivariate Telemetry Anomaly,-0.0246
2026-06-27 08:30:00,Site_B,Bldg_B2,Chiller_Bldg_B2_02,13.98,3.151,119.22,Multivariate Telemetry Anomaly,-0.0118
2026-06-27 08:45:00,Site_B,Bldg_B2,Chiller_Bldg_B2_02,14.05,3.502,119.2,Multivariate Telemetry Anomaly,-0.0269
2026-06-27 09:00:00,Site_B,Bldg_B2,Chiller_Bldg_B2_02,14.18,3.831,119.61,Multivariate Telemetry Anomaly,-0.0486
2026-06-27 09:15:00,Site_B,Bldg_B2,Chiller_Bldg_B2_02,13.78,3.795,120.26,Multivariate Telemetry Anomaly,-0.0323
2026-06-27 09:30:00,Site_B,Bldg_B2,Chiller_Bldg_B2_02,14.36,3.747,124.48,Multivariate Telemetry Anomaly,-0.0207
2026-06-27 09:45:00,Site_B,Bldg_B2,Chiller_Bldg_B2_02,14.35,3.504,122.84,Multivariate Telemetry Anomaly,-0.0281
2026-06-27 10:00:00,Site_B,Bldg_B2,Chiller_Bldg_B2_02,14.79,3.83,122.58,Multivariate Telemetry Anomaly,-0.0244
2026-06-27 10:15:00,Site_B,Bldg_B2,Chiller_Bldg_B2_02,14.82,3.754,122.27,Multivariate Telemetry Anomaly,-0.0352
2026-06-27 10:30:00,Site_B,Bldg_B2,Chiller_Bldg_B2_02,14.37,3.677,120.86,Multivariate Telemetry Anomaly,-0.0292
2026-06-27 10:45:00,Site_B,Bldg_B2,Chiller_Bldg_B2_02,14.79,3.952,127.75,Multivariate Telemetry Anomaly,-0.0169
2026-06-27 11:00:00,Site_B,Bldg_B2,Chiller_Bldg_B2_02,15.33,3.849,124.96,Multivariate Telemetry Anomaly,-0.029
2026-06-27 11:15:00,Site_B,Bldg_B2,Chiller_Bldg_B2_02,15.31,4.053,125.26,Multivariate Telemetry Anomaly,-0.0472
2026-06-27 11:30:00,Site_B,Bldg_B2,Chiller_Bldg_B2_02,15.74,4.015,128.89,Multivariate Telemetry Anomaly,-0.0439
2026-06-27 11:45:00,Site_B,Bldg_B2,Chiller_Bldg_B2_02,16.23,3.862,127.85,Multivariate Telemetry Anomaly,-0.0339
2026-06-27 12:00:00,Site_B,Bldg_B2,Chiller_Bldg_B2_02,16.44,4.114,130.55,Multivariate Telemetry Anomaly,-0.0323
2026-06-27 12:15:00,Site_B,Bldg_B2,Chiller_Bldg_B2_02,15.93,3.777,130.87,Multivariate Telemetry Anomaly,-0.0234
2026-06-27 12:30:00,Site_B,Bldg_B2,Chiller_Bldg_B2_02,16.39,4.063,130.73,Multivariate Telemetry Anomaly,-0.0353
2026-06-27 12:45:00,Site_B,Bldg_B2,Chiller_Bldg_B2_02,17.03,4.239,129.75,Multivariate Telemetry Anomaly,-0.0466
2026-06-27 13:00:00,Site_B,Bldg_B2,Chiller_Bldg_B2_02,15.83,3.902,129.28,Multivariate Telemetry Anomaly,-0.0177
2026-06-27 13:15:00,Site_B,Bldg_B2,Chiller_Bldg_B2_02,16.29,4.191,130.85,Multivariate Telemetry Anomaly,-0.0388
2026-06-27 13:30:00,Site_B,Bldg_B2,Chiller_Bldg_B2_02,16.3,3.867,129.74,Multivariate Telemetry Anomaly,-0.0227
2026-06-27 13:45:00,Site_B,Bldg_B2,Chiller_Bldg_B2_02,17.21,4.267,134.39,Multivariate Telemetry Anomaly,-0.0321
2026-06-27 14:00:00,Site_B,Bldg_B2,Chiller_Bldg_B2_02,15.72,4.403,137.02,Multivariate Telemetry Anomaly,-0.0366
2026-06-27 14:15:00,Site_B,Bldg_B2,Chiller_Bldg_B2_02,15.2,4.204,133.52,Multivariate Telemetry Anomaly,-0.0246
2026-06-27 14:30:00,Site_B,Bldg_B2,Chiller_Bldg_B2_02,15.65,4.122,135.3,Multivariate Telemetry Anomaly,-0.0384
2026-06-27 14:45:00,Site_B,Bldg_B2,Chiller_Bldg_B2_02,15.9,3.849,129.6,Multivariate Telemetry Anomaly,-0.0196
2026-06-27 15:00:00,Site_B,Bldg_B2,Chiller_Bldg_B2_02,15.35,4.325,133.46,Multivariate Telemetry Anomaly,-0.0295
2026-06-27 15:15:00,Site_B,Bldg_B2,Chiller_Bldg_B2_02,15.85,3.995,139.83,Multivariate Telemetry Anomaly,-0.0175
2026-06-27 15:30:00,Site_B,Bldg_B2,Chiller_Bldg_B2_02,16.18,4.244,139.69,Multivariate Telemetry Anomaly,-0.0293
2026-06-27 15:45:00,Site_B,Bldg_B2,Chiller_Bldg_B2_02,15.67,4.232,136.27,Multivariate Telemetry Anomaly,-0.0284
2026-06-27 16:00:00,Site_B,Bldg_B2,Chiller_Bldg_B2_02,15.96,4.765,135.51,Excessive Vibration,-0.0447
2026-06-27 16:15:00,Site_B,Bldg_B2,Chiller_Bldg_B2_02,16.05,4.324,138.12,Multivariate Telemetry Anomaly,-0.0449
2026-06-27 16:30:00,Site_B,Bldg_B2,Chiller_Bldg_B2_02,15.9,4.052,137.45,Multivariate Telemetry Anomaly,-0.0231
2026-06-27 16:45:00,Site_B,Bldg_B2,Chiller_Bldg_B2_02,16.28,4.217,139.49,Multivariate Telemetry Anomaly,-0.031
2026-06-27 17:00:00,Site_B,Bldg_B2,Chiller_Bldg_B2_02,16.16,4.269,139.95,Multivariate Telemetry Anomaly,-0.0393
2026-06-27 17:15:00,Site_B,Bldg_B2,Chiller_Bldg_B2_02,15.53,4.514,140.42,Excessive Vibration,-0.0301
2026-06-27 17:30:00,Site_B,Bldg_B2,Chiller_Bldg_B2_02,16.49,4.491,142.26,Excessive Vibration,-0.0455
2026-06-27 17:45:00,Site_B,Bldg_B2,Chiller_Bldg_B2_02,16.66,4.858,140.32,Excessive Vibration,-0.0486
2026-06-27 18:00:00,Site_B,Bldg_B2,Chiller_Bldg_B2_02,15.61,4.794,143.31,Excessive Vibration,-0.0402
2026-06-27 18:15:00,Site_B,Bldg_B2,Chiller_Bldg_B2_02,15.31,4.47,143.11,Excessive Vibration,-0.0435
2026-06-27 18:30:00,Site_B,Bldg_B2,Chiller_Bldg_B2_02,15.83,4.698,144.46,Excessive Vibration,-0.0312
2026-06-27 18:45:00,Site_B,Bldg_B2,Chiller_Bldg_B2_02,15.75,5.069,145.28,Excessive Vibration,-0.0349
2026-06-27 19:00:00,Site_B,Bldg_B2,Chiller_Bldg_B2_02,15.32,4.349,141.31,Multivariate Telemetry Anomaly,-0.0506
2026-06-27 19:15:00,Site_B,Bldg_B2,Chiller_Bldg_B2_02,15.22,4.778,143.32,Excessive Vibration,-0.0444
2026-06-27 19:30:00,Site_B,Bldg_B2,Chiller_Bldg_B2_02,15.16,5.026,147.39,Excessive Vibration,-0.0542
2026-06-27 19:45:00,Site_B,Bldg_B2,Chiller_Bldg_B2_02,15.68,5.259,146.99,Excessive Vibration,-0.0493
2026-06-27 20:00:00,Site_B,Bldg_B2,Chiller_Bldg_B2_02,15.25,5.015,151.24,Excessive Vibration,-0.0555
2026-06-27 20:15:00,Site_B,Bldg_B2,Chiller_Bldg_B2_02,14.57,4.635,144.17,Excessive Vibration,-0.0511
2026-06-27 20:30:00,Site_B,Bldg_B2,Chiller_Bldg_B2_02,14.96,4.684,147.71,Excessive Vibration,-0.0543
2026-06-27 20:45:00,Site_B,Bldg_B2,Chiller_Bldg_B2_02,15.28,5.094,148.33,Excessive Vibration,-0.0455
2026-06-27 21:00:00,Site_B,Bldg_B2,Chiller_Bldg_B2_02,15.26,5.173,150.26,Excessive Vibration,-0.0598
2026-06-27 21:15:00,Site_B,Bldg_B2,Chiller_Bldg_B2_02,15.07,5.055,151.23,Excessive Vibration,-0.0561
2026-06-27 21:30:00,Site_B,Bldg_B2,Chiller_Bldg_B2_02,14.97,4.984,151.78,Excessive Vibration,-0.0537
2026-06-27 21:45:00,Site_B,Bldg_B2,Chiller_Bldg_B2_02,15.22,5.365,151.39,Excessive Vibration,-0.056
2026-06-27 22:00:00,Site_B,Bldg_B2,Chiller_Bldg_B2_02,13.7,5.301,148.78,Excessive Vibration,-0.0496
2026-06-27 22:15:00,Site_B,Bldg_B2,Chiller_Bldg_B2_02,15.29,5.302,151.31,Excessive Vibration,-0.057
2026-06-27 22:30:00,Site_B,Bldg_B2,Chiller_Bldg_B2_02,15.05,5.475,150.65,Excessive Vibration,-0.0564
2026-06-27 22:45:00,Site_B,Bldg_B2,Chiller_Bldg_B2_02,15.32,5.205,153.55,Excessive Vibration,-0.0539
2026-06-27 23:00:00,Site_B,Bldg_B2,Chiller_Bldg_B2_02,14.6,5.136,153.72,Excessive Vibration,-0.0651
2026-06-27 23:15:00,Site_B,Bldg_B2,Chiller_Bldg_B2_02,15.85,5.488,154.39,Excessive Vibration,-0.066
2026-06-27 23:30:00,Site_B,Bldg_B2,Chiller_Bldg_B2_02,14.65,5.48,157.23,Excessive Vibration,-0.0699
2026-06-27 23:45:00,Site_B,Bldg_B2,Chiller_Bldg_B2_02,14.45,5.223,160.56,Excessive Vibration,-0.0532
2026-06-28 00:00:00,Site_B,Bldg_B2,Chiller_Bldg_B2_02,22.02,3.629,109.57,Multivariate Telemetry Anomaly,-0.0496
2026-06-28 00:15:00,Site_B,Bldg_B2,Chiller_Bldg_B2_02,23.3,5.192,126.65,"Excessive Vibration, Abnormal Temperature",-0.069
2026-06-28 00:30:00,Site_B,Bldg_B2,Chiller_Bldg_B2_02,28.07,3.931,135.59,Abnormal Temperature,-0.0499
2026-06-28 00:45:00,Site_B,Bldg_B2,Chiller_Bldg_B2_02,23.03,5.651,143.29,"Excessive Vibration, Abnormal Temperature",-0.0489
2026-06-28 01:00:00,Site_B,Bldg_B2,Chiller_Bldg_B2_02,21.86,6.251,157.35,Excessive Vibration,-0.0597
2026-06-28 01:15:00,Site_B,Bldg_B2,Chiller_Bldg_B2_02,25.8,5.443,131.12,"Excessive Vibration, Abnormal Temperature",-0.0747
2026-06-28 01:30:00,Site_B,Bldg_B2,Chiller_Bldg_B2_02,27.66,5.243,123.45,"Excessive Vibration, Abnormal Temperature",-0.0848
2026-06-28 01:45:00,Site_B,Bldg_B2,Chiller_Bldg_B2_02,24.7,5.85,111.8,"Excessive Vibration, Abnormal Temperature",-0.072
2026-06-28 02:00:00,Site_B,Bldg_B2,Chiller_Bldg_B2_02,24.73,5.863,150.18,"Excessive Vibration, Abnormal Temperature",-0.072
2026-06-28 02:15:00,Site_B,Bldg_B2,Chiller_Bldg_B2_02,25.22,6.038,159.4,"Excessive Vibration, Abnormal Temperature",-0.0647
2026-06-28 02:30:00,Site_B,Bldg_B2,Chiller_Bldg_B2_02,21.68,6.041,157.84,Excessive Vibration,-0.0505
2026-06-28 02:45:00,Site_B,Bldg_B2,Chiller_Bldg_B2_02,22.2,3.894,146.89,Multivariate Telemetry Anomaly,-0.0613
2026-06-28 03:00:00,Site_B,Bldg_B2,Chiller_Bldg_B2_02,25.39,5.06,133.6,"Excessive Vibration, Abnormal Temperature",-0.0729
2026-06-28 03:15:00,Site_B,Bldg_B2,Chiller_Bldg_B2_02,24.62,4.529,142.4,"Excessive Vibration, Abnormal Temperature",-0.0572
2026-06-28 03:30:00,Site_B,Bldg_B2,Chiller_Bldg_B2_02,21.53,4.996,104.49,Excessive Vibration,-0.0632
2026-06-28 03:45:00,Site_B,Bldg_B2,Chiller_Bldg_B2_02,28.65,3.479,119.0,Abnormal Temperature,-0.0481
2026-06-28 04:00:00,Site_B,Bldg_B2,Chiller_Bldg_B2_02,29.94,5.063,147.53,"Excessive Vibration, Abnormal Temperature",-0.0724
2026-06-28 04:15:00,Site_B,Bldg_B2,Chiller_Bldg_B2_02,22.31,4.201,122.42,Multivariate Telemetry Anomaly,-0.0504
2026-06-28 04:30:00,Site_B,Bldg_B2,Chiller_Bldg_B2_02,25.24,4.274,160.41,Abnormal Temperature,-0.0485
2026-06-28 04:45:00,Site_B,Bldg_B2,Chiller_Bldg_B2_02,23.17,3.772,166.66,Abnormal Temperature,-0.036
2026-06-28 05:00:00,Site_B,Bldg_B2,Chiller_Bldg_B2_02,28.92,4.662,117.81,"Excessive Vibration, Abnormal Temperature",-0.0598
2026-06-28 05:15:00,Site_B,Bldg_B2,Chiller_Bldg_B2_02,28.08,5.471,163.75,"Excessive Vibration, Abnormal Temperature",-0.0531
2026-06-28 05:30:00,Site_B,Bldg_B2,Chiller_Bldg_B2_02,22.17,5.286,145.06,Excessive Vibration,-0.0497
2026-06-28 05:45:00,Site_B,Bldg_B2,Chiller_Bldg_B2_02,24.81,5.854,134.79,"Excessive Vibration, Abnormal Temperature",-0.0587
2026-06-28 06:00:00,Site_B,Bldg_B2,Chiller_Bldg_B2_02,22.6,5.743,108.17,Excessive Vibration,-0.0396
2026-06-28 06:15:00,Site_B,Bldg_B2,Chiller_Bldg_B2_02,30.17,3.53,106.82,Abnormal Temperature,-0.0371
2026-06-28 06:30:00,Site_B,Bldg_B2,Chiller_Bldg_B2_02,28.44,5.083,138.93,"Excessive Vibration, Abnormal Temperature",-0.0565
2026-06-28 06:45:00,Site_B,Bldg_B2,Chiller_Bldg_B2_02,29.64,5.618,108.85,"Excessive Vibration, Abnormal Temperature",-0.0541
2026-06-28 07:00:00,Site_B,Bldg_B2,Chiller_Bldg_B2_02,25.77,4.819,169.52,"Excessive Vibration, Abnormal Temperature",-0.0381
2026-06-28 07:15:00,Site_B,Bldg_B2,Chiller_Bldg_B2_02,27.51,4.153,153.77,Abnormal Temperature,-0.0442
2026-06-28 07:30:00,Site_B,Bldg_B2,Chiller_Bldg_B2_02,27.64,5.213,164.48,"Excessive Vibration, Abnormal Temperature",-0.0513
2026-06-28 07:45:00,Site_B,Bldg_B2,Chiller_Bldg_B2_02,31.43,5.114,128.78,"Excessive Vibration, Abnormal Temperature",-0.0597
2026-06-28 08:00:00,Site_B,Bldg_B2,Chiller_Bldg_B2_02,30.11,5.687,166.21,"Excessive Vibration, Abnormal Temperature",-0.0446
2026-06-28 08:15:00,Site_B,Bldg_B2,Chiller_Bldg_B2_02,26.8,6.58,158.03,"Excessive Vibration, Abnormal Temperature",-0.0449
2026-06-28 08:30:00,Site_B,Bldg_B2,Chiller_Bldg_B2_02,32.73,5.974,154.5,"Excessive Vibration, Abnormal Temperature",-0.0528
2026-06-28 08:45:00,Site_B,Bldg_B2,Chiller_Bldg_B2_02,31.16,3.738,126.5,Abnormal Temperature,-0.0321
2026-06-28 09:00:00,Site_B,Bldg_B2,Chiller_Bldg_B2_02,25.95,3.757,121.25,Abnormal Temperature,-0.021
2026-06-28 09:15:00,Site_B,Bldg_B2,Chiller_Bldg_B2_02,24.77,5.217,170.48,"Excessive Vibration, Abnormal Temperature",-0.043
2026-06-28 09:30:00,Site_B,Bldg_B2,Chiller_Bldg_B2_02,26.05,4.788,139.81,"Excessive Vibration, Abnormal Temperature",-0.038
2026-06-28 09:45:00,Site_B,Bldg_B2,Chiller_Bldg_B2_02,28.22,5.097,133.09,"Excessive Vibration, Abnormal Temperature",-0.0453
2026-06-28 10:00:00,Site_B,Bldg_B2,Chiller_Bldg_B2_02,33.45,3.425,139.69,Abnormal Temperature,-0.0251
2026-06-28 10:15:00,Site_B,Bldg_B2,Chiller_Bldg_B2_02,26.97,5.631,113.3,"Excessive Vibration, Abnormal Temperature",-0.0436
2026-06-28 10:30:00,Site_B,Bldg_B2,Chiller_Bldg_B2_02,24.82,4.499,168.92,"Excessive Vibration, Abnormal Temperature",-0.0531
2026-06-28 10:45:00,Site_B,Bldg_B2,Chiller_Bldg_B2_02,28.91,4.475,125.92,"Excessive Vibration, Abnormal Temperature",-0.048
2026-06-28 11:00:00,Site_B,Bldg_B2,Chiller_Bldg_B2_02,27.87,4.848,122.66,"Excessive Vibration, Abnormal Temperature",-0.0435
2026-06-28 11:15:00,Site_B,Bldg_B2,Chiller_Bldg_B2_02,24.97,5.641,138.57,"Excessive Vibration, Abnormal Temperature",-0.0344
2026-06-28 11:30:00,Site_B,Bldg_B2,Chiller_Bldg_B2_02,24.01,5.004,114.46,"Excessive Vibration, Abnormal Temperature",-0.0386
2026-06-28 11:45:00,Site_B,Bldg_B2,Chiller_Bldg_B2_02,32.69,4.152,161.99,Abnormal Temperature,-0.0318
2026-06-28 12:00:00,Site_B,Bldg_B2,Chiller_Bldg_B2_02,24.07,3.819,155.92,Abnormal Temperature,-0.0313
2026-06-28 12:15:00,Site_B,Bldg_B2,Chiller_Bldg_B2_02,32.86,6.093,104.67,"Excessive Vibration, Abnormal Temperature",-0.0476
2026-06-28 12:30:00,Site_B,Bldg_B2,Chiller_Bldg_B2_02,29.04,4.08,159.03,Abnormal Temperature,-0.046
2026-06-28 12:45:00,Site_B,Bldg_B2,Chiller_Bldg_B2_02,23.52,6.279,119.04,"Excessive Vibration, Abnormal Temperature",-0.0343
2026-06-28 13:00:00,Site_B,Bldg_B2,Chiller_Bldg_B2_02,27.72,4.52,123.29,"Excessive Vibration, Abnormal Temperature",-0.0431
2026-06-28 13:15:00,Site_B,Bldg_B2,Chiller_Bldg_B2_02,31.26,3.826,141.7,Abnormal Temperature,-0.0364
2026-06-28 13:30:00,Site_B,Bldg_B2,Chiller_Bldg_B2_02,29.68,5.397,110.98,"Excessive Vibration, Abnormal Temperature",-0.054
2026-06-28 13:45:00,Site_B,Bldg_B2,Chiller_Bldg_B2_02,31.0,4.894,137.67,"Excessive Vibration, Abnormal Temperature",-0.0673
2026-06-28 14:00:00,Site_B,Bldg_B2,Chiller_Bldg_B2_02,30.89,4.441,112.96,"Excessive Vibration, Abnormal Temperature",-0.0456
2026-06-28 14:15:00,Site_B,Bldg_B2,Chiller_Bldg_B2_02,33.59,4.371,163.01,Abnormal Temperature,-0.0467
2026-06-28 14:30:00,Site_B,Bldg_B2,Chiller_Bldg_B2_02,32.62,5.792,143.21,"Excessive Vibration, Abnormal Temperature",-0.0538
2026-06-28 14:45:00,Site_B,Bldg_B2,Chiller_Bldg_B2_02,29.86,5.382,167.34,"Excessive Vibration, Abnormal Temperature",-0.0464
2026-06-28 15:00:00,Site_B,Bldg_B2,Chiller_Bldg_B2_02,28.66,4.204,156.82,Abnormal Temperature,-0.0385
2026-06-28 15:15:00,Site_B,Bldg_B2,Chiller_Bldg_B2_02,23.62,5.753,123.75,"Excessive Vibration, Abnormal Temperature",-0.0347
2026-06-28 15:30:00,Site_B,Bldg_B2,Chiller_Bldg_B2_02,25.05,3.948,147.49,Abnormal Temperature,-0.03
2026-06-28 15:45:00,Site_B,Bldg_B2,Chiller_Bldg_B2_02,25.46,4.144,143.47,Abnormal Temperature,-0.0412
2026-06-28 16:00:00,Site_B,Bldg_B2,Chiller_Bldg_B2_02,27.04,6.511,106.64,"Excessive Vibration, Abnormal Temperature",-0.0467
2026-06-28 16:15:00,Site_B,Bldg_B2,Chiller_Bldg_B2_02,24.98,4.151,125.84,Abnormal Temperature,-0.0386
2026-06-28 16:30:00,Site_B,Bldg_B2,Chiller_Bldg_B2_02,23.98,6.663,117.59,"Excessive Vibration, Abnormal Temperature",-0.0283
2026-06-28 16:45:00,Site_B,Bldg_B2,Chiller_Bldg_B2_02,30.3,4.116,147.99,Abnormal Temperature,-0.0499
2026-06-28 17:00:00,Site_B,Bldg_B2,Chiller_Bldg_B2_02,31.79,5.524,171.74,"Excessive Vibration, Abnormal Temperature",-0.0605
2026-06-28 17:15:00,Site_B,Bldg_B2,Chiller_Bldg_B2_02,25.51,3.959,108.56,Abnormal Temperature,-0.0319
2026-06-28 17:30:00,Site_B,Bldg_B2,Chiller_Bldg_B2_02,24.55,5.43,122.93,"Excessive Vibration, Abnormal Temperature",-0.0512
2026-06-28 17:45:00,Site_B,Bldg_B2,Chiller_Bldg_B2_02,30.84,6.322,101.67,"Excessive Vibration, Abnormal Temperature",-0.0434
2026-06-28 18:00:00,Site_B,Bldg_B2,Chiller_Bldg_B2_02,23.24,4.4,162.08,Abnormal Temperature,-0.0459
2026-06-28 18:15:00,Site_B,Bldg_B2,Chiller_Bldg_B2_02,29.33,5.798,126.08,"Excessive Vibration, Abnormal Temperature",-0.0572
2026-06-28 18:30:00,Site_B,Bldg_B2,Chiller_Bldg_B2_02,31.94,4.179,122.59,Abnormal Temperature,-0.043
2026-06-28 18:45:00,Site_B,Bldg_B2,Chiller_Bldg_B2_02,25.04,5.035,126.87,"Excessive Vibration, Abnormal Temperature",-0.0547
2026-06-28 19:00:00,Site_B,Bldg_B2,Chiller_Bldg_B2_02,25.94,5.078,140.59,"Excessive Vibration, Abnormal Temperature",-0.0633
2026-06-28 19:15:00,Site_B,Bldg_B2,Chiller_Bldg_B2_02,25.18,6.478,125.06,"Excessive Vibration, Abnormal Temperature",-0.0612
2026-06-28 19:30:00,Site_B,Bldg_B2,Chiller_Bldg_B2_02,22.25,3.997,144.6,Multivariate Telemetry Anomaly,-0.0296
2026-06-28 19:45:00,Site_B,Bldg_B2,Chiller_Bldg_B2_02,27.86,5.14,113.18,"Excessive Vibration, Abnormal Temperature",-0.0552
2026-06-28 20:00:00,Site_B,Bldg_B2,Chiller_Bldg_B2_02,24.84,3.829,153.57,Abnormal Temperature,-0.04
2026-06-28 20:15:00,Site_B,Bldg_B2,Chiller_Bldg_B2_02,21.48,4.694,137.23,Excessive Vibration,-0.0529
2026-06-28 20:30:00,Site_B,Bldg_B2,Chiller_Bldg_B2_02,28.24,3.706,158.44,Abnormal Temperature,-0.0542
2026-06-28 20:45:00,Site_B,Bldg_B2,Chiller_Bldg_B2_02,29.19,5.464,130.08,"Excessive Vibration, Abnormal Temperature",-0.0462
2026-06-28 21:00:00,Site_B,Bldg_B2,Chiller_Bldg_B2_02,22.37,5.341,114.39,Excessive Vibration,-0.0604
2026-06-28 21:15:00,Site_B,Bldg_B2,Chiller_Bldg_B2_02,24.26,4.221,157.6,Abnormal Temperature,-0.0522
2026-06-28 21:30:00,Site_B,Bldg_B2,Chiller_Bldg_B2_02,27.02,5.285,115.46,"Excessive Vibration, Abnormal Temperature",-0.069
2026-06-28 21:45:00,Site_B,Bldg_B2,Chiller_Bldg_B2_02,24.51,4.885,148.89,"Excessive Vibration, Abnormal Temperature",-0.0654
2026-06-28 22:00:00,Site_B,Bldg_B2,Chiller_Bldg_B2_02,28.03,5.979,120.03,"Excessive Vibration, Abnormal Temperature",-0.063
2026-06-28 22:15:00,Site_B,Bldg_B2,Chiller_Bldg_B2_02,24.52,5.397,111.66,"Excessive Vibration, Abnormal Temperature",-0.0668
2026-06-28 22:30:00,Site_B,Bldg_B2,Chiller_Bldg_B2_02,27.87,5.316,124.47,"Excessive Vibration, Abnormal Temperature",-0.059
2026-06-28 22:45:00,Site_B,Bldg_B2,Chiller_Bldg_B2_02,26.94,4.567,132.41,"Excessive Vibration, Abnormal Temperature",-0.0608
2026-06-28 23:00:00,Site_B,Bldg_B2,Chiller_Bldg_B2_02,23.46,6.315,109.47,"Excessive Vibration, Abnormal Temperature",-0.054
2026-06-28 23:15:00,Site_B,Bldg_B2,Chiller_Bldg_B2_02,22.33,5.459,155.07,Excessive Vibration,-0.0611
2026-06-28 23:30:00,Site_B,Bldg_B2,Chiller_Bldg_B2_02,23.95,3.455,146.7,Abnormal Temperature,-0.0548
2026-06-28 23:45:00,Site_B,Bldg_B2,Chiller_Bldg_B2_02,26.37,5.254,124.77,"Excessive Vibration, Abnormal Temperature",-0.0643
2026-06-29 00:00:00,Site_B,Bldg_B2,Chiller_Bldg_B2_02,20.15,5.553,108.01,Excessive Vibration,-0.0754
2026-06-29 13:00:00,Site_B,Bldg_B2,Chiller_Bldg_B2_02,10.33,1.224,229.55,Multivariate Telemetry Anomaly,-0.0008
2026-06-01 13:30:00,Site_C,Bldg_C1,Chiller_Bldg_C1_01,10.78,1.259,208.14,Multivariate Telemetry Anomaly,-0.0046
2026-06-02 13:15:00,Site_C,Bldg_C1,Chiller_Bldg_C1_01,10.81,1.295,216.82,Multivariate Telemetry Anomaly,-0.0119
2026-06-08 10:00:00,Site_C,Bldg_C1,Chiller_Bldg_C1_01,10.21,1.266,191.7,Multivariate Telemetry Anomaly,-0.0
2026-06-08 11:00:00,Site_C,Bldg_C1,Chiller_Bldg_C1_01,10.54,1.23,200.84,Multivariate Telemetry Anomaly,-0.0053
2026-06-10 12:30:00,Site_C,Bldg_C1,Chiller_Bldg_C1_01,10.13,1.229,204.78,Multivariate Telemetry Anomaly,-0.004
2026-06-16 01:15:00,Site_C,Bldg_C1,Chiller_Bldg_C1_01,3.93,1.005,60.15,Multivariate Telemetry Anomaly,-0.006
2026-06-23 11:00:00,Site_C,Bldg_C1,Chiller_Bldg_C1_01,10.42,1.275,203.53,Multivariate Telemetry Anomaly,-0.0065
2026-06-29 18:15:00,Site_C,Bldg_C1,Chiller_Bldg_C1_01,7.43,1.301,163.58,Multivariate Telemetry Anomaly,-0.0003
2026-06-30 00:30:00,Site_C,Bldg_C1,Chiller_Bldg_C1_01,4.75,0.813,58.91,Multivariate Telemetry Anomaly,-0.003
2026-06-02 17:30:00,Site_C,Bldg_C1,Chiller_Bldg_C1_02,8.51,1.24,196.34,Multivariate Telemetry Anomaly,-0.003
2026-06-07 23:15:00,Site_C,Bldg_C1,Chiller_Bldg_C1_02,4.73,0.806,66.1,Multivariate Telemetry Anomaly,-0.0053
2026-06-08 14:15:00,Site_C,Bldg_C1,Chiller_Bldg_C1_02,8.95,1.261,228.09,Multivariate Telemetry Anomaly,-0.0035
2026-06-19 12:45:00,Site_C,Bldg_C1,Chiller_Bldg_C1_02,10.39,1.327,231.44,Multivariate Telemetry Anomaly,-0.0028
2026-06-23 13:30:00,Site_C,Bldg_C1,Chiller_Bldg_C1_02,10.31,1.243,230.36,Multivariate Telemetry Anomaly,-0.007
2026-06-24 11:00:00,Site_C,Bldg_C1,Chiller_Bldg_C1_02,10.92,1.186,224.62,Multivariate Telemetry Anomaly,-0.0052
2026-06-24 13:45:00,Site_C,Bldg_C1,Chiller_Bldg_C1_02,9.97,1.247,231.59,Multivariate Telemetry Anomaly,-0.0034
2026-06-03 16:00:00,Site_C,Bldg_C2,Chiller_Bldg_C2_01,8.85,1.26,213.7,Multivariate Telemetry Anomaly,-0.0056
2026-06-04 12:45:00,Site_C,Bldg_C2,Chiller_Bldg_C2_01,10.87,1.246,229.8,Multivariate Telemetry Anomaly,-0.0048
2026-06-08 01:30:00,Site_C,Bldg_C2,Chiller_Bldg_C2_01,4.54,0.795,67.0,Multivariate Telemetry Anomaly,-0.0052
2026-06-11 12:30:00,Site_C,Bldg_C2,Chiller_Bldg_C2_01,10.26,1.239,228.11,Multivariate Telemetry Anomaly,-0.0012
2026-06-11 15:15:00,Site_C,Bldg_C2,Chiller_Bldg_C2_01,10.98,1.274,225.55,Multivariate Telemetry Anomaly,-0.0053
2026-06-12 12:45:00,Site_C,Bldg_C2,Chiller_Bldg_C2_01,10.82,1.272,230.68,Multivariate Telemetry Anomaly,-0.0057
2026-06-15 12:15:00,Site_C,Bldg_C2,Chiller_Bldg_C2_01,10.7,1.267,233.11,Multivariate Telemetry Anomaly,-0.0007
2026-06-17 12:00:00,Site_C,Bldg_C2,Chiller_Bldg_C2_01,11.35,1.296,232.67,Multivariate Telemetry Anomaly,-0.0002
2026-06-01 12:45:00,Site_C,Bldg_C2,Chiller_Bldg_C2_02,11.34,1.29,230.47,Multivariate Telemetry Anomaly,-0.0052
2026-06-01 13:00:00,Site_C,Bldg_C2,Chiller_Bldg_C2_02,10.44,1.268,230.57,Multivariate Telemetry Anomaly,-0.0111
2026-06-02 00:15:00,Site_C,Bldg_C2,Chiller_Bldg_C2_02,4.47,0.839,67.82,Multivariate Telemetry Anomaly,-0.0041
2026-06-02 13:00:00,Site_C,Bldg_C2,Chiller_Bldg_C2_02,10.06,1.17,232.01,Multivariate Telemetry Anomaly,-0.0024
2026-06-03 12:45:00,Site_C,Bldg_C2,Chiller_Bldg_C2_02,10.59,1.247,232.99,Multivariate Telemetry Anomaly,-0.0196
2026-06-08 12:30:00,Site_C,Bldg_C2,Chiller_Bldg_C2_02,10.85,1.245,232.23,Multivariate Telemetry Anomaly,-0.0053
2026-06-13 23:45:00,Site_C,Bldg_C2,Chiller_Bldg_C2_02,4.67,1.03,65.0,Multivariate Telemetry Anomaly,-0.0009
2026-06-22 12:00:00,Site_C,Bldg_C2,Chiller_Bldg_C2_02,10.47,1.277,229.88,Multivariate Telemetry Anomaly,-0.0065
2026-06-23 13:30:00,Site_C,Bldg_C2,Chiller_Bldg_C2_02,10.44,1.208,232.44,Multivariate Telemetry Anomaly,-0.0006
2026-06-24 11:30:00,Site_C,Bldg_C2,Chiller_Bldg_C2_02,9.84,1.224,221.43,Multivariate Telemetry Anomaly,-0.0011
2026-06-26 12:45:00,Site_C,Bldg_C2,Chiller_Bldg_C2_02,11.5,1.239,232.6,Multivariate Telemetry Anomaly,-0.0059
2026-06-29 12:00:00,Site_C,Bldg_C2,Chiller_Bldg_C2_02,10.08,1.255,229.38,Multivariate Telemetry Anomaly,-0.0026
2026-06-29 13:15:00,Site_C,Bldg_C2,Chiller_Bldg_C2_02,11.05,1.204,232.14,Multivariate Telemetry Anomaly,-0.0006
2026-06-30 13:00:00,Site_C,Bldg_C2,Chiller_Bldg_C2_02,11.17,1.259,236.65,Multivariate Telemetry Anomaly,-0.0131
2026-06-02 13:30:00,Site_A,Bldg_A1,EnvSens_Bldg_A1_02,25.29,0.602,11.98,Sudden Power Spike,0.2028
2026-06-12 13:45:00,Site_A,Bldg_A1,EnvSens_Bldg_A1_02,25.11,0.616,11.13,Sudden Power Spike,0.2022
2026-06-24 13:15:00,Site_A,Bldg_A1,EnvSens_Bldg_A1_04,25.61,0.626,11.48,Sudden Power Spike,0.1798
2026-06-26 14:00:00,Site_A,Bldg_A2,EnvSens_Bldg_A2_04,25.39,0.554,12.2,Sudden Power Spike,0.1954
2026-06-18 13:45:00,Site_B,Bldg_B1,EnvSens_Bldg_B1_01,25.08,0.595,10.99,Sudden Power Spike,0.187
2026-06-29 13:15:00,Site_B,Bldg_B1,EnvSens_Bldg_B1_02,24.65,0.691,11.45,Sudden Power Spike,0.1791
2026-06-08 09:45:00,Site_B,Bldg_B1,EnvSens_Bldg_B1_03,24.85,0.561,12.11,Sudden Power Spike,0.2142
2026-06-19 14:00:00,Site_B,Bldg_B2,EnvSens_Bldg_B2_01,24.62,0.632,11.02,Sudden Power Spike,0.1481
2026-06-05 11:45:00,Site_C,Bldg_C1,EnvSens_Bldg_C1_02,25.5,0.509,11.72,Sudden Power Spike,0.1829
2026-06-29 15:00:00,Site_C,Bldg_C1,EnvSens_Bldg_C1_02,25.75,0.466,12.01,Sudden Power Spike,0.2004
2026-06-04 12:30:00,Site_C,Bldg_C2,EnvSens_Bldg_C2_01,26.23,0.525,11.37,Sudden Power Spike,0.1878
2026-06-12 12:00:00,Site_C,Bldg_C2,EnvSens_Bldg_C2_01,25.6,0.623,11.94,Sudden Power Spike,0.1929
2026-06-18 17:30:00,Site_C,Bldg_C2,EnvSens_Bldg_C2_04,24.41,0.597,12.09,Sudden Power Spike,0.1681
2026-06-01 09:15:00,Site_A,Bldg_A1,Meter_Bldg_A1_01,37.95,0.443,402.4,Multivariate Telemetry Anomaly,-0.0023
2026-06-01 10:00:00,Site_A,Bldg_A1,Meter_Bldg_A1_01,38.36,0.677,425.18,Multivariate Telemetry Anomaly,-0.0031
2026-06-01 10:15:00,Site_A,Bldg_A1,Meter_Bldg_A1_01,37.57,0.596,425.47,Multivariate Telemetry Anomaly,-0.0125
2026-06-01 11:00:00,Site_A,Bldg_A1,Meter_Bldg_A1_01,38.63,0.591,449.55,Multivariate Telemetry Anomaly,-0.0201
2026-06-01 11:15:00,Site_A,Bldg_A1,Meter_Bldg_A1_01,38.08,0.59,449.23,Multivariate Telemetry Anomaly,-0.0209
2026-06-01 11:30:00,Site_A,Bldg_A1,Meter_Bldg_A1_01,38.86,0.536,450.88,Multivariate Telemetry Anomaly,-0.0148
2026-06-01 12:00:00,Site_A,Bldg_A1,Meter_Bldg_A1_01,38.06,0.493,459.04,Multivariate Telemetry Anomaly,-0.0007
2026-06-01 12:15:00,Site_A,Bldg_A1,Meter_Bldg_A1_01,38.47,0.699,460.44,Multivariate Telemetry Anomaly,-0.0115
2026-06-01 12:30:00,Site_A,Bldg_A1,Meter_Bldg_A1_01,37.97,0.568,456.44,Multivariate Telemetry Anomaly,-0.0019
2026-06-01 12:45:00,Site_A,Bldg_A1,Meter_Bldg_A1_01,39.22,0.559,465.57,Multivariate Telemetry Anomaly,-0.0146
2026-06-01 13:00:00,Site_A,Bldg_A1,Meter_Bldg_A1_01,38.75,0.629,467.49,Multivariate Telemetry Anomaly,-0.0113
2026-06-01 13:15:00,Site_A,Bldg_A1,Meter_Bldg_A1_01,37.56,0.591,461.44,Multivariate Telemetry Anomaly,-0.0055
2026-06-01 13:30:00,Site_A,Bldg_A1,Meter_Bldg_A1_01,39.27,0.604,467.51,Multivariate Telemetry Anomaly,-0.029
2026-06-01 13:45:00,Site_A,Bldg_A1,Meter_Bldg_A1_01,38.0,0.504,465.39,Multivariate Telemetry Anomaly,-0.0015
2026-06-01 14:00:00,Site_A,Bldg_A1,Meter_Bldg_A1_01,37.83,0.599,456.53,Multivariate Telemetry Anomaly,-0.0003
2026-06-01 14:15:00,Site_A,Bldg_A1,Meter_Bldg_A1_01,38.28,0.56,459.14,Multivariate Telemetry Anomaly,-0.0019
2026-06-01 14:30:00,Site_A,Bldg_A1,Meter_Bldg_A1_01,38.1,0.558,455.81,Multivariate Telemetry Anomaly,-0.0124
2026-06-01 14:45:00,Site_A,Bldg_A1,Meter_Bldg_A1_01,38.26,0.735,456.92,Multivariate Telemetry Anomaly,-0.0305
2026-06-01 15:00:00,Site_A,Bldg_A1,Meter_Bldg_A1_01,37.87,0.611,448.1,Multivariate Telemetry Anomaly,-0.0007
2026-06-01 15:15:00,Site_A,Bldg_A1,Meter_Bldg_A1_01,37.99,0.579,446.0,Multivariate Telemetry Anomaly,-0.0108
2026-06-01 15:30:00,Site_A,Bldg_A1,Meter_Bldg_A1_01,37.79,0.628,444.25,Multivariate Telemetry Anomaly,-0.0164
2026-06-02 08:00:00,Site_A,Bldg_A1,Meter_Bldg_A1_01,37.89,0.624,370.12,Multivariate Telemetry Anomaly,-0.0019
2026-06-02 09:45:00,Site_A,Bldg_A1,Meter_Bldg_A1_01,37.6,0.432,396.53,Multivariate Telemetry Anomaly,-0.0024
2026-06-02 10:00:00,Site_A,Bldg_A1,Meter_Bldg_A1_01,37.07,0.636,422.59,Multivariate Telemetry Anomaly,-0.0106
2026-06-02 10:15:00,Site_A,Bldg_A1,Meter_Bldg_A1_01,38.36,0.565,424.88,Multivariate Telemetry Anomaly,-0.0018
2026-06-02 10:30:00,Site_A,Bldg_A1,Meter_Bldg_A1_01,38.97,0.518,431.17,Multivariate Telemetry Anomaly,-0.001
2026-06-02 11:00:00,Site_A,Bldg_A1,Meter_Bldg_A1_01,39.16,0.591,451.91,Multivariate Telemetry Anomaly,-0.0136
2026-06-02 11:30:00,Site_A,Bldg_A1,Meter_Bldg_A1_01,38.98,0.543,454.34,Multivariate Telemetry Anomaly,-0.0213
2026-06-02 11:45:00,Site_A,Bldg_A1,Meter_Bldg_A1_01,38.57,0.508,448.79,Multivariate Telemetry Anomaly,-0.0179
2026-06-02 12:00:00,Site_A,Bldg_A1,Meter_Bldg_A1_01,39.12,0.625,467.22,Multivariate Telemetry Anomaly,-0.0188
2026-06-02 12:15:00,Site_A,Bldg_A1,Meter_Bldg_A1_01,37.87,0.558,458.47,Multivariate Telemetry Anomaly,-0.0016
2026-06-02 12:30:00,Site_A,Bldg_A1,Meter_Bldg_A1_01,38.99,0.657,460.98,Multivariate Telemetry Anomaly,-0.0387
2026-06-02 12:45:00,Site_A,Bldg_A1,Meter_Bldg_A1_01,39.3,0.547,466.0,Multivariate Telemetry Anomaly,-0.0215
2026-06-02 13:00:00,Site_A,Bldg_A1,Meter_Bldg_A1_01,38.87,0.545,466.78,Multivariate Telemetry Anomaly,-0.0116
2026-06-02 13:15:00,Site_A,Bldg_A1,Meter_Bldg_A1_01,39.06,0.574,469.01,Multivariate Telemetry Anomaly,-0.0221
2026-06-02 13:30:00,Site_A,Bldg_A1,Meter_Bldg_A1_01,37.57,0.545,457.28,Multivariate Telemetry Anomaly,-0.0289
2026-06-02 13:45:00,Site_A,Bldg_A1,Meter_Bldg_A1_01,38.49,0.578,468.04,Multivariate Telemetry Anomaly,-0.0121
2026-06-02 14:00:00,Site_A,Bldg_A1,Meter_Bldg_A1_01,38.57,0.623,459.69,Multivariate Telemetry Anomaly,-0.0109
2026-06-02 14:15:00,Site_A,Bldg_A1,Meter_Bldg_A1_01,38.27,0.564,461.23,Multivariate Telemetry Anomaly,-0.0032
2026-06-02 15:15:00,Site_A,Bldg_A1,Meter_Bldg_A1_01,38.0,0.533,445.37,Multivariate Telemetry Anomaly,-0.0169
2026-06-02 16:45:00,Site_A,Bldg_A1,Meter_Bldg_A1_01,37.33,0.518,419.85,Multivariate Telemetry Anomaly,-0.0006
2026-06-03 09:30:00,Site_A,Bldg_A1,Meter_Bldg_A1_01,38.46,0.598,401.67,Multivariate Telemetry Anomaly,-0.0379
2026-06-03 10:15:00,Site_A,Bldg_A1,Meter_Bldg_A1_01,37.67,0.593,425.37,Multivariate Telemetry Anomaly,-0.0017
2026-06-03 10:30:00,Site_A,Bldg_A1,Meter_Bldg_A1_01,38.87,0.566,427.11,Multivariate Telemetry Anomaly,-0.0056
2026-06-03 11:00:00,Site_A,Bldg_A1,Meter_Bldg_A1_01,39.06,0.546,448.49,Multivariate Telemetry Anomaly,-0.0307
2026-06-03 11:15:00,Site_A,Bldg_A1,Meter_Bldg_A1_01,38.68,0.589,448.77,Multivariate Telemetry Anomaly,-0.0256
2026-06-03 11:30:00,Site_A,Bldg_A1,Meter_Bldg_A1_01,37.8,0.595,443.94,Multivariate Telemetry Anomaly,-0.0054
2026-06-03 11:45:00,Site_A,Bldg_A1,Meter_Bldg_A1_01,39.17,0.548,452.64,Multivariate Telemetry Anomaly,-0.0329
2026-06-03 12:00:00,Site_A,Bldg_A1,Meter_Bldg_A1_01,38.45,0.596,460.95,Multivariate Telemetry Anomaly,-0.0208
2026-06-03 12:15:00,Site_A,Bldg_A1,Meter_Bldg_A1_01,38.85,0.633,461.79,Multivariate Telemetry Anomaly,-0.0193
2026-06-03 12:30:00,Site_A,Bldg_A1,Meter_Bldg_A1_01,38.64,0.609,460.63,Multivariate Telemetry Anomaly,-0.0057
2026-06-03 12:45:00,Site_A,Bldg_A1,Meter_Bldg_A1_01,38.21,0.543,462.02,Multivariate Telemetry Anomaly,-0.0042
2026-06-03 13:00:00,Site_A,Bldg_A1,Meter_Bldg_A1_01,38.17,0.528,459.68,Multivariate Telemetry Anomaly,-0.0126
2026-06-03 13:15:00,Site_A,Bldg_A1,Meter_Bldg_A1_01,38.57,0.581,470.25,Multivariate Telemetry Anomaly,-0.0143
2026-06-03 13:30:00,Site_A,Bldg_A1,Meter_Bldg_A1_01,38.46,0.557,467.83,Multivariate Telemetry Anomaly,-0.0046
2026-06-03 13:45:00,Site_A,Bldg_A1,Meter_Bldg_A1_01,38.4,0.513,465.54,Multivariate Telemetry Anomaly,-0.0244
2026-06-03 14:00:00,Site_A,Bldg_A1,Meter_Bldg_A1_01,37.67,0.717,459.08,Multivariate Telemetry Anomaly,-0.0444
2026-06-03 14:15:00,Site_A,Bldg_A1,Meter_Bldg_A1_01,38.82,0.602,465.71,Multivariate Telemetry Anomaly,-0.0055
2026-06-03 14:30:00,Site_A,Bldg_A1,Meter_Bldg_A1_01,38.68,0.601,465.71,Multivariate Telemetry Anomaly,-0.0127
2026-06-03 16:00:00,Site_A,Bldg_A1,Meter_Bldg_A1_01,38.14,0.496,425.33,Multivariate Telemetry Anomaly,-0.0202
2026-06-04 09:00:00,Site_A,Bldg_A1,Meter_Bldg_A1_01,38.2,0.557,397.92,Multivariate Telemetry Anomaly,-0.014
2026-06-04 10:45:00,Site_A,Bldg_A1,Meter_Bldg_A1_01,37.96,0.525,425.07,Multivariate Telemetry Anomaly,-0.0156
2026-06-04 11:00:00,Site_A,Bldg_A1,Meter_Bldg_A1_01,38.08,0.676,447.79,Multivariate Telemetry Anomaly,-0.0117
2026-06-04 11:15:00,Site_A,Bldg_A1,Meter_Bldg_A1_01,38.79,0.67,449.06,Multivariate Telemetry Anomaly,-0.0293
2026-06-04 11:30:00,Site_A,Bldg_A1,Meter_Bldg_A1_01,38.48,0.663,447.31,Multivariate Telemetry Anomaly,-0.0328
2026-06-04 11:45:00,Site_A,Bldg_A1,Meter_Bldg_A1_01,37.86,0.523,446.53,Multivariate Telemetry Anomaly,-0.0335
2026-06-04 12:00:00,Site_A,Bldg_A1,Meter_Bldg_A1_01,38.0,0.566,457.88,Multivariate Telemetry Anomaly,-0.0082
2026-06-04 12:15:00,Site_A,Bldg_A1,Meter_Bldg_A1_01,38.73,0.569,464.63,Multivariate Telemetry Anomaly,-0.0162
2026-06-04 12:30:00,Site_A,Bldg_A1,Meter_Bldg_A1_01,38.61,0.617,464.63,Multivariate Telemetry Anomaly,-0.0288
2026-06-04 12:45:00,Site_A,Bldg_A1,Meter_Bldg_A1_01,38.75,0.589,459.95,Multivariate Telemetry Anomaly,-0.0038
2026-06-04 13:30:00,Site_A,Bldg_A1,Meter_Bldg_A1_01,40.51,0.586,475.39,Multivariate Telemetry Anomaly,-0.0579
2026-06-04 13:45:00,Site_A,Bldg_A1,Meter_Bldg_A1_01,38.04,0.661,462.7,Multivariate Telemetry Anomaly,-0.0145
2026-06-04 14:00:00,Site_A,Bldg_A1,Meter_Bldg_A1_01,38.43,0.587,462.22,Multivariate Telemetry Anomaly,-0.0172
2026-06-04 14:15:00,Site_A,Bldg_A1,Meter_Bldg_A1_01,38.67,0.621,462.33,Multivariate Telemetry Anomaly,-0.0211
2026-06-04 14:30:00,Site_A,Bldg_A1,Meter_Bldg_A1_01,38.21,0.64,462.84,Multivariate Telemetry Anomaly,-0.0276
2026-06-04 14:45:00,Site_A,Bldg_A1,Meter_Bldg_A1_01,37.8,0.573,455.77,Multivariate Telemetry Anomaly,-0.0015
2026-06-04 15:45:00,Site_A,Bldg_A1,Meter_Bldg_A1_01,38.82,0.624,446.12,Multivariate Telemetry Anomaly,-0.0164
2026-06-05 10:00:00,Site_A,Bldg_A1,Meter_Bldg_A1_01,37.71,0.673,426.75,Multivariate Telemetry Anomaly,-0.0085
2026-06-05 10:15:00,Site_A,Bldg_A1,Meter_Bldg_A1_01,37.92,0.634,427.32,Multivariate Telemetry Anomaly,-0.0053
2026-06-05 10:45:00,Site_A,Bldg_A1,Meter_Bldg_A1_01,38.39,0.567,429.18,Multivariate Telemetry Anomaly,-0.0024
2026-06-05 11:00:00,Site_A,Bldg_A1,Meter_Bldg_A1_01,38.78,0.586,449.4,Multivariate Telemetry Anomaly,-0.026
2026-06-05 11:15:00,Site_A,Bldg_A1,Meter_Bldg_A1_01,39.14,0.604,449.08,Multivariate Telemetry Anomaly,-0.0171
2026-06-05 12:00:00,Site_A,Bldg_A1,Meter_Bldg_A1_01,37.74,0.635,456.96,Multivariate Telemetry Anomaly,-0.0002
2026-06-05 12:15:00,Site_A,Bldg_A1,Meter_Bldg_A1_01,38.65,0.707,461.87,Multivariate Telemetry Anomaly,-0.0407
2026-06-05 12:30:00,Site_A,Bldg_A1,Meter_Bldg_A1_01,38.74,0.633,463.44,Multivariate Telemetry Anomaly,-0.0152
2026-06-05 12:45:00,Site_A,Bldg_A1,Meter_Bldg_A1_01,38.24,0.624,459.28,Multivariate Telemetry Anomaly,-0.0162
2026-06-05 13:00:00,Site_A,Bldg_A1,Meter_Bldg_A1_01,38.67,0.609,468.98,Multivariate Telemetry Anomaly,-0.0249
2026-06-05 13:15:00,Site_A,Bldg_A1,Meter_Bldg_A1_01,39.37,0.57,470.29,Multivariate Telemetry Anomaly,-0.0174
2026-06-05 13:30:00,Site_A,Bldg_A1,Meter_Bldg_A1_01,38.48,0.647,465.21,Multivariate Telemetry Anomaly,-0.0216
2026-06-05 13:45:00,Site_A,Bldg_A1,Meter_Bldg_A1_01,38.49,0.549,465.11,Multivariate Telemetry Anomaly,-0.0022
2026-06-05 14:00:00,Site_A,Bldg_A1,Meter_Bldg_A1_01,37.23,0.647,455.2,Multivariate Telemetry Anomaly,-0.0065
2026-06-05 14:15:00,Site_A,Bldg_A1,Meter_Bldg_A1_01,38.0,0.666,458.2,Multivariate Telemetry Anomaly,-0.0404
2026-06-05 14:45:00,Site_A,Bldg_A1,Meter_Bldg_A1_01,38.48,0.62,462.47,Multivariate Telemetry Anomaly,-0.0182
2026-06-05 15:00:00,Site_A,Bldg_A1,Meter_Bldg_A1_01,38.07,0.476,446.46,Multivariate Telemetry Anomaly,-0.0038
2026-06-05 15:15:00,Site_A,Bldg_A1,Meter_Bldg_A1_01,37.66,0.68,443.1,Multivariate Telemetry Anomaly,-0.0143
2026-06-05 15:45:00,Site_A,Bldg_A1,Meter_Bldg_A1_01,37.7,0.544,446.55,Multivariate Telemetry Anomaly,-0.0012
2026-06-08 10:15:00,Site_A,Bldg_A1,Meter_Bldg_A1_01,38.4,0.574,430.83,Multivariate Telemetry Anomaly,-0.007
2026-06-08 10:45:00,Site_A,Bldg_A1,Meter_Bldg_A1_01,38.01,0.531,424.32,Multivariate Telemetry Anomaly,-0.0088
2026-06-08 11:00:00,Site_A,Bldg_A1,Meter_Bldg_A1_01,37.79,0.632,447.32,Multivariate Telemetry Anomaly,-0.0022
2026-06-08 11:15:00,Site_A,Bldg_A1,Meter_Bldg_A1_01,39.02,0.628,447.53,Multivariate Telemetry Anomaly,-0.0378
2026-06-08 11:30:00,Site_A,Bldg_A1,Meter_Bldg_A1_01,39.26,0.717,452.45,Multivariate Telemetry Anomaly,-0.0392
2026-06-08 11:45:00,Site_A,Bldg_A1,Meter_Bldg_A1_01,39.29,0.623,453.01,Multivariate Telemetry Anomaly,-0.0257
2026-06-08 12:00:00,Site_A,Bldg_A1,Meter_Bldg_A1_01,37.88,0.681,456.9,Multivariate Telemetry Anomaly,-0.01
2026-06-08 12:15:00,Site_A,Bldg_A1,Meter_Bldg_A1_01,39.31,0.599,463.87,Multivariate Telemetry Anomaly,-0.0229
2026-06-08 12:30:00,Site_A,Bldg_A1,Meter_Bldg_A1_01,38.31,0.609,460.26,Multivariate Telemetry Anomaly,-0.0145
2026-06-08 12:45:00,Site_A,Bldg_A1,Meter_Bldg_A1_01,38.71,0.609,467.22,Multivariate Telemetry Anomaly,-0.0114
2026-06-08 13:00:00,Site_A,Bldg_A1,Meter_Bldg_A1_01,38.13,0.543,464.77,Multivariate Telemetry Anomaly,-0.0135
2026-06-08 13:15:00,Site_A,Bldg_A1,Meter_Bldg_A1_01,38.33,0.552,465.88,Multivariate Telemetry Anomaly,-0.0263
2026-06-08 13:30:00,Site_A,Bldg_A1,Meter_Bldg_A1_01,38.21,0.594,464.72,Multivariate Telemetry Anomaly,-0.0029
2026-06-08 13:45:00,Site_A,Bldg_A1,Meter_Bldg_A1_01,39.3,0.559,468.82,Multivariate Telemetry Anomaly,-0.0405
2026-06-08 14:15:00,Site_A,Bldg_A1,Meter_Bldg_A1_01,37.64,0.578,458.47,Multivariate Telemetry Anomaly,-0.0122
2026-06-08 14:45:00,Site_A,Bldg_A1,Meter_Bldg_A1_01,38.21,0.578,463.32,Multivariate Telemetry Anomaly,-0.0237
2026-06-08 15:15:00,Site_A,Bldg_A1,Meter_Bldg_A1_01,38.45,0.548,447.54,Multivariate Telemetry Anomaly,-0.0035
2026-06-08 15:30:00,Site_A,Bldg_A1,Meter_Bldg_A1_01,38.55,0.551,450.08,Multivariate Telemetry Anomaly,-0.0052
2026-06-08 15:45:00,Site_A,Bldg_A1,Meter_Bldg_A1_01,37.6,0.522,441.32,Multivariate Telemetry Anomaly,-0.0107
2026-06-08 16:00:00,Site_A,Bldg_A1,Meter_Bldg_A1_01,38.98,0.547,429.59,Multivariate Telemetry Anomaly,-0.0152
2026-06-08 16:30:00,Site_A,Bldg_A1,Meter_Bldg_A1_01,37.77,0.593,423.67,Multivariate Telemetry Anomaly,-0.0037
2026-06-09 09:00:00,Site_A,Bldg_A1,Meter_Bldg_A1_01,38.81,0.652,403.17,Multivariate Telemetry Anomaly,-0.0182
2026-06-09 10:00:00,Site_A,Bldg_A1,Meter_Bldg_A1_01,37.55,0.524,423.18,Multivariate Telemetry Anomaly,-0.0358
2026-06-09 10:15:00,Site_A,Bldg_A1,Meter_Bldg_A1_01,37.66,0.652,419.24,Multivariate Telemetry Anomaly,-0.0219
2026-06-09 11:15:00,Site_A,Bldg_A1,Meter_Bldg_A1_01,38.55,0.607,448.38,Multivariate Telemetry Anomaly,-0.0061
2026-06-09 12:00:00,Site_A,Bldg_A1,Meter_Bldg_A1_01,38.36,0.617,461.88,Multivariate Telemetry Anomaly,-0.0181
2026-06-09 12:15:00,Site_A,Bldg_A1,Meter_Bldg_A1_01,38.02,0.486,457.28,Multivariate Telemetry Anomaly,-0.0239
2026-06-09 12:30:00,Site_A,Bldg_A1,Meter_Bldg_A1_01,38.13,0.564,459.37,Multivariate Telemetry Anomaly,-0.0451
2026-06-09 12:45:00,Site_A,Bldg_A1,Meter_Bldg_A1_01,38.13,0.576,460.65,Multivariate Telemetry Anomaly,-0.0083
2026-06-09 13:00:00,Site_A,Bldg_A1,Meter_Bldg_A1_01,38.68,0.582,467.14,Multivariate Telemetry Anomaly,-0.0078
2026-06-09 13:30:00,Site_A,Bldg_A1,Meter_Bldg_A1_01,38.04,0.688,463.62,Multivariate Telemetry Anomaly,-0.0486
2026-06-09 13:45:00,Site_A,Bldg_A1,Meter_Bldg_A1_01,39.17,0.546,468.8,Multivariate Telemetry Anomaly,-0.033
2026-06-09 14:00:00,Site_A,Bldg_A1,Meter_Bldg_A1_01,38.28,0.668,459.3,Multivariate Telemetry Anomaly,-0.0061
2026-06-09 14:15:00,Site_A,Bldg_A1,Meter_Bldg_A1_01,38.34,0.63,463.77,Multivariate Telemetry Anomaly,-0.0138
2026-06-09 14:30:00,Site_A,Bldg_A1,Meter_Bldg_A1_01,38.49,0.523,459.82,Multivariate Telemetry Anomaly,-0.0379
2026-06-09 14:45:00,Site_A,Bldg_A1,Meter_Bldg_A1_01,38.4,0.635,461.07,Multivariate Telemetry Anomaly,-0.0019
2026-06-09 15:15:00,Site_A,Bldg_A1,Meter_Bldg_A1_01,38.84,0.591,448.06,Multivariate Telemetry Anomaly,-0.0029
2026-06-09 15:30:00,Site_A,Bldg_A1,Meter_Bldg_A1_01,38.49,0.519,450.52,Multivariate Telemetry Anomaly,-0.0082
2026-06-09 16:30:00,Site_A,Bldg_A1,Meter_Bldg_A1_01,38.56,0.582,427.67,Multivariate Telemetry Anomaly,-0.0152
2026-06-10 09:00:00,Site_A,Bldg_A1,Meter_Bldg_A1_01,38.53,0.578,399.85,Multivariate Telemetry Anomaly,-0.002
2026-06-10 10:00:00,Site_A,Bldg_A1,Meter_Bldg_A1_01,38.05,0.501,426.29,Multivariate Telemetry Anomaly,-0.0035
2026-06-10 11:00:00,Site_A,Bldg_A1,Meter_Bldg_A1_01,39.0,0.64,449.37,Multivariate Telemetry Anomaly,-0.0305
2026-06-10 11:15:00,Site_A,Bldg_A1,Meter_Bldg_A1_01,38.95,0.596,453.24,Multivariate Telemetry Anomaly,-0.0277
2026-06-10 11:30:00,Site_A,Bldg_A1,Meter_Bldg_A1_01,38.96,0.585,449.88,Multivariate Telemetry Anomaly,-0.022
2026-06-10 11:45:00,Site_A,Bldg_A1,Meter_Bldg_A1_01,38.64,0.51,448.57,Multivariate Telemetry Anomaly,-0.016
2026-06-10 12:00:00,Site_A,Bldg_A1,Meter_Bldg_A1_01,39.22,0.571,465.47,Multivariate Telemetry Anomaly,-0.0146
2026-06-10 12:15:00,Site_A,Bldg_A1,Meter_Bldg_A1_01,39.27,0.676,466.44,Multivariate Telemetry Anomaly,-0.0293
2026-06-10 12:30:00,Site_A,Bldg_A1,Meter_Bldg_A1_01,39.03,0.563,465.53,Multivariate Telemetry Anomaly,-0.0136
2026-06-10 12:45:00,Site_A,Bldg_A1,Meter_Bldg_A1_01,38.0,0.551,457.36,Multivariate Telemetry Anomaly,-0.0147
2026-06-10 13:00:00,Site_A,Bldg_A1,Meter_Bldg_A1_01,38.54,0.564,468.28,Multivariate Telemetry Anomaly,-0.0068
2026-06-10 13:15:00,Site_A,Bldg_A1,Meter_Bldg_A1_01,37.93,0.679,461.45,Multivariate Telemetry Anomaly,-0.0342
2026-06-10 13:30:00,Site_A,Bldg_A1,Meter_Bldg_A1_01,38.33,0.736,466.03,Multivariate Telemetry Anomaly,-0.0288
2026-06-10 13:45:00,Site_A,Bldg_A1,Meter_Bldg_A1_01,38.21,0.634,466.08,Multivariate Telemetry Anomaly,-0.0278
2026-06-10 14:15:00,Site_A,Bldg_A1,Meter_Bldg_A1_01,38.99,0.59,466.3,Multivariate Telemetry Anomaly,-0.017
2026-06-10 14:30:00,Site_A,Bldg_A1,Meter_Bldg_A1_01,38.34,0.637,461.68,Multivariate Telemetry Anomaly,-0.0088
2026-06-10 14:45:00,Site_A,Bldg_A1,Meter_Bldg_A1_01,38.25,0.656,456.57,Multivariate Telemetry Anomaly,-0.002
2026-06-10 15:45:00,Site_A,Bldg_A1,Meter_Bldg_A1_01,38.24,0.637,444.87,Multivariate Telemetry Anomaly,-0.0101
2026-06-10 16:15:00,Site_A,Bldg_A1,Meter_Bldg_A1_01,37.59,0.483,422.58,Multivariate Telemetry Anomaly,-0.009
2026-06-10 17:15:00,Site_A,Bldg_A1,Meter_Bldg_A1_01,38.22,0.63,401.35,Multivariate Telemetry Anomaly,-0.0256
2026-06-11 10:00:00,Site_A,Bldg_A1,Meter_Bldg_A1_01,38.37,0.527,429.6,Multivariate Telemetry Anomaly,-0.0036
2026-06-11 10:15:00,Site_A,Bldg_A1,Meter_Bldg_A1_01,39.28,0.574,428.56,Multivariate Telemetry Anomaly,-0.0041
2026-06-11 10:30:00,Site_A,Bldg_A1,Meter_Bldg_A1_01,37.7,0.617,424.11,Multivariate Telemetry Anomaly,-0.0043
2026-06-11 10:45:00,Site_A,Bldg_A1,Meter_Bldg_A1_01,37.83,0.589,425.79,Multivariate Telemetry Anomaly,-0.0154
2026-06-11 11:00:00,Site_A,Bldg_A1,Meter_Bldg_A1_01,39.18,0.609,449.73,Multivariate Telemetry Anomaly,-0.0232
2026-06-11 11:15:00,Site_A,Bldg_A1,Meter_Bldg_A1_01,38.77,0.583,448.58,Multivariate Telemetry Anomaly,-0.0231
2026-06-11 11:30:00,Site_A,Bldg_A1,Meter_Bldg_A1_01,38.04,0.648,444.01,Multivariate Telemetry Anomaly,-0.0012
2026-06-11 11:45:00,Site_A,Bldg_A1,Meter_Bldg_A1_01,38.28,0.572,442.61,Multivariate Telemetry Anomaly,-0.0123
2026-06-11 12:15:00,Site_A,Bldg_A1,Meter_Bldg_A1_01,39.23,0.648,463.39,Multivariate Telemetry Anomaly,-0.018
2026-06-11 12:30:00,Site_A,Bldg_A1,Meter_Bldg_A1_01,37.55,0.647,456.08,Multivariate Telemetry Anomaly,-0.0058
2026-06-11 12:45:00,Site_A,Bldg_A1,Meter_Bldg_A1_01,38.18,0.682,462.05,Multivariate Telemetry Anomaly,-0.0089
2026-06-11 13:00:00,Site_A,Bldg_A1,Meter_Bldg_A1_01,39.43,0.584,467.21,Multivariate Telemetry Anomaly,-0.0189
2026-06-11 13:15:00,Site_A,Bldg_A1,Meter_Bldg_A1_01,38.15,0.522,464.47,Multivariate Telemetry Anomaly,-0.014
2026-06-11 13:30:00,Site_A,Bldg_A1,Meter_Bldg_A1_01,38.56,0.582,470.32,Multivariate Telemetry Anomaly,-0.004
2026-06-11 13:45:00,Site_A,Bldg_A1,Meter_Bldg_A1_01,38.07,0.6,462.46,Multivariate Telemetry Anomaly,-0.0069
2026-06-11 14:00:00,Site_A,Bldg_A1,Meter_Bldg_A1_01,37.47,0.617,459.04,Multivariate Telemetry Anomaly,-0.0035
2026-06-11 14:15:00,Site_A,Bldg_A1,Meter_Bldg_A1_01,38.03,0.566,458.73,Multivariate Telemetry Anomaly,-0.0127
2026-06-11 14:30:00,Site_A,Bldg_A1,Meter_Bldg_A1_01,38.44,0.561,460.52,Multivariate Telemetry Anomaly,-0.0098
2026-06-11 14:45:00,Site_A,Bldg_A1,Meter_Bldg_A1_01,38.22,0.66,456.8,Multivariate Telemetry Anomaly,-0.0042
2026-06-11 15:00:00,Site_A,Bldg_A1,Meter_Bldg_A1_01,37.44,0.615,445.64,Multivariate Telemetry Anomaly,-0.0042
2026-06-11 15:15:00,Site_A,Bldg_A1,Meter_Bldg_A1_01,38.04,0.708,445.76,Multivariate Telemetry Anomaly,-0.0249
2026-06-11 15:30:00,Site_A,Bldg_A1,Meter_Bldg_A1_01,38.07,0.636,446.52,Multivariate Telemetry Anomaly,-0.0123
2026-06-11 15:45:00,Site_A,Bldg_A1,Meter_Bldg_A1_01,38.56,0.521,450.38,Multivariate Telemetry Anomaly,-0.0006
2026-06-11 16:00:00,Site_A,Bldg_A1,Meter_Bldg_A1_01,37.31,0.624,422.82,Multivariate Telemetry Anomaly,-0.0016
2026-06-12 09:45:00,Site_A,Bldg_A1,Meter_Bldg_A1_01,38.0,0.496,399.43,Multivariate Telemetry Anomaly,-0.0005
2026-06-12 10:00:00,Site_A,Bldg_A1,Meter_Bldg_A1_01,37.71,0.545,421.47,Multivariate Telemetry Anomaly,-0.015
2026-06-12 10:15:00,Site_A,Bldg_A1,Meter_Bldg_A1_01,37.87,0.655,428.41,Multivariate Telemetry Anomaly,-0.0019
2026-06-12 10:30:00,Site_A,Bldg_A1,Meter_Bldg_A1_01,38.34,0.656,425.83,Multivariate Telemetry Anomaly,-0.0117
2026-06-12 10:45:00,Site_A,Bldg_A1,Meter_Bldg_A1_01,37.4,0.571,420.78,Multivariate Telemetry Anomaly,-0.0035
2026-06-12 11:15:00,Site_A,Bldg_A1,Meter_Bldg_A1_01,37.55,0.571,443.0,Multivariate Telemetry Anomaly,-0.0145
2026-06-12 11:45:00,Site_A,Bldg_A1,Meter_Bldg_A1_01,38.96,0.578,447.28,Multivariate Telemetry Anomaly,-0.001
2026-06-12 12:00:00,Site_A,Bldg_A1,Meter_Bldg_A1_01,37.93,0.574,457.84,Multivariate Telemetry Anomaly,-0.0032
2026-06-12 12:15:00,Site_A,Bldg_A1,Meter_Bldg_A1_01,38.28,0.557,464.07,Multivariate Telemetry Anomaly,-0.0026
2026-06-12 12:45:00,Site_A,Bldg_A1,Meter_Bldg_A1_01,38.52,0.568,463.21,Multivariate Telemetry Anomaly,-0.0055
2026-06-12 13:00:00,Site_A,Bldg_A1,Meter_Bldg_A1_01,38.74,0.492,467.81,Multivariate Telemetry Anomaly,-0.0337
2026-06-12 13:15:00,Site_A,Bldg_A1,Meter_Bldg_A1_01,38.35,0.656,465.95,Multivariate Telemetry Anomaly,-0.034
2026-06-12 13:30:00,Site_A,Bldg_A1,Meter_Bldg_A1_01,38.85,0.571,467.99,Multivariate Telemetry Anomaly,-0.0277
2026-06-12 13:45:00,Site_A,Bldg_A1,Meter_Bldg_A1_01,38.34,0.581,464.68,Multivariate Telemetry Anomaly,-0.0265
2026-06-12 14:00:00,Site_A,Bldg_A1,Meter_Bldg_A1_01,38.91,0.59,466.06,Multivariate Telemetry Anomaly,-0.0109
2026-06-12 14:30:00,Site_A,Bldg_A1,Meter_Bldg_A1_01,37.74,0.536,456.97,Multivariate Telemetry Anomaly,-0.0099
2026-06-12 15:15:00,Site_A,Bldg_A1,Meter_Bldg_A1_01,38.22,0.637,446.51,Multivariate Telemetry Anomaly,-0.0082
2026-06-12 15:30:00,Site_A,Bldg_A1,Meter_Bldg_A1_01,37.52,0.59,443.52,Multivariate Telemetry Anomaly,-0.0022
2026-06-15 09:00:00,Site_A,Bldg_A1,Meter_Bldg_A1_01,39.42,0.666,405.68,Multivariate Telemetry Anomaly,-0.0128
2026-06-15 10:30:00,Site_A,Bldg_A1,Meter_Bldg_A1_01,37.48,0.665,423.31,Multivariate Telemetry Anomaly,-0.0018
2026-06-15 11:00:00,Site_A,Bldg_A1,Meter_Bldg_A1_01,37.66,0.615,445.58,Multivariate Telemetry Anomaly,-0.0009
2026-06-15 11:30:00,Site_A,Bldg_A1,Meter_Bldg_A1_01,38.85,0.603,448.0,Multivariate Telemetry Anomaly,-0.0077
2026-06-15 11:45:00,Site_A,Bldg_A1,Meter_Bldg_A1_01,38.08,0.494,443.5,Multivariate Telemetry Anomaly,-0.0211
2026-06-15 12:00:00,Site_A,Bldg_A1,Meter_Bldg_A1_01,38.64,0.643,461.43,Multivariate Telemetry Anomaly,-0.049
2026-06-15 12:15:00,Site_A,Bldg_A1,Meter_Bldg_A1_01,38.82,0.599,461.11,Multivariate Telemetry Anomaly,-0.021
2026-06-15 12:30:00,Site_A,Bldg_A1,Meter_Bldg_A1_01,38.41,0.617,454.73,Multivariate Telemetry Anomaly,-0.0075
2026-06-15 12:45:00,Site_A,Bldg_A1,Meter_Bldg_A1_01,39.05,0.61,462.89,Multivariate Telemetry Anomaly,-0.0461
2026-06-15 13:00:00,Site_A,Bldg_A1,Meter_Bldg_A1_01,38.65,0.513,466.59,Multivariate Telemetry Anomaly,-0.0212
2026-06-15 13:15:00,Site_A,Bldg_A1,Meter_Bldg_A1_01,38.09,0.572,463.47,Multivariate Telemetry Anomaly,-0.0047
2026-06-15 13:30:00,Site_A,Bldg_A1,Meter_Bldg_A1_01,38.41,0.583,463.67,Multivariate Telemetry Anomaly,-0.0235
2026-06-15 13:45:00,Site_A,Bldg_A1,Meter_Bldg_A1_01,36.95,0.62,457.76,Multivariate Telemetry Anomaly,-0.0016
2026-06-15 14:00:00,Site_A,Bldg_A1,Meter_Bldg_A1_01,38.61,0.662,460.56,Multivariate Telemetry Anomaly,-0.0092
2026-06-15 14:15:00,Site_A,Bldg_A1,Meter_Bldg_A1_01,37.86,0.629,456.38,Multivariate Telemetry Anomaly,-0.0228
2026-06-15 14:30:00,Site_A,Bldg_A1,Meter_Bldg_A1_01,38.94,0.641,464.01,Multivariate Telemetry Anomaly,-0.0144
2026-06-15 14:45:00,Site_A,Bldg_A1,Meter_Bldg_A1_01,38.29,0.603,459.62,Multivariate Telemetry Anomaly,-0.016
2026-06-15 15:15:00,Site_A,Bldg_A1,Meter_Bldg_A1_01,38.13,0.539,447.56,Multivariate Telemetry Anomaly,-0.0061
2026-06-15 15:45:00,Site_A,Bldg_A1,Meter_Bldg_A1_01,38.32,0.639,447.03,Multivariate Telemetry Anomaly,-0.0153
2026-06-16 09:00:00,Site_A,Bldg_A1,Meter_Bldg_A1_01,39.0,0.506,402.83,Multivariate Telemetry Anomaly,-0.0085
2026-06-16 10:00:00,Site_A,Bldg_A1,Meter_Bldg_A1_01,38.15,0.643,427.43,Multivariate Telemetry Anomaly,-0.0006
2026-06-16 10:15:00,Site_A,Bldg_A1,Meter_Bldg_A1_01,38.5,0.52,425.24,Multivariate Telemetry Anomaly,-0.0066
2026-06-16 10:30:00,Site_A,Bldg_A1,Meter_Bldg_A1_01,38.54,0.582,430.22,Multivariate Telemetry Anomaly,-0.0082
2026-06-16 10:45:00,Site_A,Bldg_A1,Meter_Bldg_A1_01,38.74,0.545,428.08,Multivariate Telemetry Anomaly,-0.0086
2026-06-16 11:15:00,Site_A,Bldg_A1,Meter_Bldg_A1_01,38.22,0.606,443.53,Multivariate Telemetry Anomaly,-0.0023
2026-06-16 11:30:00,Site_A,Bldg_A1,Meter_Bldg_A1_01,38.76,0.609,453.3,Multivariate Telemetry Anomaly,-0.014
2026-06-16 12:00:00,Site_A,Bldg_A1,Meter_Bldg_A1_01,38.22,0.561,456.88,Multivariate Telemetry Anomaly,-0.0114
2026-06-16 12:15:00,Site_A,Bldg_A1,Meter_Bldg_A1_01,38.19,0.564,458.62,Multivariate Telemetry Anomaly,-0.0133
2026-06-16 12:45:00,Site_A,Bldg_A1,Meter_Bldg_A1_01,38.7,0.576,463.78,Multivariate Telemetry Anomaly,-0.0145
2026-06-16 13:00:00,Site_A,Bldg_A1,Meter_Bldg_A1_01,38.29,0.627,464.1,Multivariate Telemetry Anomaly,-0.0199
2026-06-16 13:15:00,Site_A,Bldg_A1,Meter_Bldg_A1_01,38.0,0.595,467.57,Multivariate Telemetry Anomaly,-0.0229
2026-06-16 13:45:00,Site_A,Bldg_A1,Meter_Bldg_A1_01,39.21,0.634,464.71,Multivariate Telemetry Anomaly,-0.0256
2026-06-16 14:00:00,Site_A,Bldg_A1,Meter_Bldg_A1_01,38.61,0.659,461.43,Multivariate Telemetry Anomaly,-0.007
2026-06-16 14:15:00,Site_A,Bldg_A1,Meter_Bldg_A1_01,39.41,0.713,466.64,Multivariate Telemetry Anomaly,-0.0293
2026-06-16 14:30:00,Site_A,Bldg_A1,Meter_Bldg_A1_01,38.91,0.572,462.98,Multivariate Telemetry Anomaly,-0.0083
2026-06-16 15:00:00,Site_A,Bldg_A1,Meter_Bldg_A1_01,38.32,0.586,449.98,Multivariate Telemetry Anomaly,-0.0026
2026-06-16 15:15:00,Site_A,Bldg_A1,Meter_Bldg_A1_01,38.41,0.661,446.57,Multivariate Telemetry Anomaly,-0.003
2026-06-16 15:30:00,Site_A,Bldg_A1,Meter_Bldg_A1_01,38.18,0.66,447.32,Multivariate Telemetry Anomaly,-0.0211
2026-06-16 15:45:00,Site_A,Bldg_A1,Meter_Bldg_A1_01,38.3,0.582,446.72,Multivariate Telemetry Anomaly,-0.0143
2026-06-16 16:30:00,Site_A,Bldg_A1,Meter_Bldg_A1_01,36.87,0.444,420.36,Multivariate Telemetry Anomaly,-0.0077
2026-06-16 18:45:00,Site_A,Bldg_A1,Meter_Bldg_A1_01,36.88,0.611,367.41,Multivariate Telemetry Anomaly,-0.0028
2026-06-17 10:00:00,Site_A,Bldg_A1,Meter_Bldg_A1_01,38.9,0.575,429.13,Multivariate Telemetry Anomaly,-0.0166
2026-06-17 11:00:00,Site_A,Bldg_A1,Meter_Bldg_A1_01,37.85,0.635,447.68,Multivariate Telemetry Anomaly,-0.0198
2026-06-17 11:15:00,Site_A,Bldg_A1,Meter_Bldg_A1_01,38.69,0.653,446.59,Multivariate Telemetry Anomaly,-0.0216
2026-06-17 11:30:00,Site_A,Bldg_A1,Meter_Bldg_A1_01,38.64,0.487,447.43,Multivariate Telemetry Anomaly,-0.0071
2026-06-17 11:45:00,Site_A,Bldg_A1,Meter_Bldg_A1_01,38.19,0.576,446.42,Multivariate Telemetry Anomaly,-0.0286
2026-06-17 12:00:00,Site_A,Bldg_A1,Meter_Bldg_A1_01,37.83,0.598,460.36,Multivariate Telemetry Anomaly,-0.0067
2026-06-17 12:15:00,Site_A,Bldg_A1,Meter_Bldg_A1_01,38.12,0.608,458.18,Multivariate Telemetry Anomaly,-0.0025
2026-06-17 12:30:00,Site_A,Bldg_A1,Meter_Bldg_A1_01,38.15,0.637,462.08,Multivariate Telemetry Anomaly,-0.0058
2026-06-17 12:45:00,Site_A,Bldg_A1,Meter_Bldg_A1_01,38.26,0.627,462.05,Multivariate Telemetry Anomaly,-0.0291
2026-06-17 13:00:00,Site_A,Bldg_A1,Meter_Bldg_A1_01,38.4,0.571,467.66,Multivariate Telemetry Anomaly,-0.0049
2026-06-17 13:15:00,Site_A,Bldg_A1,Meter_Bldg_A1_01,38.41,0.588,463.79,Multivariate Telemetry Anomaly,-0.0105
2026-06-17 13:30:00,Site_A,Bldg_A1,Meter_Bldg_A1_01,38.46,0.594,467.53,Multivariate Telemetry Anomaly,-0.0107
2026-06-17 13:45:00,Site_A,Bldg_A1,Meter_Bldg_A1_01,38.49,0.623,468.27,Multivariate Telemetry Anomaly,-0.0075
2026-06-17 14:15:00,Site_A,Bldg_A1,Meter_Bldg_A1_01,38.21,0.606,455.83,Multivariate Telemetry Anomaly,-0.0053
2026-06-17 14:30:00,Site_A,Bldg_A1,Meter_Bldg_A1_01,38.5,0.755,463.88,Multivariate Telemetry Anomaly,-0.0191
2026-06-17 14:45:00,Site_A,Bldg_A1,Meter_Bldg_A1_01,39.56,0.607,463.76,Multivariate Telemetry Anomaly,-0.0217
2026-06-17 15:15:00,Site_A,Bldg_A1,Meter_Bldg_A1_01,39.4,0.69,453.85,Multivariate Telemetry Anomaly,-0.0294
2026-06-17 15:45:00,Site_A,Bldg_A1,Meter_Bldg_A1_01,38.38,0.592,447.57,Multivariate Telemetry Anomaly,-0.0012
2026-06-18 09:45:00,Site_A,Bldg_A1,Meter_Bldg_A1_01,37.26,0.418,394.55,Multivariate Telemetry Anomaly,-0.0034
2026-06-18 10:00:00,Site_A,Bldg_A1,Meter_Bldg_A1_01,38.85,0.459,427.97,Multivariate Telemetry Anomaly,-0.0065
2026-06-18 10:45:00,Site_A,Bldg_A1,Meter_Bldg_A1_01,38.0,0.564,421.84,Multivariate Telemetry Anomaly,-0.0089
2026-06-18 11:00:00,Site_A,Bldg_A1,Meter_Bldg_A1_01,38.81,0.599,445.36,Multivariate Telemetry Anomaly,-0.0106
2026-06-18 11:15:00,Site_A,Bldg_A1,Meter_Bldg_A1_01,38.59,0.55,448.96,Multivariate Telemetry Anomaly,-0.0227
2026-06-18 11:45:00,Site_A,Bldg_A1,Meter_Bldg_A1_01,38.33,0.554,448.85,Multivariate Telemetry Anomaly,-0.0141
2026-06-18 12:00:00,Site_A,Bldg_A1,Meter_Bldg_A1_01,39.33,0.649,464.28,Multivariate Telemetry Anomaly,-0.0202
2026-06-18 12:15:00,Site_A,Bldg_A1,Meter_Bldg_A1_01,39.22,0.612,466.09,Multivariate Telemetry Anomaly,-0.0179
2026-06-18 12:30:00,Site_A,Bldg_A1,Meter_Bldg_A1_01,37.68,0.516,456.57,Multivariate Telemetry Anomaly,-0.0029
2026-06-18 12:45:00,Site_A,Bldg_A1,Meter_Bldg_A1_01,38.56,0.595,461.06,Multivariate Telemetry Anomaly,-0.0217
2026-06-18 13:00:00,Site_A,Bldg_A1,Meter_Bldg_A1_01,38.91,0.607,466.73,Multivariate Telemetry Anomaly,-0.0268
2026-06-18 13:15:00,Site_A,Bldg_A1,Meter_Bldg_A1_01,37.77,0.591,465.3,Multivariate Telemetry Anomaly,-0.0069
2026-06-18 13:30:00,Site_A,Bldg_A1,Meter_Bldg_A1_01,39.25,0.636,468.34,Multivariate Telemetry Anomaly,-0.0193
2026-06-18 13:45:00,Site_A,Bldg_A1,Meter_Bldg_A1_01,39.06,0.624,470.44,Multivariate Telemetry Anomaly,-0.0172
2026-06-18 14:15:00,Site_A,Bldg_A1,Meter_Bldg_A1_01,38.37,0.58,462.11,Multivariate Telemetry Anomaly,-0.0049
2026-06-18 14:30:00,Site_A,Bldg_A1,Meter_Bldg_A1_01,38.56,0.62,463.06,Multivariate Telemetry Anomaly,-0.0095
2026-06-18 14:45:00,Site_A,Bldg_A1,Meter_Bldg_A1_01,38.11,0.649,461.24,Multivariate Telemetry Anomaly,-0.0108
2026-06-18 15:15:00,Site_A,Bldg_A1,Meter_Bldg_A1_01,38.25,0.544,446.65,Multivariate Telemetry Anomaly,-0.0243
2026-06-18 15:30:00,Site_A,Bldg_A1,Meter_Bldg_A1_01,38.53,0.622,448.64,Multivariate Telemetry Anomaly,-0.0051
2026-06-18 15:45:00,Site_A,Bldg_A1,Meter_Bldg_A1_01,38.53,0.526,450.52,Multivariate Telemetry Anomaly,-0.0052
2026-06-19 09:00:00,Site_A,Bldg_A1,Meter_Bldg_A1_01,38.24,0.582,399.25,Multivariate Telemetry Anomaly,-0.0081
2026-06-19 11:00:00,Site_A,Bldg_A1,Meter_Bldg_A1_01,37.39,0.637,440.7,Multivariate Telemetry Anomaly,-0.0052
2026-06-19 11:30:00,Site_A,Bldg_A1,Meter_Bldg_A1_01,38.07,0.58,450.0,Multivariate Telemetry Anomaly,-0.0031
2026-06-19 11:45:00,Site_A,Bldg_A1,Meter_Bldg_A1_01,38.51,0.65,446.41,Multivariate Telemetry Anomaly,-0.008
2026-06-19 12:00:00,Site_A,Bldg_A1,Meter_Bldg_A1_01,38.6,0.631,460.13,Multivariate Telemetry Anomaly,-0.0065
2026-06-19 12:15:00,Site_A,Bldg_A1,Meter_Bldg_A1_01,38.68,0.591,463.31,Multivariate Telemetry Anomaly,-0.0157
2026-06-19 12:30:00,Site_A,Bldg_A1,Meter_Bldg_A1_01,39.85,0.618,466.68,Multivariate Telemetry Anomaly,-0.0271
2026-06-19 12:45:00,Site_A,Bldg_A1,Meter_Bldg_A1_01,39.09,0.578,461.24,Multivariate Telemetry Anomaly,-0.0067
2026-06-19 13:00:00,Site_A,Bldg_A1,Meter_Bldg_A1_01,39.5,0.657,472.3,Multivariate Telemetry Anomaly,-0.0406
2026-06-19 13:15:00,Site_A,Bldg_A1,Meter_Bldg_A1_01,38.67,0.675,464.17,Multivariate Telemetry Anomaly,-0.0235
2026-06-19 13:30:00,Site_A,Bldg_A1,Meter_Bldg_A1_01,38.14,0.603,466.02,Multivariate Telemetry Anomaly,-0.0085
2026-06-19 13:45:00,Site_A,Bldg_A1,Meter_Bldg_A1_01,37.55,0.606,461.09,Multivariate Telemetry Anomaly,-0.0099
2026-06-19 14:00:00,Site_A,Bldg_A1,Meter_Bldg_A1_01,38.9,0.547,462.54,Multivariate Telemetry Anomaly,-0.0152
2026-06-19 14:15:00,Site_A,Bldg_A1,Meter_Bldg_A1_01,38.45,0.548,461.59,Multivariate Telemetry Anomaly,-0.0197
2026-06-19 14:30:00,Site_A,Bldg_A1,Meter_Bldg_A1_01,38.45,0.624,464.47,Multivariate Telemetry Anomaly,-0.0248
2026-06-19 14:45:00,Site_A,Bldg_A1,Meter_Bldg_A1_01,37.72,0.58,456.94,Multivariate Telemetry Anomaly,-0.0222
2026-06-19 15:15:00,Site_A,Bldg_A1,Meter_Bldg_A1_01,37.19,0.461,440.03,Multivariate Telemetry Anomaly,-0.0114
2026-06-19 15:45:00,Site_A,Bldg_A1,Meter_Bldg_A1_01,37.98,0.627,443.23,Multivariate Telemetry Anomaly,-0.0021
2026-06-22 10:00:00,Site_A,Bldg_A1,Meter_Bldg_A1_01,39.14,0.623,428.8,Multivariate Telemetry Anomaly,-0.0239
2026-06-22 10:30:00,Site_A,Bldg_A1,Meter_Bldg_A1_01,38.0,0.477,426.11,Multivariate Telemetry Anomaly,-0.0119
2026-06-22 10:45:00,Site_A,Bldg_A1,Meter_Bldg_A1_01,38.86,0.578,428.13,Multivariate Telemetry Anomaly,-0.0041
2026-06-22 11:00:00,Site_A,Bldg_A1,Meter_Bldg_A1_01,38.86,0.661,451.76,Multivariate Telemetry Anomaly,-0.0181
2026-06-22 11:15:00,Site_A,Bldg_A1,Meter_Bldg_A1_01,38.89,0.509,448.81,Multivariate Telemetry Anomaly,-0.0096
2026-06-22 11:30:00,Site_A,Bldg_A1,Meter_Bldg_A1_01,38.66,0.614,445.85,Multivariate Telemetry Anomaly,-0.0144
2026-06-22 11:45:00,Site_A,Bldg_A1,Meter_Bldg_A1_01,38.5,0.674,444.78,Multivariate Telemetry Anomaly,-0.0167
2026-06-22 12:00:00,Site_A,Bldg_A1,Meter_Bldg_A1_01,38.83,0.54,465.76,Multivariate Telemetry Anomaly,-0.0062
2026-06-22 12:15:00,Site_A,Bldg_A1,Meter_Bldg_A1_01,38.74,0.662,461.01,Multivariate Telemetry Anomaly,-0.0131
2026-06-22 12:30:00,Site_A,Bldg_A1,Meter_Bldg_A1_01,39.52,0.664,466.32,Multivariate Telemetry Anomaly,-0.0241
2026-06-22 12:45:00,Site_A,Bldg_A1,Meter_Bldg_A1_01,38.27,0.623,460.03,Multivariate Telemetry Anomaly,-0.0021
2026-06-22 13:00:00,Site_A,Bldg_A1,Meter_Bldg_A1_01,38.74,0.733,470.56,Multivariate Telemetry Anomaly,-0.0363
2026-06-22 13:15:00,Site_A,Bldg_A1,Meter_Bldg_A1_01,39.26,0.581,466.99,Multivariate Telemetry Anomaly,-0.0347
2026-06-22 13:30:00,Site_A,Bldg_A1,Meter_Bldg_A1_01,39.14,0.585,468.02,Multivariate Telemetry Anomaly,-0.0237
2026-06-22 13:45:00,Site_A,Bldg_A1,Meter_Bldg_A1_01,37.6,0.566,459.87,Multivariate Telemetry Anomaly,-0.0031
2026-06-22 14:30:00,Site_A,Bldg_A1,Meter_Bldg_A1_01,38.72,0.629,459.47,Multivariate Telemetry Anomaly,-0.0331
2026-06-22 14:45:00,Site_A,Bldg_A1,Meter_Bldg_A1_01,37.78,0.629,457.16,Multivariate Telemetry Anomaly,-0.0119
2026-06-22 15:30:00,Site_A,Bldg_A1,Meter_Bldg_A1_01,37.92,0.493,443.01,Multivariate Telemetry Anomaly,-0.0212
2026-06-22 16:15:00,Site_A,Bldg_A1,Meter_Bldg_A1_01,37.5,0.525,426.38,Multivariate Telemetry Anomaly,-0.015
2026-06-23 10:00:00,Site_A,Bldg_A1,Meter_Bldg_A1_01,39.28,0.612,431.12,Multivariate Telemetry Anomaly,-0.0177
2026-06-23 10:15:00,Site_A,Bldg_A1,Meter_Bldg_A1_01,37.37,0.499,425.52,Multivariate Telemetry Anomaly,-0.0186
2026-06-23 10:30:00,Site_A,Bldg_A1,Meter_Bldg_A1_01,38.24,0.501,428.84,Multivariate Telemetry Anomaly,-0.0085
2026-06-23 10:45:00,Site_A,Bldg_A1,Meter_Bldg_A1_01,38.09,0.572,426.64,Multivariate Telemetry Anomaly,-0.0063
2026-06-23 11:00:00,Site_A,Bldg_A1,Meter_Bldg_A1_01,39.12,0.645,450.93,Multivariate Telemetry Anomaly,-0.0291
2026-06-23 11:15:00,Site_A,Bldg_A1,Meter_Bldg_A1_01,38.15,0.552,448.0,Multivariate Telemetry Anomaly,-0.0034
2026-06-23 11:30:00,Site_A,Bldg_A1,Meter_Bldg_A1_01,38.11,0.545,447.88,Multivariate Telemetry Anomaly,-0.0084
2026-06-23 11:45:00,Site_A,Bldg_A1,Meter_Bldg_A1_01,38.9,0.578,451.22,Multivariate Telemetry Anomaly,-0.0096
2026-06-23 12:00:00,Site_A,Bldg_A1,Meter_Bldg_A1_01,38.38,0.579,463.53,Multivariate Telemetry Anomaly,-0.0105
2026-06-23 12:15:00,Site_A,Bldg_A1,Meter_Bldg_A1_01,38.09,0.635,461.28,Multivariate Telemetry Anomaly,-0.0198
2026-06-23 12:30:00,Site_A,Bldg_A1,Meter_Bldg_A1_01,37.88,0.602,457.99,Multivariate Telemetry Anomaly,-0.0028
2026-06-23 12:45:00,Site_A,Bldg_A1,Meter_Bldg_A1_01,38.18,0.584,455.73,Multivariate Telemetry Anomaly,-0.0119
2026-06-23 13:00:00,Site_A,Bldg_A1,Meter_Bldg_A1_01,38.63,0.581,464.44,Multivariate Telemetry Anomaly,-0.0107
2026-06-23 13:15:00,Site_A,Bldg_A1,Meter_Bldg_A1_01,37.91,0.569,463.49,Multivariate Telemetry Anomaly,-0.0302
2026-06-23 13:30:00,Site_A,Bldg_A1,Meter_Bldg_A1_01,38.99,0.689,467.93,Multivariate Telemetry Anomaly,-0.0149
2026-06-23 13:45:00,Site_A,Bldg_A1,Meter_Bldg_A1_01,39.53,0.588,469.02,Multivariate Telemetry Anomaly,-0.0161
2026-06-23 14:00:00,Site_A,Bldg_A1,Meter_Bldg_A1_01,38.41,0.5,456.44,Multivariate Telemetry Anomaly,-0.0021
2026-06-23 14:30:00,Site_A,Bldg_A1,Meter_Bldg_A1_01,39.0,0.564,465.91,Multivariate Telemetry Anomaly,-0.0192
2026-06-23 15:30:00,Site_A,Bldg_A1,Meter_Bldg_A1_01,38.33,0.533,446.2,Multivariate Telemetry Anomaly,-0.0465
2026-06-23 15:45:00,Site_A,Bldg_A1,Meter_Bldg_A1_01,38.47,0.649,449.03,Multivariate Telemetry Anomaly,-0.0079
2026-06-23 17:00:00,Site_A,Bldg_A1,Meter_Bldg_A1_01,36.45,0.453,391.64,Multivariate Telemetry Anomaly,-0.001
2026-06-24 10:30:00,Site_A,Bldg_A1,Meter_Bldg_A1_01,37.73,0.513,425.5,Multivariate Telemetry Anomaly,-0.0002
2026-06-24 10:45:00,Site_A,Bldg_A1,Meter_Bldg_A1_01,38.37,0.568,426.95,Multivariate Telemetry Anomaly,-0.0098
2026-06-24 11:00:00,Site_A,Bldg_A1,Meter_Bldg_A1_01,39.25,0.619,448.33,Multivariate Telemetry Anomaly,-0.0279
2026-06-24 11:15:00,Site_A,Bldg_A1,Meter_Bldg_A1_01,37.93,0.519,444.28,Multivariate Telemetry Anomaly,-0.0083
2026-06-24 11:30:00,Site_A,Bldg_A1,Meter_Bldg_A1_01,38.59,0.558,447.9,Multivariate Telemetry Anomaly,-0.0392
2026-06-24 11:45:00,Site_A,Bldg_A1,Meter_Bldg_A1_01,38.77,0.547,450.79,Multivariate Telemetry Anomaly,-0.015
2026-06-24 12:00:00,Site_A,Bldg_A1,Meter_Bldg_A1_01,39.04,0.584,461.37,Multivariate Telemetry Anomaly,-0.0141
2026-06-24 12:15:00,Site_A,Bldg_A1,Meter_Bldg_A1_01,38.14,0.483,460.76,Multivariate Telemetry Anomaly,-0.0132
2026-06-24 12:30:00,Site_A,Bldg_A1,Meter_Bldg_A1_01,37.88,0.561,458.44,Multivariate Telemetry Anomaly,-0.0014
2026-06-24 12:45:00,Site_A,Bldg_A1,Meter_Bldg_A1_01,38.34,0.634,462.98,Multivariate Telemetry Anomaly,-0.0126
2026-06-24 13:00:00,Site_A,Bldg_A1,Meter_Bldg_A1_01,37.9,0.564,462.96,Multivariate Telemetry Anomaly,-0.0055
2026-06-24 13:15:00,Site_A,Bldg_A1,Meter_Bldg_A1_01,38.21,0.613,464.35,Multivariate Telemetry Anomaly,-0.0087
2026-06-24 13:30:00,Site_A,Bldg_A1,Meter_Bldg_A1_01,38.21,0.583,461.11,Multivariate Telemetry Anomaly,-0.0091
2026-06-24 13:45:00,Site_A,Bldg_A1,Meter_Bldg_A1_01,38.53,0.576,466.12,Multivariate Telemetry Anomaly,-0.0092
2026-06-24 14:00:00,Site_A,Bldg_A1,Meter_Bldg_A1_01,38.96,0.622,463.17,Multivariate Telemetry Anomaly,-0.0266
2026-06-24 14:15:00,Site_A,Bldg_A1,Meter_Bldg_A1_01,38.42,0.663,463.77,Multivariate Telemetry Anomaly,-0.0325
2026-06-24 14:30:00,Site_A,Bldg_A1,Meter_Bldg_A1_01,38.12,0.61,459.34,Multivariate Telemetry Anomaly,-0.0005
2026-06-24 14:45:00,Site_A,Bldg_A1,Meter_Bldg_A1_01,37.53,0.666,460.28,Multivariate Telemetry Anomaly,-0.0023
2026-06-24 15:00:00,Site_A,Bldg_A1,Meter_Bldg_A1_01,37.26,0.601,440.27,Multivariate Telemetry Anomaly,-0.0001
2026-06-24 15:15:00,Site_A,Bldg_A1,Meter_Bldg_A1_01,37.73,0.465,445.42,Multivariate Telemetry Anomaly,-0.0164
2026-06-24 15:30:00,Site_A,Bldg_A1,Meter_Bldg_A1_01,38.31,0.648,444.36,Multivariate Telemetry Anomaly,-0.0082
2026-06-24 15:45:00,Site_A,Bldg_A1,Meter_Bldg_A1_01,38.36,0.555,450.78,Multivariate Telemetry Anomaly,-0.0183
2026-06-24 16:00:00,Site_A,Bldg_A1,Meter_Bldg_A1_01,38.62,0.685,426.66,Multivariate Telemetry Anomaly,-0.0046
2026-06-24 16:15:00,Site_A,Bldg_A1,Meter_Bldg_A1_01,38.92,0.591,428.48,Multivariate Telemetry Anomaly,-0.0007
2026-06-25 10:00:00,Site_A,Bldg_A1,Meter_Bldg_A1_01,37.63,0.572,422.33,Multivariate Telemetry Anomaly,-0.0048
2026-06-25 10:15:00,Site_A,Bldg_A1,Meter_Bldg_A1_01,37.83,0.594,426.17,Multivariate Telemetry Anomaly,-0.0155
2026-06-25 11:00:00,Site_A,Bldg_A1,Meter_Bldg_A1_01,38.41,0.588,449.58,Multivariate Telemetry Anomaly,-0.002
2026-06-25 11:15:00,Site_A,Bldg_A1,Meter_Bldg_A1_01,38.02,0.513,441.63,Multivariate Telemetry Anomaly,-0.0297
2026-06-25 11:30:00,Site_A,Bldg_A1,Meter_Bldg_A1_01,39.05,0.598,453.15,Multivariate Telemetry Anomaly,-0.0054
2026-06-25 11:45:00,Site_A,Bldg_A1,Meter_Bldg_A1_01,39.77,0.613,457.81,Multivariate Telemetry Anomaly,-0.0407
2026-06-25 12:00:00,Site_A,Bldg_A1,Meter_Bldg_A1_01,38.65,0.59,460.4,Multivariate Telemetry Anomaly,-0.0169
2026-06-25 12:15:00,Site_A,Bldg_A1,Meter_Bldg_A1_01,37.57,0.624,455.93,Multivariate Telemetry Anomaly,-0.0206
2026-06-25 12:30:00,Site_A,Bldg_A1,Meter_Bldg_A1_01,38.11,0.674,460.21,Multivariate Telemetry Anomaly,-0.0124
2026-06-25 12:45:00,Site_A,Bldg_A1,Meter_Bldg_A1_01,39.78,0.585,464.03,Multivariate Telemetry Anomaly,-0.0248
2026-06-25 13:00:00,Site_A,Bldg_A1,Meter_Bldg_A1_01,38.84,0.624,467.56,Multivariate Telemetry Anomaly,-0.0204
2026-06-25 13:30:00,Site_A,Bldg_A1,Meter_Bldg_A1_01,38.7,0.573,466.08,Multivariate Telemetry Anomaly,-0.0221
2026-06-25 13:45:00,Site_A,Bldg_A1,Meter_Bldg_A1_01,38.41,0.593,466.26,Multivariate Telemetry Anomaly,-0.0143
2026-06-25 14:00:00,Site_A,Bldg_A1,Meter_Bldg_A1_01,38.62,0.634,461.88,Multivariate Telemetry Anomaly,-0.0327
2026-06-25 14:15:00,Site_A,Bldg_A1,Meter_Bldg_A1_01,38.89,0.613,461.72,Multivariate Telemetry Anomaly,-0.0379
2026-06-25 14:45:00,Site_A,Bldg_A1,Meter_Bldg_A1_01,38.65,0.476,461.12,Multivariate Telemetry Anomaly,-0.0049
2026-06-25 15:15:00,Site_A,Bldg_A1,Meter_Bldg_A1_01,38.62,0.592,445.48,Multivariate Telemetry Anomaly,-0.0085
2026-06-25 15:30:00,Site_A,Bldg_A1,Meter_Bldg_A1_01,38.88,0.648,451.07,Multivariate Telemetry Anomaly,-0.0098
2026-06-25 15:45:00,Site_A,Bldg_A1,Meter_Bldg_A1_01,38.04,0.584,446.84,Multivariate Telemetry Anomaly,-0.0063
2026-06-26 09:45:00,Site_A,Bldg_A1,Meter_Bldg_A1_01,38.23,0.566,400.04,Multivariate Telemetry Anomaly,-0.0069
2026-06-26 11:00:00,Site_A,Bldg_A1,Meter_Bldg_A1_01,38.14,0.592,443.09,Multivariate Telemetry Anomaly,-0.0156
2026-06-26 11:15:00,Site_A,Bldg_A1,Meter_Bldg_A1_01,37.92,0.649,448.1,Multivariate Telemetry Anomaly,-0.0215
2026-06-26 11:30:00,Site_A,Bldg_A1,Meter_Bldg_A1_01,38.78,0.578,447.33,Multivariate Telemetry Anomaly,-0.0036
2026-06-26 11:45:00,Site_A,Bldg_A1,Meter_Bldg_A1_01,38.7,0.611,449.89,Multivariate Telemetry Anomaly,-0.0135
2026-06-26 12:00:00,Site_A,Bldg_A1,Meter_Bldg_A1_01,38.65,0.631,461.91,Multivariate Telemetry Anomaly,-0.0079
2026-06-26 12:15:00,Site_A,Bldg_A1,Meter_Bldg_A1_01,39.08,0.633,460.73,Multivariate Telemetry Anomaly,-0.0197
2026-06-26 12:30:00,Site_A,Bldg_A1,Meter_Bldg_A1_01,38.59,0.562,459.72,Multivariate Telemetry Anomaly,-0.0127
2026-06-26 13:00:00,Site_A,Bldg_A1,Meter_Bldg_A1_01,37.91,0.589,463.31,Multivariate Telemetry Anomaly,-0.0153
2026-06-26 13:15:00,Site_A,Bldg_A1,Meter_Bldg_A1_01,38.67,0.585,465.12,Multivariate Telemetry Anomaly,-0.0131
2026-06-26 13:30:00,Site_A,Bldg_A1,Meter_Bldg_A1_01,38.05,0.6,464.0,Multivariate Telemetry Anomaly,-0.0063
2026-06-26 14:15:00,Site_A,Bldg_A1,Meter_Bldg_A1_01,38.9,0.622,459.68,Multivariate Telemetry Anomaly,-0.0076
2026-06-26 14:30:00,Site_A,Bldg_A1,Meter_Bldg_A1_01,38.79,0.599,462.37,Multivariate Telemetry Anomaly,-0.0072
2026-06-26 14:45:00,Site_A,Bldg_A1,Meter_Bldg_A1_01,37.64,0.7,455.72,Multivariate Telemetry Anomaly,-0.0137
2026-06-26 15:00:00,Site_A,Bldg_A1,Meter_Bldg_A1_01,37.59,0.554,446.13,Multivariate Telemetry Anomaly,-0.0019
2026-06-26 15:15:00,Site_A,Bldg_A1,Meter_Bldg_A1_01,38.52,0.536,450.15,Multivariate Telemetry Anomaly,-0.0016
2026-06-26 15:30:00,Site_A,Bldg_A1,Meter_Bldg_A1_01,37.87,0.622,442.24,Multivariate Telemetry Anomaly,-0.0027
2026-06-29 09:15:00,Site_A,Bldg_A1,Meter_Bldg_A1_01,38.36,0.514,398.6,Multivariate Telemetry Anomaly,-0.0185
2026-06-29 10:00:00,Site_A,Bldg_A1,Meter_Bldg_A1_01,38.62,0.56,427.85,Multivariate Telemetry Anomaly,-0.0044
2026-06-29 10:15:00,Site_A,Bldg_A1,Meter_Bldg_A1_01,38.43,0.625,427.36,Multivariate Telemetry Anomaly,-0.0013
2026-06-29 10:45:00,Site_A,Bldg_A1,Meter_Bldg_A1_01,38.56,0.62,428.0,Multivariate Telemetry Anomaly,-0.0005
2026-06-29 11:30:00,Site_A,Bldg_A1,Meter_Bldg_A1_01,39.0,0.664,447.62,Multivariate Telemetry Anomaly,-0.0232
2026-06-29 11:45:00,Site_A,Bldg_A1,Meter_Bldg_A1_01,38.76,0.628,449.72,Multivariate Telemetry Anomaly,-0.0193
2026-06-29 12:15:00,Site_A,Bldg_A1,Meter_Bldg_A1_01,38.44,0.563,463.05,Multivariate Telemetry Anomaly,-0.0166
2026-06-29 12:30:00,Site_A,Bldg_A1,Meter_Bldg_A1_01,38.95,0.535,464.02,Multivariate Telemetry Anomaly,-0.0254
2026-06-29 12:45:00,Site_A,Bldg_A1,Meter_Bldg_A1_01,37.96,0.615,456.81,Multivariate Telemetry Anomaly,-0.0073
2026-06-29 13:00:00,Site_A,Bldg_A1,Meter_Bldg_A1_01,38.0,0.652,461.44,Multivariate Telemetry Anomaly,-0.0113
2026-06-29 13:15:00,Site_A,Bldg_A1,Meter_Bldg_A1_01,38.05,0.595,462.38,Multivariate Telemetry Anomaly,-0.0276
2026-06-29 13:30:00,Site_A,Bldg_A1,Meter_Bldg_A1_01,38.24,0.579,463.09,Multivariate Telemetry Anomaly,-0.0049
2026-06-29 13:45:00,Site_A,Bldg_A1,Meter_Bldg_A1_01,37.97,0.576,463.99,Multivariate Telemetry Anomaly,-0.0083
2026-06-29 14:00:00,Site_A,Bldg_A1,Meter_Bldg_A1_01,38.41,0.473,461.61,Multivariate Telemetry Anomaly,-0.0187
2026-06-29 14:15:00,Site_A,Bldg_A1,Meter_Bldg_A1_01,38.01,0.609,460.76,Multivariate Telemetry Anomaly,-0.0066
2026-06-29 14:45:00,Site_A,Bldg_A1,Meter_Bldg_A1_01,38.16,0.557,461.36,Multivariate Telemetry Anomaly,-0.0095
2026-06-29 15:15:00,Site_A,Bldg_A1,Meter_Bldg_A1_01,38.42,0.57,445.77,Multivariate Telemetry Anomaly,-0.0279
2026-06-30 09:00:00,Site_A,Bldg_A1,Meter_Bldg_A1_01,37.67,0.603,395.34,Multivariate Telemetry Anomaly,-0.0012
2026-06-30 10:00:00,Site_A,Bldg_A1,Meter_Bldg_A1_01,38.91,0.596,432.03,Multivariate Telemetry Anomaly,-0.011
2026-06-30 11:15:00,Site_A,Bldg_A1,Meter_Bldg_A1_01,38.3,0.608,446.58,Multivariate Telemetry Anomaly,-0.0022
2026-06-30 11:30:00,Site_A,Bldg_A1,Meter_Bldg_A1_01,37.35,0.577,443.16,Multivariate Telemetry Anomaly,-0.0105
2026-06-30 12:15:00,Site_A,Bldg_A1,Meter_Bldg_A1_01,37.34,0.65,460.1,Multivariate Telemetry Anomaly,-0.0155
2026-06-30 12:30:00,Site_A,Bldg_A1,Meter_Bldg_A1_01,39.0,0.624,466.07,Multivariate Telemetry Anomaly,-0.0227
2026-06-30 12:45:00,Site_A,Bldg_A1,Meter_Bldg_A1_01,38.98,0.624,463.93,Multivariate Telemetry Anomaly,-0.0305
2026-06-30 13:00:00,Site_A,Bldg_A1,Meter_Bldg_A1_01,38.88,0.625,465.44,Multivariate Telemetry Anomaly,-0.0101
2026-06-30 13:15:00,Site_A,Bldg_A1,Meter_Bldg_A1_01,39.95,0.641,470.54,Multivariate Telemetry Anomaly,-0.028
2026-06-30 13:30:00,Site_A,Bldg_A1,Meter_Bldg_A1_01,37.85,0.616,466.37,Multivariate Telemetry Anomaly,-0.0048
2026-06-30 13:45:00,Site_A,Bldg_A1,Meter_Bldg_A1_01,38.27,0.561,463.77,Multivariate Telemetry Anomaly,-0.0002
2026-06-30 14:00:00,Site_A,Bldg_A1,Meter_Bldg_A1_01,39.32,0.515,468.87,Multivariate Telemetry Anomaly,-0.0253
2026-06-30 14:15:00,Site_A,Bldg_A1,Meter_Bldg_A1_01,38.36,0.548,459.03,Multivariate Telemetry Anomaly,-0.0248
2026-06-30 15:15:00,Site_A,Bldg_A1,Meter_Bldg_A1_01,37.83,0.618,442.32,Multivariate Telemetry Anomaly,-0.006
2026-06-30 15:30:00,Site_A,Bldg_A1,Meter_Bldg_A1_01,37.65,0.624,444.17,Multivariate Telemetry Anomaly,-0.0045
2026-06-30 15:45:00,Site_A,Bldg_A1,Meter_Bldg_A1_01,38.34,0.527,445.64,Multivariate Telemetry Anomaly,-0.0105
2026-06-30 16:00:00,Site_A,Bldg_A1,Meter_Bldg_A1_01,37.32,0.616,422.27,Multivariate Telemetry Anomaly,-0.0033
2026-06-30 16:15:00,Site_A,Bldg_A1,Meter_Bldg_A1_01,36.59,0.514,420.92,Multivariate Telemetry Anomaly,-0.003
2026-06-01 09:30:00,Site_A,Bldg_A2,Meter_Bldg_A2_01,38.15,0.644,399.62,Multivariate Telemetry Anomaly,-0.0029
2026-06-01 10:00:00,Site_A,Bldg_A2,Meter_Bldg_A2_01,37.99,0.595,427.9,Multivariate Telemetry Anomaly,-0.0014
2026-06-01 10:30:00,Site_A,Bldg_A2,Meter_Bldg_A2_01,38.24,0.685,431.37,Multivariate Telemetry Anomaly,-0.0219
2026-06-01 10:45:00,Site_A,Bldg_A2,Meter_Bldg_A2_01,38.18,0.518,427.32,Multivariate Telemetry Anomaly,-0.0373
2026-06-01 11:00:00,Site_A,Bldg_A2,Meter_Bldg_A2_01,38.72,0.591,450.82,Multivariate Telemetry Anomaly,-0.0273
2026-06-01 11:15:00,Site_A,Bldg_A2,Meter_Bldg_A2_01,37.91,0.608,445.89,Multivariate Telemetry Anomaly,-0.0043
2026-06-01 11:30:00,Site_A,Bldg_A2,Meter_Bldg_A2_01,38.85,0.526,451.34,Multivariate Telemetry Anomaly,-0.0434
2026-06-01 11:45:00,Site_A,Bldg_A2,Meter_Bldg_A2_01,37.66,0.687,444.3,Multivariate Telemetry Anomaly,-0.0111
2026-06-01 12:00:00,Site_A,Bldg_A2,Meter_Bldg_A2_01,37.85,0.593,457.79,Multivariate Telemetry Anomaly,-0.004
2026-06-01 12:15:00,Site_A,Bldg_A2,Meter_Bldg_A2_01,38.25,0.608,461.22,Multivariate Telemetry Anomaly,-0.0066
2026-06-01 12:30:00,Site_A,Bldg_A2,Meter_Bldg_A2_01,38.2,0.607,459.95,Multivariate Telemetry Anomaly,-0.0251
2026-06-01 12:45:00,Site_A,Bldg_A2,Meter_Bldg_A2_01,38.33,0.596,458.02,Multivariate Telemetry Anomaly,-0.0277
2026-06-01 13:00:00,Site_A,Bldg_A2,Meter_Bldg_A2_01,38.17,0.531,463.41,Multivariate Telemetry Anomaly,-0.0134
2026-06-01 13:15:00,Site_A,Bldg_A2,Meter_Bldg_A2_01,38.1,0.555,468.5,Multivariate Telemetry Anomaly,-0.0165
2026-06-01 13:30:00,Site_A,Bldg_A2,Meter_Bldg_A2_01,38.66,0.53,467.38,Multivariate Telemetry Anomaly,-0.0229
2026-06-01 13:45:00,Site_A,Bldg_A2,Meter_Bldg_A2_01,38.01,0.62,463.15,Multivariate Telemetry Anomaly,-0.0145
2026-06-01 14:15:00,Site_A,Bldg_A2,Meter_Bldg_A2_01,37.81,0.66,456.3,Multivariate Telemetry Anomaly,-0.0024
2026-06-01 14:30:00,Site_A,Bldg_A2,Meter_Bldg_A2_01,39.04,0.487,464.54,Multivariate Telemetry Anomaly,-0.033
2026-06-01 14:45:00,Site_A,Bldg_A2,Meter_Bldg_A2_01,38.48,0.628,463.13,Multivariate Telemetry Anomaly,-0.0106
2026-06-01 15:00:00,Site_A,Bldg_A2,Meter_Bldg_A2_01,36.8,0.437,441.08,Multivariate Telemetry Anomaly,-0.0152
2026-06-01 15:15:00,Site_A,Bldg_A2,Meter_Bldg_A2_01,37.82,0.624,444.76,Multivariate Telemetry Anomaly,-0.003
2026-06-01 15:30:00,Site_A,Bldg_A2,Meter_Bldg_A2_01,37.62,0.419,445.7,Multivariate Telemetry Anomaly,-0.0187
2026-06-02 09:15:00,Site_A,Bldg_A2,Meter_Bldg_A2_01,38.37,0.596,404.8,Multivariate Telemetry Anomaly,-0.0028
2026-06-02 09:45:00,Site_A,Bldg_A2,Meter_Bldg_A2_01,38.7,0.597,400.06,Multivariate Telemetry Anomaly,-0.0324
2026-06-02 10:30:00,Site_A,Bldg_A2,Meter_Bldg_A2_01,38.39,0.554,431.28,Multivariate Telemetry Anomaly,-0.0066
2026-06-02 10:45:00,Site_A,Bldg_A2,Meter_Bldg_A2_01,38.92,0.627,433.83,Multivariate Telemetry Anomaly,-0.0088
2026-06-02 11:00:00,Site_A,Bldg_A2,Meter_Bldg_A2_01,38.24,0.522,445.88,Multivariate Telemetry Anomaly,-0.0146
2026-06-02 11:15:00,Site_A,Bldg_A2,Meter_Bldg_A2_01,38.69,0.591,451.67,Multivariate Telemetry Anomaly,-0.0156
2026-06-02 11:30:00,Site_A,Bldg_A2,Meter_Bldg_A2_01,38.53,0.512,450.28,Multivariate Telemetry Anomaly,-0.0014
2026-06-02 11:45:00,Site_A,Bldg_A2,Meter_Bldg_A2_01,37.65,0.496,447.87,Multivariate Telemetry Anomaly,-0.0159
2026-06-02 12:00:00,Site_A,Bldg_A2,Meter_Bldg_A2_01,38.67,0.584,462.47,Multivariate Telemetry Anomaly,-0.0206
2026-06-02 12:15:00,Site_A,Bldg_A2,Meter_Bldg_A2_01,38.61,0.657,463.21,Multivariate Telemetry Anomaly,-0.0215
2026-06-02 12:30:00,Site_A,Bldg_A2,Meter_Bldg_A2_01,37.75,0.64,457.31,Multivariate Telemetry Anomaly,-0.012
2026-06-02 12:45:00,Site_A,Bldg_A2,Meter_Bldg_A2_01,38.53,0.568,460.12,Multivariate Telemetry Anomaly,-0.0093
2026-06-02 13:00:00,Site_A,Bldg_A2,Meter_Bldg_A2_01,38.13,0.627,462.88,Multivariate Telemetry Anomaly,-0.0399
2026-06-02 13:15:00,Site_A,Bldg_A2,Meter_Bldg_A2_01,38.14,0.52,465.4,Multivariate Telemetry Anomaly,-0.0063
2026-06-02 13:30:00,Site_A,Bldg_A2,Meter_Bldg_A2_01,38.64,0.684,466.76,Multivariate Telemetry Anomaly,-0.0177
2026-06-02 13:45:00,Site_A,Bldg_A2,Meter_Bldg_A2_01,38.34,0.552,462.36,Multivariate Telemetry Anomaly,-0.0047
2026-06-02 14:00:00,Site_A,Bldg_A2,Meter_Bldg_A2_01,38.28,0.569,458.47,Multivariate Telemetry Anomaly,-0.0041
2026-06-02 14:15:00,Site_A,Bldg_A2,Meter_Bldg_A2_01,37.56,0.606,455.86,Multivariate Telemetry Anomaly,-0.0046
2026-06-02 14:30:00,Site_A,Bldg_A2,Meter_Bldg_A2_01,39.18,0.654,464.02,Multivariate Telemetry Anomaly,-0.0325
2026-06-02 14:45:00,Site_A,Bldg_A2,Meter_Bldg_A2_01,38.34,0.598,460.23,Multivariate Telemetry Anomaly,-0.0209
2026-06-02 15:30:00,Site_A,Bldg_A2,Meter_Bldg_A2_01,37.85,0.587,445.22,Multivariate Telemetry Anomaly,-0.0001
2026-06-02 15:45:00,Site_A,Bldg_A2,Meter_Bldg_A2_01,38.19,0.604,446.51,Multivariate Telemetry Anomaly,-0.0066
2026-06-02 16:00:00,Site_A,Bldg_A2,Meter_Bldg_A2_01,37.77,0.68,424.44,Multivariate Telemetry Anomaly,-0.004
2026-06-02 17:45:00,Site_A,Bldg_A2,Meter_Bldg_A2_01,37.34,0.593,395.47,Multivariate Telemetry Anomaly,-0.0071
2026-06-03 09:30:00,Site_A,Bldg_A2,Meter_Bldg_A2_01,37.55,0.523,397.16,Multivariate Telemetry Anomaly,-0.0058
2026-06-03 10:15:00,Site_A,Bldg_A2,Meter_Bldg_A2_01,38.62,0.579,426.74,Multivariate Telemetry Anomaly,-0.0268
2026-06-03 11:00:00,Site_A,Bldg_A2,Meter_Bldg_A2_01,39.33,0.556,449.59,Multivariate Telemetry Anomaly,-0.0129
2026-06-03 11:15:00,Site_A,Bldg_A2,Meter_Bldg_A2_01,38.74,0.526,452.48,Multivariate Telemetry Anomaly,-0.018
2026-06-03 11:30:00,Site_A,Bldg_A2,Meter_Bldg_A2_01,37.14,0.577,440.33,Multivariate Telemetry Anomaly,-0.0029
2026-06-03 11:45:00,Site_A,Bldg_A2,Meter_Bldg_A2_01,39.02,0.524,448.64,Multivariate Telemetry Anomaly,-0.0148
2026-06-03 12:00:00,Site_A,Bldg_A2,Meter_Bldg_A2_01,38.18,0.505,456.11,Multivariate Telemetry Anomaly,-0.0496
2026-06-03 12:15:00,Site_A,Bldg_A2,Meter_Bldg_A2_01,37.88,0.49,456.66,Multivariate Telemetry Anomaly,-0.0209
2026-06-03 12:30:00,Site_A,Bldg_A2,Meter_Bldg_A2_01,39.16,0.611,463.04,Multivariate Telemetry Anomaly,-0.0519
2026-06-03 12:45:00,Site_A,Bldg_A2,Meter_Bldg_A2_01,39.01,0.751,464.02,Multivariate Telemetry Anomaly,-0.0524
2026-06-03 13:00:00,Site_A,Bldg_A2,Meter_Bldg_A2_01,37.96,0.654,464.47,Multivariate Telemetry Anomaly,-0.0065
2026-06-03 13:15:00,Site_A,Bldg_A2,Meter_Bldg_A2_01,38.87,0.62,465.65,Multivariate Telemetry Anomaly,-0.0303
2026-06-03 13:30:00,Site_A,Bldg_A2,Meter_Bldg_A2_01,38.39,0.583,461.71,Multivariate Telemetry Anomaly,-0.0074
2026-06-03 13:45:00,Site_A,Bldg_A2,Meter_Bldg_A2_01,38.01,0.55,467.89,Multivariate Telemetry Anomaly,-0.0037
2026-06-03 14:00:00,Site_A,Bldg_A2,Meter_Bldg_A2_01,38.48,0.609,460.59,Multivariate Telemetry Anomaly,-0.0046
2026-06-03 15:00:00,Site_A,Bldg_A2,Meter_Bldg_A2_01,38.83,0.565,450.15,Multivariate Telemetry Anomaly,-0.0012
2026-06-03 15:45:00,Site_A,Bldg_A2,Meter_Bldg_A2_01,38.31,0.647,449.87,Multivariate Telemetry Anomaly,-0.0112
2026-06-03 16:15:00,Site_A,Bldg_A2,Meter_Bldg_A2_01,37.82,0.702,425.74,Multivariate Telemetry Anomaly,-0.0009
2026-06-03 16:30:00,Site_A,Bldg_A2,Meter_Bldg_A2_01,37.64,0.514,422.21,Multivariate Telemetry Anomaly,-0.0102
2026-06-04 10:45:00,Site_A,Bldg_A2,Meter_Bldg_A2_01,38.65,0.649,429.35,Multivariate Telemetry Anomaly,-0.0191
2026-06-04 11:00:00,Site_A,Bldg_A2,Meter_Bldg_A2_01,38.39,0.578,446.96,Multivariate Telemetry Anomaly,-0.0022
2026-06-04 11:15:00,Site_A,Bldg_A2,Meter_Bldg_A2_01,38.36,0.593,444.59,Multivariate Telemetry Anomaly,-0.0165
2026-06-04 11:30:00,Site_A,Bldg_A2,Meter_Bldg_A2_01,38.77,0.538,446.6,Multivariate Telemetry Anomaly,-0.0087
2026-06-04 11:45:00,Site_A,Bldg_A2,Meter_Bldg_A2_01,38.69,0.581,449.86,Multivariate Telemetry Anomaly,-0.0129
2026-06-04 12:00:00,Site_A,Bldg_A2,Meter_Bldg_A2_01,38.46,0.574,460.45,Multivariate Telemetry Anomaly,-0.0191
2026-06-04 12:15:00,Site_A,Bldg_A2,Meter_Bldg_A2_01,38.4,0.603,460.89,Multivariate Telemetry Anomaly,-0.0185
2026-06-04 12:30:00,Site_A,Bldg_A2,Meter_Bldg_A2_01,38.2,0.622,461.45,Multivariate Telemetry Anomaly,-0.0266
2026-06-04 12:45:00,Site_A,Bldg_A2,Meter_Bldg_A2_01,38.82,0.605,461.96,Multivariate Telemetry Anomaly,-0.0177
2026-06-04 13:00:00,Site_A,Bldg_A2,Meter_Bldg_A2_01,38.04,0.498,462.71,Multivariate Telemetry Anomaly,-0.0359
2026-06-04 13:15:00,Site_A,Bldg_A2,Meter_Bldg_A2_01,38.59,0.602,465.25,Multivariate Telemetry Anomaly,-0.0126
2026-06-04 13:30:00,Site_A,Bldg_A2,Meter_Bldg_A2_01,38.3,0.598,465.91,Multivariate Telemetry Anomaly,-0.0125
2026-06-04 13:45:00,Site_A,Bldg_A2,Meter_Bldg_A2_01,38.34,0.534,466.94,Multivariate Telemetry Anomaly,-0.0035
2026-06-04 14:00:00,Site_A,Bldg_A2,Meter_Bldg_A2_01,39.17,0.562,463.96,Multivariate Telemetry Anomaly,-0.0236
2026-06-04 14:15:00,Site_A,Bldg_A2,Meter_Bldg_A2_01,38.7,0.614,463.43,Multivariate Telemetry Anomaly,-0.0208
2026-06-04 14:45:00,Site_A,Bldg_A2,Meter_Bldg_A2_01,37.82,0.525,456.79,Multivariate Telemetry Anomaly,-0.0167
2026-06-04 15:00:00,Site_A,Bldg_A2,Meter_Bldg_A2_01,38.39,0.554,447.54,Multivariate Telemetry Anomaly,-0.0062
2026-06-04 15:15:00,Site_A,Bldg_A2,Meter_Bldg_A2_01,37.98,0.52,448.68,Multivariate Telemetry Anomaly,-0.0161
2026-06-04 15:45:00,Site_A,Bldg_A2,Meter_Bldg_A2_01,37.58,0.613,448.28,Multivariate Telemetry Anomaly,-0.0005
2026-06-04 16:00:00,Site_A,Bldg_A2,Meter_Bldg_A2_01,38.32,0.583,424.8,Multivariate Telemetry Anomaly,-0.0149
2026-06-04 16:45:00,Site_A,Bldg_A2,Meter_Bldg_A2_01,37.89,0.533,424.99,Multivariate Telemetry Anomaly,-0.0016
2026-06-05 10:00:00,Site_A,Bldg_A2,Meter_Bldg_A2_01,38.42,0.645,426.47,Multivariate Telemetry Anomaly,-0.0006
2026-06-05 10:15:00,Site_A,Bldg_A2,Meter_Bldg_A2_01,39.06,0.625,430.44,Multivariate Telemetry Anomaly,-0.0106
2026-06-05 10:45:00,Site_A,Bldg_A2,Meter_Bldg_A2_01,38.44,0.613,426.48,Multivariate Telemetry Anomaly,-0.0082
2026-06-05 11:00:00,Site_A,Bldg_A2,Meter_Bldg_A2_01,39.31,0.58,448.86,Multivariate Telemetry Anomaly,-0.019
2026-06-05 11:15:00,Site_A,Bldg_A2,Meter_Bldg_A2_01,39.18,0.486,450.34,Multivariate Telemetry Anomaly,-0.0118
2026-06-05 11:30:00,Site_A,Bldg_A2,Meter_Bldg_A2_01,38.7,0.566,447.88,Multivariate Telemetry Anomaly,-0.018
2026-06-05 11:45:00,Site_A,Bldg_A2,Meter_Bldg_A2_01,38.91,0.582,452.04,Multivariate Telemetry Anomaly,-0.0083
2026-06-05 12:00:00,Site_A,Bldg_A2,Meter_Bldg_A2_01,39.47,0.65,467.67,Multivariate Telemetry Anomaly,-0.0343
2026-06-05 12:15:00,Site_A,Bldg_A2,Meter_Bldg_A2_01,37.94,0.587,456.8,Multivariate Telemetry Anomaly,-0.0205
2026-06-05 12:30:00,Site_A,Bldg_A2,Meter_Bldg_A2_01,38.44,0.578,459.23,Multivariate Telemetry Anomaly,-0.0054
2026-06-05 12:45:00,Site_A,Bldg_A2,Meter_Bldg_A2_01,39.01,0.552,464.8,Multivariate Telemetry Anomaly,-0.0205
2026-06-05 13:00:00,Site_A,Bldg_A2,Meter_Bldg_A2_01,38.85,0.604,465.5,Multivariate Telemetry Anomaly,-0.0101
2026-06-05 13:15:00,Site_A,Bldg_A2,Meter_Bldg_A2_01,38.99,0.61,465.99,Multivariate Telemetry Anomaly,-0.0206
2026-06-05 13:30:00,Site_A,Bldg_A2,Meter_Bldg_A2_01,38.3,0.601,465.96,Multivariate Telemetry Anomaly,-0.001
2026-06-05 13:45:00,Site_A,Bldg_A2,Meter_Bldg_A2_01,37.32,0.591,459.56,Multivariate Telemetry Anomaly,-0.0022
2026-06-05 14:00:00,Site_A,Bldg_A2,Meter_Bldg_A2_01,38.34,0.543,458.4,Multivariate Telemetry Anomaly,-0.0021
2026-06-05 14:15:00,Site_A,Bldg_A2,Meter_Bldg_A2_01,37.72,0.675,456.54,Multivariate Telemetry Anomaly,-0.0039
2026-06-05 14:45:00,Site_A,Bldg_A2,Meter_Bldg_A2_01,38.75,0.526,459.86,Multivariate Telemetry Anomaly,-0.0057
2026-06-05 15:00:00,Site_A,Bldg_A2,Meter_Bldg_A2_01,37.7,0.611,444.52,Multivariate Telemetry Anomaly,-0.0044
2026-06-05 15:45:00,Site_A,Bldg_A2,Meter_Bldg_A2_01,37.59,0.645,444.04,Multivariate Telemetry Anomaly,-0.0004
2026-06-08 09:15:00,Site_A,Bldg_A2,Meter_Bldg_A2_01,37.57,0.569,397.86,Multivariate Telemetry Anomaly,-0.013
2026-06-08 10:00:00,Site_A,Bldg_A2,Meter_Bldg_A2_01,38.9,0.568,430.14,Multivariate Telemetry Anomaly,-0.0094
2026-06-08 10:30:00,Site_A,Bldg_A2,Meter_Bldg_A2_01,38.6,0.557,430.7,Multivariate Telemetry Anomaly,-0.0077
2026-06-08 10:45:00,Site_A,Bldg_A2,Meter_Bldg_A2_01,38.46,0.572,424.39,Multivariate Telemetry Anomaly,-0.024
2026-06-08 11:00:00,Site_A,Bldg_A2,Meter_Bldg_A2_01,38.46,0.603,446.72,Multivariate Telemetry Anomaly,-0.0188
2026-06-08 11:15:00,Site_A,Bldg_A2,Meter_Bldg_A2_01,39.63,0.601,451.05,Multivariate Telemetry Anomaly,-0.0213
2026-06-08 11:30:00,Site_A,Bldg_A2,Meter_Bldg_A2_01,38.25,0.539,448.08,Multivariate Telemetry Anomaly,-0.0058
2026-06-08 11:45:00,Site_A,Bldg_A2,Meter_Bldg_A2_01,39.09,0.706,453.95,Multivariate Telemetry Anomaly,-0.0314
2026-06-08 12:00:00,Site_A,Bldg_A2,Meter_Bldg_A2_01,38.51,0.587,460.94,Multivariate Telemetry Anomaly,-0.0008
2026-06-08 12:15:00,Site_A,Bldg_A2,Meter_Bldg_A2_01,39.43,0.638,465.57,Multivariate Telemetry Anomaly,-0.0283
2026-06-08 12:30:00,Site_A,Bldg_A2,Meter_Bldg_A2_01,38.5,0.544,461.37,Multivariate Telemetry Anomaly,-0.0232
2026-06-08 12:45:00,Site_A,Bldg_A2,Meter_Bldg_A2_01,37.99,0.631,458.88,Multivariate Telemetry Anomaly,-0.024
2026-06-08 13:00:00,Site_A,Bldg_A2,Meter_Bldg_A2_01,38.76,0.622,466.98,Multivariate Telemetry Anomaly,-0.0129
2026-06-08 13:15:00,Site_A,Bldg_A2,Meter_Bldg_A2_01,39.07,0.658,468.63,Multivariate Telemetry Anomaly,-0.0135
2026-06-08 13:30:00,Site_A,Bldg_A2,Meter_Bldg_A2_01,39.72,0.533,471.91,Multivariate Telemetry Anomaly,-0.0252
2026-06-08 13:45:00,Site_A,Bldg_A2,Meter_Bldg_A2_01,38.19,0.578,465.98,Multivariate Telemetry Anomaly,-0.0315
2026-06-08 14:00:00,Site_A,Bldg_A2,Meter_Bldg_A2_01,36.67,0.597,452.12,Multivariate Telemetry Anomaly,-0.0028
2026-06-08 14:30:00,Site_A,Bldg_A2,Meter_Bldg_A2_01,38.27,0.546,462.11,Multivariate Telemetry Anomaly,-0.0349
2026-06-08 14:45:00,Site_A,Bldg_A2,Meter_Bldg_A2_01,38.83,0.557,461.95,Multivariate Telemetry Anomaly,-0.0141
2026-06-08 15:00:00,Site_A,Bldg_A2,Meter_Bldg_A2_01,37.47,0.675,442.06,Multivariate Telemetry Anomaly,-0.014
2026-06-08 15:30:00,Site_A,Bldg_A2,Meter_Bldg_A2_01,38.34,0.626,443.82,Multivariate Telemetry Anomaly,-0.0024
2026-06-08 16:15:00,Site_A,Bldg_A2,Meter_Bldg_A2_01,38.64,0.634,426.69,Multivariate Telemetry Anomaly,-0.0135
2026-06-09 09:00:00,Site_A,Bldg_A2,Meter_Bldg_A2_01,38.35,0.523,400.54,Multivariate Telemetry Anomaly,-0.0201
2026-06-09 09:30:00,Site_A,Bldg_A2,Meter_Bldg_A2_01,38.6,0.447,401.99,Multivariate Telemetry Anomaly,-0.0116
2026-06-09 10:00:00,Site_A,Bldg_A2,Meter_Bldg_A2_01,39.06,0.506,430.82,Multivariate Telemetry Anomaly,-0.0086
2026-06-09 10:30:00,Site_A,Bldg_A2,Meter_Bldg_A2_01,39.36,0.555,430.09,Multivariate Telemetry Anomaly,-0.0104
2026-06-09 11:00:00,Site_A,Bldg_A2,Meter_Bldg_A2_01,39.3,0.712,450.97,Multivariate Telemetry Anomaly,-0.036
2026-06-09 11:15:00,Site_A,Bldg_A2,Meter_Bldg_A2_01,39.52,0.615,449.23,Multivariate Telemetry Anomaly,-0.0302
2026-06-09 11:30:00,Site_A,Bldg_A2,Meter_Bldg_A2_01,38.25,0.528,443.79,Multivariate Telemetry Anomaly,-0.024
2026-06-09 11:45:00,Site_A,Bldg_A2,Meter_Bldg_A2_01,37.32,0.633,441.87,Multivariate Telemetry Anomaly,-0.0149
2026-06-09 12:00:00,Site_A,Bldg_A2,Meter_Bldg_A2_01,37.9,0.62,462.12,Multivariate Telemetry Anomaly,-0.0016
2026-06-09 12:15:00,Site_A,Bldg_A2,Meter_Bldg_A2_01,38.42,0.668,458.35,Multivariate Telemetry Anomaly,-0.0293
2026-06-09 12:30:00,Site_A,Bldg_A2,Meter_Bldg_A2_01,38.38,0.554,456.87,Multivariate Telemetry Anomaly,-0.0026
2026-06-09 12:45:00,Site_A,Bldg_A2,Meter_Bldg_A2_01,39.29,0.634,462.97,Multivariate Telemetry Anomaly,-0.0338
2026-06-09 13:00:00,Site_A,Bldg_A2,Meter_Bldg_A2_01,38.68,0.594,468.49,Multivariate Telemetry Anomaly,-0.0066
2026-06-09 13:15:00,Site_A,Bldg_A2,Meter_Bldg_A2_01,38.21,0.636,464.7,Multivariate Telemetry Anomaly,-0.0072
2026-06-09 13:30:00,Site_A,Bldg_A2,Meter_Bldg_A2_01,38.55,0.586,465.42,Multivariate Telemetry Anomaly,-0.0265
2026-06-09 13:45:00,Site_A,Bldg_A2,Meter_Bldg_A2_01,38.77,0.622,465.59,Multivariate Telemetry Anomaly,-0.032
2026-06-09 14:00:00,Site_A,Bldg_A2,Meter_Bldg_A2_01,38.34,0.616,463.41,Multivariate Telemetry Anomaly,-0.0336
2026-06-09 14:15:00,Site_A,Bldg_A2,Meter_Bldg_A2_01,38.56,0.609,464.61,Multivariate Telemetry Anomaly,-0.013
2026-06-09 14:45:00,Site_A,Bldg_A2,Meter_Bldg_A2_01,37.33,0.649,457.71,Multivariate Telemetry Anomaly,-0.0079
2026-06-09 15:00:00,Site_A,Bldg_A2,Meter_Bldg_A2_01,38.31,0.651,448.89,Multivariate Telemetry Anomaly,-0.0194
2026-06-09 15:15:00,Site_A,Bldg_A2,Meter_Bldg_A2_01,38.33,0.624,445.57,Multivariate Telemetry Anomaly,-0.0219
2026-06-09 15:30:00,Site_A,Bldg_A2,Meter_Bldg_A2_01,37.96,0.592,447.15,Multivariate Telemetry Anomaly,-0.0084
2026-06-09 15:45:00,Site_A,Bldg_A2,Meter_Bldg_A2_01,37.66,0.557,440.94,Multivariate Telemetry Anomaly,-0.0163
2026-06-10 10:15:00,Site_A,Bldg_A2,Meter_Bldg_A2_01,38.94,0.65,427.65,Multivariate Telemetry Anomaly,-0.0078
2026-06-10 10:30:00,Site_A,Bldg_A2,Meter_Bldg_A2_01,38.25,0.548,425.46,Multivariate Telemetry Anomaly,-0.0003
2026-06-10 11:00:00,Site_A,Bldg_A2,Meter_Bldg_A2_01,38.22,0.603,446.64,Multivariate Telemetry Anomaly,-0.0121
2026-06-10 11:15:00,Site_A,Bldg_A2,Meter_Bldg_A2_01,38.36,0.638,447.32,Multivariate Telemetry Anomaly,-0.0098
2026-06-10 11:30:00,Site_A,Bldg_A2,Meter_Bldg_A2_01,38.91,0.617,448.36,Multivariate Telemetry Anomaly,-0.0235
2026-06-10 11:45:00,Site_A,Bldg_A2,Meter_Bldg_A2_01,37.98,0.59,445.3,Multivariate Telemetry Anomaly,-0.0058
2026-06-10 12:00:00,Site_A,Bldg_A2,Meter_Bldg_A2_01,38.86,0.564,462.29,Multivariate Telemetry Anomaly,-0.015
2026-06-10 12:15:00,Site_A,Bldg_A2,Meter_Bldg_A2_01,38.44,0.635,460.48,Multivariate Telemetry Anomaly,-0.0314
2026-06-10 12:30:00,Site_A,Bldg_A2,Meter_Bldg_A2_01,38.97,0.59,460.41,Multivariate Telemetry Anomaly,-0.0143
2026-06-10 12:45:00,Site_A,Bldg_A2,Meter_Bldg_A2_01,39.08,0.62,463.6,Multivariate Telemetry Anomaly,-0.0137
2026-06-10 13:00:00,Site_A,Bldg_A2,Meter_Bldg_A2_01,38.99,0.649,469.92,Multivariate Telemetry Anomaly,-0.0171
2026-06-10 13:15:00,Site_A,Bldg_A2,Meter_Bldg_A2_01,37.95,0.648,463.97,Multivariate Telemetry Anomaly,-0.0124
2026-06-10 13:30:00,Site_A,Bldg_A2,Meter_Bldg_A2_01,38.48,0.513,463.65,Multivariate Telemetry Anomaly,-0.0151
2026-06-10 13:45:00,Site_A,Bldg_A2,Meter_Bldg_A2_01,38.84,0.722,468.84,Multivariate Telemetry Anomaly,-0.028
2026-06-10 14:00:00,Site_A,Bldg_A2,Meter_Bldg_A2_01,38.43,0.612,464.32,Multivariate Telemetry Anomaly,-0.0165
2026-06-10 14:15:00,Site_A,Bldg_A2,Meter_Bldg_A2_01,38.05,0.612,462.65,Multivariate Telemetry Anomaly,-0.0151
2026-06-10 14:45:00,Site_A,Bldg_A2,Meter_Bldg_A2_01,38.24,0.706,462.75,Multivariate Telemetry Anomaly,-0.0151
2026-06-10 15:15:00,Site_A,Bldg_A2,Meter_Bldg_A2_01,39.12,0.531,448.38,Multivariate Telemetry Anomaly,-0.0106
2026-06-10 15:30:00,Site_A,Bldg_A2,Meter_Bldg_A2_01,36.43,0.584,438.05,Multivariate Telemetry Anomaly,-0.0046
2026-06-10 15:45:00,Site_A,Bldg_A2,Meter_Bldg_A2_01,38.62,0.491,450.96,Multivariate Telemetry Anomaly,-0.0052
2026-06-10 16:30:00,Site_A,Bldg_A2,Meter_Bldg_A2_01,38.16,0.652,427.54,Multivariate Telemetry Anomaly,-0.001
2026-06-11 10:30:00,Site_A,Bldg_A2,Meter_Bldg_A2_01,38.5,0.557,430.1,Multivariate Telemetry Anomaly,-0.0068
2026-06-11 10:45:00,Site_A,Bldg_A2,Meter_Bldg_A2_01,38.76,0.541,431.09,Multivariate Telemetry Anomaly,-0.0098
2026-06-11 11:00:00,Site_A,Bldg_A2,Meter_Bldg_A2_01,37.96,0.544,448.87,Multivariate Telemetry Anomaly,-0.0279
2026-06-11 11:15:00,Site_A,Bldg_A2,Meter_Bldg_A2_01,38.7,0.611,449.48,Multivariate Telemetry Anomaly,-0.0313
2026-06-11 11:45:00,Site_A,Bldg_A2,Meter_Bldg_A2_01,37.97,0.59,445.03,Multivariate Telemetry Anomaly,-0.0039
2026-06-11 12:00:00,Site_A,Bldg_A2,Meter_Bldg_A2_01,37.42,0.717,457.23,Multivariate Telemetry Anomaly,-0.0327
2026-06-11 12:30:00,Site_A,Bldg_A2,Meter_Bldg_A2_01,38.72,0.476,459.25,Multivariate Telemetry Anomaly,-0.0306
2026-06-11 12:45:00,Site_A,Bldg_A2,Meter_Bldg_A2_01,38.15,0.547,460.04,Multivariate Telemetry Anomaly,-0.0163
2026-06-11 13:00:00,Site_A,Bldg_A2,Meter_Bldg_A2_01,38.03,0.629,469.28,Multivariate Telemetry Anomaly,-0.006
2026-06-11 13:15:00,Site_A,Bldg_A2,Meter_Bldg_A2_01,38.97,0.505,467.36,Multivariate Telemetry Anomaly,-0.0198
2026-06-11 13:30:00,Site_A,Bldg_A2,Meter_Bldg_A2_01,38.28,0.542,463.07,Multivariate Telemetry Anomaly,-0.0069
2026-06-11 13:45:00,Site_A,Bldg_A2,Meter_Bldg_A2_01,38.49,0.604,464.57,Multivariate Telemetry Anomaly,-0.0179
2026-06-11 14:00:00,Site_A,Bldg_A2,Meter_Bldg_A2_01,37.8,0.659,459.56,Multivariate Telemetry Anomaly,-0.0049
2026-06-11 14:15:00,Site_A,Bldg_A2,Meter_Bldg_A2_01,37.53,0.542,453.99,Multivariate Telemetry Anomaly,-0.0121
2026-06-11 14:45:00,Site_A,Bldg_A2,Meter_Bldg_A2_01,38.22,0.615,462.32,Multivariate Telemetry Anomaly,-0.006
2026-06-11 15:00:00,Site_A,Bldg_A2,Meter_Bldg_A2_01,38.09,0.534,446.04,Multivariate Telemetry Anomaly,-0.0074
2026-06-11 15:30:00,Site_A,Bldg_A2,Meter_Bldg_A2_01,37.3,0.469,437.84,Multivariate Telemetry Anomaly,-0.0033
2026-06-11 16:45:00,Site_A,Bldg_A2,Meter_Bldg_A2_01,38.68,0.622,430.87,Multivariate Telemetry Anomaly,-0.0168
2026-06-12 08:30:00,Site_A,Bldg_A2,Meter_Bldg_A2_01,39.09,0.454,376.09,Multivariate Telemetry Anomaly,-0.0051
2026-06-12 10:00:00,Site_A,Bldg_A2,Meter_Bldg_A2_01,38.31,0.605,424.93,Multivariate Telemetry Anomaly,-0.0087
2026-06-12 10:15:00,Site_A,Bldg_A2,Meter_Bldg_A2_01,38.69,0.676,432.36,Multivariate Telemetry Anomaly,-0.0449
2026-06-12 10:45:00,Site_A,Bldg_A2,Meter_Bldg_A2_01,38.58,0.572,427.25,Multivariate Telemetry Anomaly,-0.0179
2026-06-12 11:00:00,Site_A,Bldg_A2,Meter_Bldg_A2_01,39.38,0.57,450.73,Multivariate Telemetry Anomaly,-0.0055
2026-06-12 11:30:00,Site_A,Bldg_A2,Meter_Bldg_A2_01,38.72,0.513,452.72,Multivariate Telemetry Anomaly,-0.0227
2026-06-12 11:45:00,Site_A,Bldg_A2,Meter_Bldg_A2_01,38.21,0.511,444.86,Multivariate Telemetry Anomaly,-0.0115
2026-06-12 12:00:00,Site_A,Bldg_A2,Meter_Bldg_A2_01,39.07,0.627,466.07,Multivariate Telemetry Anomaly,-0.0241
2026-06-12 12:15:00,Site_A,Bldg_A2,Meter_Bldg_A2_01,38.34,0.609,461.58,Multivariate Telemetry Anomaly,-0.0089
2026-06-12 12:30:00,Site_A,Bldg_A2,Meter_Bldg_A2_01,38.29,0.509,458.91,Multivariate Telemetry Anomaly,-0.0143
2026-06-12 12:45:00,Site_A,Bldg_A2,Meter_Bldg_A2_01,38.59,0.64,459.52,Multivariate Telemetry Anomaly,-0.0279
2026-06-12 13:00:00,Site_A,Bldg_A2,Meter_Bldg_A2_01,37.63,0.495,463.23,Multivariate Telemetry Anomaly,-0.0206
2026-06-12 13:15:00,Site_A,Bldg_A2,Meter_Bldg_A2_01,38.65,0.513,465.05,Multivariate Telemetry Anomaly,-0.0147
2026-06-12 13:30:00,Site_A,Bldg_A2,Meter_Bldg_A2_01,38.08,0.664,465.76,Multivariate Telemetry Anomaly,-0.0116
2026-06-12 13:45:00,Site_A,Bldg_A2,Meter_Bldg_A2_01,38.72,0.645,467.91,Multivariate Telemetry Anomaly,-0.0145
2026-06-12 14:00:00,Site_A,Bldg_A2,Meter_Bldg_A2_01,39.16,0.575,463.47,Multivariate Telemetry Anomaly,-0.0184
2026-06-12 14:15:00,Site_A,Bldg_A2,Meter_Bldg_A2_01,39.53,0.636,465.52,Multivariate Telemetry Anomaly,-0.0362
2026-06-12 14:30:00,Site_A,Bldg_A2,Meter_Bldg_A2_01,38.5,0.634,459.38,Multivariate Telemetry Anomaly,-0.0162
2026-06-12 15:00:00,Site_A,Bldg_A2,Meter_Bldg_A2_01,38.59,0.566,449.59,Multivariate Telemetry Anomaly,-0.0152
2026-06-12 15:15:00,Site_A,Bldg_A2,Meter_Bldg_A2_01,38.97,0.625,451.85,Multivariate Telemetry Anomaly,-0.0185
2026-06-12 15:30:00,Site_A,Bldg_A2,Meter_Bldg_A2_01,38.44,0.634,451.19,Multivariate Telemetry Anomaly,-0.0221
2026-06-12 15:45:00,Site_A,Bldg_A2,Meter_Bldg_A2_01,38.4,0.518,443.24,Multivariate Telemetry Anomaly,-0.0034
2026-06-12 16:45:00,Site_A,Bldg_A2,Meter_Bldg_A2_01,38.7,0.617,428.36,Multivariate Telemetry Anomaly,-0.0053
2026-06-15 09:30:00,Site_A,Bldg_A2,Meter_Bldg_A2_01,38.59,0.409,401.58,Multivariate Telemetry Anomaly,-0.006
2026-06-15 10:15:00,Site_A,Bldg_A2,Meter_Bldg_A2_01,38.56,0.578,427.63,Multivariate Telemetry Anomaly,-0.0023
2026-06-15 10:30:00,Site_A,Bldg_A2,Meter_Bldg_A2_01,36.68,0.503,421.57,Multivariate Telemetry Anomaly,-0.0042
2026-06-15 10:45:00,Site_A,Bldg_A2,Meter_Bldg_A2_01,37.66,0.48,424.09,Multivariate Telemetry Anomaly,-0.0167
2026-06-15 11:00:00,Site_A,Bldg_A2,Meter_Bldg_A2_01,38.98,0.578,450.91,Multivariate Telemetry Anomaly,-0.012
2026-06-15 11:15:00,Site_A,Bldg_A2,Meter_Bldg_A2_01,38.36,0.63,446.71,Multivariate Telemetry Anomaly,-0.0231
2026-06-15 12:00:00,Site_A,Bldg_A2,Meter_Bldg_A2_01,38.77,0.532,461.07,Multivariate Telemetry Anomaly,-0.0147
2026-06-15 12:15:00,Site_A,Bldg_A2,Meter_Bldg_A2_01,38.77,0.545,462.69,Multivariate Telemetry Anomaly,-0.0197
2026-06-15 12:30:00,Site_A,Bldg_A2,Meter_Bldg_A2_01,39.37,0.567,468.08,Multivariate Telemetry Anomaly,-0.0282
2026-06-15 12:45:00,Site_A,Bldg_A2,Meter_Bldg_A2_01,38.99,0.624,464.78,Multivariate Telemetry Anomaly,-0.0445
2026-06-15 13:00:00,Site_A,Bldg_A2,Meter_Bldg_A2_01,37.88,0.594,466.34,Multivariate Telemetry Anomaly,-0.0129
2026-06-15 13:15:00,Site_A,Bldg_A2,Meter_Bldg_A2_01,39.03,0.541,467.95,Multivariate Telemetry Anomaly,-0.0178
2026-06-15 13:30:00,Site_A,Bldg_A2,Meter_Bldg_A2_01,38.44,0.615,464.54,Multivariate Telemetry Anomaly,-0.0314
2026-06-15 13:45:00,Site_A,Bldg_A2,Meter_Bldg_A2_01,38.24,0.542,463.66,Multivariate Telemetry Anomaly,-0.0152
2026-06-15 14:15:00,Site_A,Bldg_A2,Meter_Bldg_A2_01,37.86,0.661,460.24,Multivariate Telemetry Anomaly,-0.0106
2026-06-15 14:30:00,Site_A,Bldg_A2,Meter_Bldg_A2_01,38.24,0.591,460.05,Multivariate Telemetry Anomaly,-0.0266
2026-06-15 14:45:00,Site_A,Bldg_A2,Meter_Bldg_A2_01,38.46,0.547,461.0,Multivariate Telemetry Anomaly,-0.0141
2026-06-15 15:00:00,Site_A,Bldg_A2,Meter_Bldg_A2_01,38.36,0.584,446.99,Multivariate Telemetry Anomaly,-0.0097
2026-06-15 15:45:00,Site_A,Bldg_A2,Meter_Bldg_A2_01,38.32,0.635,446.86,Multivariate Telemetry Anomaly,-0.0063
2026-06-15 16:45:00,Site_A,Bldg_A2,Meter_Bldg_A2_01,37.72,0.599,422.13,Multivariate Telemetry Anomaly,-0.0084
2026-06-16 09:00:00,Site_A,Bldg_A2,Meter_Bldg_A2_01,37.5,0.642,398.0,Multivariate Telemetry Anomaly,-0.0004
2026-06-16 10:30:00,Site_A,Bldg_A2,Meter_Bldg_A2_01,40.03,0.552,432.03,Multivariate Telemetry Anomaly,-0.0249
2026-06-16 11:00:00,Site_A,Bldg_A2,Meter_Bldg_A2_01,38.29,0.594,448.37,Multivariate Telemetry Anomaly,-0.0068
2026-06-16 11:15:00,Site_A,Bldg_A2,Meter_Bldg_A2_01,38.69,0.588,449.27,Multivariate Telemetry Anomaly,-0.0042
2026-06-16 11:45:00,Site_A,Bldg_A2,Meter_Bldg_A2_01,38.71,0.578,450.53,Multivariate Telemetry Anomaly,-0.0042
2026-06-16 12:00:00,Site_A,Bldg_A2,Meter_Bldg_A2_01,39.18,0.603,465.56,Multivariate Telemetry Anomaly,-0.0264
2026-06-16 12:15:00,Site_A,Bldg_A2,Meter_Bldg_A2_01,38.54,0.672,460.55,Multivariate Telemetry Anomaly,-0.0105
2026-06-16 12:30:00,Site_A,Bldg_A2,Meter_Bldg_A2_01,38.78,0.619,463.71,Multivariate Telemetry Anomaly,-0.0197
2026-06-16 12:45:00,Site_A,Bldg_A2,Meter_Bldg_A2_01,38.4,0.628,462.22,Multivariate Telemetry Anomaly,-0.0331
2026-06-16 13:00:00,Site_A,Bldg_A2,Meter_Bldg_A2_01,38.41,0.596,461.62,Multivariate Telemetry Anomaly,-0.0185
2026-06-16 13:15:00,Site_A,Bldg_A2,Meter_Bldg_A2_01,38.46,0.697,466.51,Multivariate Telemetry Anomaly,-0.0438
2026-06-16 13:30:00,Site_A,Bldg_A2,Meter_Bldg_A2_01,38.23,0.677,461.33,Multivariate Telemetry Anomaly,-0.0116
2026-06-16 13:45:00,Site_A,Bldg_A2,Meter_Bldg_A2_01,38.11,0.655,460.38,Multivariate Telemetry Anomaly,-0.0116
2026-06-16 14:00:00,Site_A,Bldg_A2,Meter_Bldg_A2_01,37.97,0.68,460.57,Multivariate Telemetry Anomaly,-0.0011
2026-06-16 14:15:00,Site_A,Bldg_A2,Meter_Bldg_A2_01,38.18,0.565,462.4,Multivariate Telemetry Anomaly,-0.0089
2026-06-16 14:30:00,Site_A,Bldg_A2,Meter_Bldg_A2_01,39.01,0.7,467.44,Multivariate Telemetry Anomaly,-0.0253
2026-06-16 14:45:00,Site_A,Bldg_A2,Meter_Bldg_A2_01,37.58,0.659,455.89,Multivariate Telemetry Anomaly,-0.0078
2026-06-16 15:00:00,Site_A,Bldg_A2,Meter_Bldg_A2_01,38.83,0.61,453.01,Multivariate Telemetry Anomaly,-0.0079
2026-06-16 15:15:00,Site_A,Bldg_A2,Meter_Bldg_A2_01,38.42,0.617,447.5,Multivariate Telemetry Anomaly,-0.014
2026-06-16 15:30:00,Site_A,Bldg_A2,Meter_Bldg_A2_01,38.33,0.635,448.49,Multivariate Telemetry Anomaly,-0.0213
2026-06-16 16:45:00,Site_A,Bldg_A2,Meter_Bldg_A2_01,37.26,0.632,422.8,Multivariate Telemetry Anomaly,-0.0056
2026-06-16 18:30:00,Site_A,Bldg_A2,Meter_Bldg_A2_01,37.13,0.485,370.26,Multivariate Telemetry Anomaly,-0.0016
2026-06-17 10:30:00,Site_A,Bldg_A2,Meter_Bldg_A2_01,38.43,0.616,423.13,Multivariate Telemetry Anomaly,-0.006
2026-06-17 10:45:00,Site_A,Bldg_A2,Meter_Bldg_A2_01,38.37,0.556,426.39,Multivariate Telemetry Anomaly,-0.0147
2026-06-17 11:00:00,Site_A,Bldg_A2,Meter_Bldg_A2_01,39.2,0.534,452.56,Multivariate Telemetry Anomaly,-0.0187
2026-06-17 11:15:00,Site_A,Bldg_A2,Meter_Bldg_A2_01,39.75,0.553,450.66,Multivariate Telemetry Anomaly,-0.0196
2026-06-17 11:30:00,Site_A,Bldg_A2,Meter_Bldg_A2_01,37.66,0.545,439.95,Multivariate Telemetry Anomaly,-0.0254
2026-06-17 11:45:00,Site_A,Bldg_A2,Meter_Bldg_A2_01,38.35,0.528,448.32,Multivariate Telemetry Anomaly,-0.0032
2026-06-17 12:00:00,Site_A,Bldg_A2,Meter_Bldg_A2_01,38.7,0.609,464.49,Multivariate Telemetry Anomaly,-0.0307
2026-06-17 12:15:00,Site_A,Bldg_A2,Meter_Bldg_A2_01,37.81,0.546,460.42,Multivariate Telemetry Anomaly,-0.0117
2026-06-17 12:30:00,Site_A,Bldg_A2,Meter_Bldg_A2_01,38.27,0.524,461.05,Multivariate Telemetry Anomaly,-0.0364
2026-06-17 13:00:00,Site_A,Bldg_A2,Meter_Bldg_A2_01,38.1,0.621,461.45,Multivariate Telemetry Anomaly,-0.0055
2026-06-17 13:15:00,Site_A,Bldg_A2,Meter_Bldg_A2_01,37.34,0.576,465.45,Multivariate Telemetry Anomaly,-0.0205
2026-06-17 13:30:00,Site_A,Bldg_A2,Meter_Bldg_A2_01,37.79,0.608,460.69,Multivariate Telemetry Anomaly,-0.0023
2026-06-17 13:45:00,Site_A,Bldg_A2,Meter_Bldg_A2_01,38.39,0.659,462.58,Multivariate Telemetry Anomaly,-0.0224
2026-06-17 14:00:00,Site_A,Bldg_A2,Meter_Bldg_A2_01,38.9,0.637,461.53,Multivariate Telemetry Anomaly,-0.02
2026-06-17 14:15:00,Site_A,Bldg_A2,Meter_Bldg_A2_01,38.3,0.63,460.52,Multivariate Telemetry Anomaly,-0.0155
2026-06-17 14:45:00,Site_A,Bldg_A2,Meter_Bldg_A2_01,37.57,0.62,457.4,Multivariate Telemetry Anomaly,-0.0032
2026-06-17 15:15:00,Site_A,Bldg_A2,Meter_Bldg_A2_01,37.81,0.583,448.27,Multivariate Telemetry Anomaly,-0.0034
2026-06-17 15:30:00,Site_A,Bldg_A2,Meter_Bldg_A2_01,38.19,0.657,445.78,Multivariate Telemetry Anomaly,-0.0179
2026-06-17 15:45:00,Site_A,Bldg_A2,Meter_Bldg_A2_01,36.85,0.65,441.02,Multivariate Telemetry Anomaly,-0.0052
2026-06-17 16:30:00,Site_A,Bldg_A2,Meter_Bldg_A2_01,37.3,0.492,417.96,Multivariate Telemetry Anomaly,-0.0054
2026-06-18 10:00:00,Site_A,Bldg_A2,Meter_Bldg_A2_01,38.55,0.583,428.94,Multivariate Telemetry Anomaly,-0.0266
2026-06-18 10:30:00,Site_A,Bldg_A2,Meter_Bldg_A2_01,37.93,0.57,424.57,Multivariate Telemetry Anomaly,-0.0024
2026-06-18 10:45:00,Site_A,Bldg_A2,Meter_Bldg_A2_01,38.32,0.582,429.9,Multivariate Telemetry Anomaly,-0.003
2026-06-18 11:00:00,Site_A,Bldg_A2,Meter_Bldg_A2_01,38.65,0.495,452.0,Multivariate Telemetry Anomaly,-0.0051
2026-06-18 11:15:00,Site_A,Bldg_A2,Meter_Bldg_A2_01,38.59,0.56,447.85,Multivariate Telemetry Anomaly,-0.0136
2026-06-18 11:30:00,Site_A,Bldg_A2,Meter_Bldg_A2_01,39.05,0.629,452.57,Multivariate Telemetry Anomaly,-0.0245
2026-06-18 12:00:00,Site_A,Bldg_A2,Meter_Bldg_A2_01,39.13,0.628,462.66,Multivariate Telemetry Anomaly,-0.0258
2026-06-18 12:15:00,Site_A,Bldg_A2,Meter_Bldg_A2_01,38.16,0.645,460.03,Multivariate Telemetry Anomaly,-0.0092
2026-06-18 12:45:00,Site_A,Bldg_A2,Meter_Bldg_A2_01,37.78,0.647,458.59,Multivariate Telemetry Anomaly,-0.0206
2026-06-18 13:00:00,Site_A,Bldg_A2,Meter_Bldg_A2_01,38.24,0.575,466.42,Multivariate Telemetry Anomaly,-0.0078
2026-06-18 13:15:00,Site_A,Bldg_A2,Meter_Bldg_A2_01,38.77,0.585,467.78,Multivariate Telemetry Anomaly,-0.0102
2026-06-18 13:45:00,Site_A,Bldg_A2,Meter_Bldg_A2_01,38.91,0.571,465.23,Multivariate Telemetry Anomaly,-0.0077
2026-06-18 14:15:00,Site_A,Bldg_A2,Meter_Bldg_A2_01,38.72,0.551,464.12,Multivariate Telemetry Anomaly,-0.0245
2026-06-18 14:30:00,Site_A,Bldg_A2,Meter_Bldg_A2_01,38.46,0.571,461.32,Multivariate Telemetry Anomaly,-0.0309
2026-06-18 15:15:00,Site_A,Bldg_A2,Meter_Bldg_A2_01,38.1,0.615,448.41,Multivariate Telemetry Anomaly,-0.009
2026-06-18 15:45:00,Site_A,Bldg_A2,Meter_Bldg_A2_01,38.15,0.523,446.81,Multivariate Telemetry Anomaly,-0.0085
2026-06-18 16:30:00,Site_A,Bldg_A2,Meter_Bldg_A2_01,37.67,0.619,426.55,Multivariate Telemetry Anomaly,-0.0044
2026-06-19 10:00:00,Site_A,Bldg_A2,Meter_Bldg_A2_01,39.01,0.601,429.44,Multivariate Telemetry Anomaly,-0.0008
2026-06-19 10:15:00,Site_A,Bldg_A2,Meter_Bldg_A2_01,38.77,0.627,427.75,Multivariate Telemetry Anomaly,-0.0
2026-06-19 10:30:00,Site_A,Bldg_A2,Meter_Bldg_A2_01,38.87,0.506,431.21,Multivariate Telemetry Anomaly,-0.0382
2026-06-19 11:00:00,Site_A,Bldg_A2,Meter_Bldg_A2_01,38.16,0.61,446.48,Multivariate Telemetry Anomaly,-0.0084
2026-06-19 11:30:00,Site_A,Bldg_A2,Meter_Bldg_A2_01,38.74,0.603,452.12,Multivariate Telemetry Anomaly,-0.0138
2026-06-19 11:45:00,Site_A,Bldg_A2,Meter_Bldg_A2_01,39.72,0.603,457.28,Multivariate Telemetry Anomaly,-0.045
2026-06-19 12:00:00,Site_A,Bldg_A2,Meter_Bldg_A2_01,37.28,0.665,458.45,Multivariate Telemetry Anomaly,-0.0097
2026-06-19 12:15:00,Site_A,Bldg_A2,Meter_Bldg_A2_01,37.53,0.653,453.54,Multivariate Telemetry Anomaly,-0.0254
2026-06-19 12:30:00,Site_A,Bldg_A2,Meter_Bldg_A2_01,38.19,0.6,456.48,Multivariate Telemetry Anomaly,-0.0123
2026-06-19 12:45:00,Site_A,Bldg_A2,Meter_Bldg_A2_01,39.75,0.619,465.4,Multivariate Telemetry Anomaly,-0.0218
2026-06-19 13:00:00,Site_A,Bldg_A2,Meter_Bldg_A2_01,38.24,0.588,462.86,Multivariate Telemetry Anomaly,-0.0057
2026-06-19 13:15:00,Site_A,Bldg_A2,Meter_Bldg_A2_01,38.96,0.567,471.54,Multivariate Telemetry Anomaly,-0.0067
2026-06-19 13:30:00,Site_A,Bldg_A2,Meter_Bldg_A2_01,38.08,0.591,460.48,Multivariate Telemetry Anomaly,-0.01
2026-06-19 13:45:00,Site_A,Bldg_A2,Meter_Bldg_A2_01,39.23,0.692,467.85,Multivariate Telemetry Anomaly,-0.0374
2026-06-19 14:00:00,Site_A,Bldg_A2,Meter_Bldg_A2_01,38.0,0.603,455.9,Multivariate Telemetry Anomaly,-0.0008
2026-06-19 14:30:00,Site_A,Bldg_A2,Meter_Bldg_A2_01,38.1,0.611,459.98,Multivariate Telemetry Anomaly,-0.0034
2026-06-19 14:45:00,Site_A,Bldg_A2,Meter_Bldg_A2_01,38.87,0.693,463.06,Multivariate Telemetry Anomaly,-0.0404
2026-06-19 15:00:00,Site_A,Bldg_A2,Meter_Bldg_A2_01,37.97,0.642,448.99,Multivariate Telemetry Anomaly,-0.014
2026-06-19 15:15:00,Site_A,Bldg_A2,Meter_Bldg_A2_01,38.33,0.567,446.72,Multivariate Telemetry Anomaly,-0.0008
2026-06-22 09:00:00,Site_A,Bldg_A2,Meter_Bldg_A2_01,37.96,0.654,400.01,Multivariate Telemetry Anomaly,-0.0029
2026-06-22 10:15:00,Site_A,Bldg_A2,Meter_Bldg_A2_01,38.27,0.62,427.4,Multivariate Telemetry Anomaly,-0.0005
2026-06-22 11:00:00,Site_A,Bldg_A2,Meter_Bldg_A2_01,38.19,0.637,449.05,Multivariate Telemetry Anomaly,-0.037
2026-06-22 11:15:00,Site_A,Bldg_A2,Meter_Bldg_A2_01,38.03,0.54,447.48,Multivariate Telemetry Anomaly,-0.0044
2026-06-22 11:30:00,Site_A,Bldg_A2,Meter_Bldg_A2_01,39.03,0.621,452.49,Multivariate Telemetry Anomaly,-0.0105
2026-06-22 11:45:00,Site_A,Bldg_A2,Meter_Bldg_A2_01,38.81,0.533,450.11,Multivariate Telemetry Anomaly,-0.0117
2026-06-22 12:00:00,Site_A,Bldg_A2,Meter_Bldg_A2_01,39.99,0.626,469.49,Multivariate Telemetry Anomaly,-0.026
2026-06-22 12:15:00,Site_A,Bldg_A2,Meter_Bldg_A2_01,39.07,0.536,464.6,Multivariate Telemetry Anomaly,-0.0179
2026-06-22 12:30:00,Site_A,Bldg_A2,Meter_Bldg_A2_01,37.39,0.691,453.55,Multivariate Telemetry Anomaly,-0.0056
2026-06-22 12:45:00,Site_A,Bldg_A2,Meter_Bldg_A2_01,38.26,0.674,460.13,Multivariate Telemetry Anomaly,-0.0199
2026-06-22 13:00:00,Site_A,Bldg_A2,Meter_Bldg_A2_01,38.98,0.579,467.8,Multivariate Telemetry Anomaly,-0.0217
2026-06-22 13:15:00,Site_A,Bldg_A2,Meter_Bldg_A2_01,37.74,0.652,463.23,Multivariate Telemetry Anomaly,-0.0324
2026-06-22 13:30:00,Site_A,Bldg_A2,Meter_Bldg_A2_01,38.49,0.557,466.65,Multivariate Telemetry Anomaly,-0.0343
2026-06-22 13:45:00,Site_A,Bldg_A2,Meter_Bldg_A2_01,38.61,0.668,464.53,Multivariate Telemetry Anomaly,-0.0144
2026-06-22 14:00:00,Site_A,Bldg_A2,Meter_Bldg_A2_01,38.47,0.621,458.67,Multivariate Telemetry Anomaly,-0.0068
2026-06-22 14:30:00,Site_A,Bldg_A2,Meter_Bldg_A2_01,37.77,0.632,457.96,Multivariate Telemetry Anomaly,-0.0015
2026-06-22 14:45:00,Site_A,Bldg_A2,Meter_Bldg_A2_01,37.36,0.666,458.18,Multivariate Telemetry Anomaly,-0.0026
2026-06-22 15:00:00,Site_A,Bldg_A2,Meter_Bldg_A2_01,38.35,0.655,445.45,Multivariate Telemetry Anomaly,-0.0205
2026-06-22 15:15:00,Site_A,Bldg_A2,Meter_Bldg_A2_01,38.44,0.582,451.3,Multivariate Telemetry Anomaly,-0.0036
2026-06-22 18:00:00,Site_A,Bldg_A2,Meter_Bldg_A2_01,37.69,0.46,370.27,Multivariate Telemetry Anomaly,-0.0024
2026-06-23 10:00:00,Site_A,Bldg_A2,Meter_Bldg_A2_01,38.23,0.624,427.62,Multivariate Telemetry Anomaly,-0.0035
2026-06-23 10:15:00,Site_A,Bldg_A2,Meter_Bldg_A2_01,37.98,0.612,432.79,Multivariate Telemetry Anomaly,-0.0089
2026-06-23 10:30:00,Site_A,Bldg_A2,Meter_Bldg_A2_01,38.16,0.681,429.32,Multivariate Telemetry Anomaly,-0.0245
2026-06-23 11:00:00,Site_A,Bldg_A2,Meter_Bldg_A2_01,38.18,0.531,445.37,Multivariate Telemetry Anomaly,-0.0133
2026-06-23 11:15:00,Site_A,Bldg_A2,Meter_Bldg_A2_01,38.26,0.471,447.24,Multivariate Telemetry Anomaly,-0.0238
2026-06-23 11:30:00,Site_A,Bldg_A2,Meter_Bldg_A2_01,38.16,0.595,450.76,Multivariate Telemetry Anomaly,-0.02
2026-06-23 11:45:00,Site_A,Bldg_A2,Meter_Bldg_A2_01,38.69,0.556,446.29,Multivariate Telemetry Anomaly,-0.0152
2026-06-23 12:00:00,Site_A,Bldg_A2,Meter_Bldg_A2_01,38.57,0.624,461.89,Multivariate Telemetry Anomaly,-0.0275
2026-06-23 12:15:00,Site_A,Bldg_A2,Meter_Bldg_A2_01,38.8,0.573,464.05,Multivariate Telemetry Anomaly,-0.0068
2026-06-23 12:30:00,Site_A,Bldg_A2,Meter_Bldg_A2_01,39.1,0.593,467.39,Multivariate Telemetry Anomaly,-0.0179
2026-06-23 12:45:00,Site_A,Bldg_A2,Meter_Bldg_A2_01,38.6,0.648,465.71,Multivariate Telemetry Anomaly,-0.0182
2026-06-23 13:00:00,Site_A,Bldg_A2,Meter_Bldg_A2_01,37.36,0.651,459.27,Multivariate Telemetry Anomaly,-0.0076
2026-06-23 13:15:00,Site_A,Bldg_A2,Meter_Bldg_A2_01,38.23,0.644,463.88,Multivariate Telemetry Anomaly,-0.0171
2026-06-23 13:30:00,Site_A,Bldg_A2,Meter_Bldg_A2_01,39.54,0.669,471.57,Multivariate Telemetry Anomaly,-0.0279
2026-06-23 13:45:00,Site_A,Bldg_A2,Meter_Bldg_A2_01,38.89,0.628,468.06,Multivariate Telemetry Anomaly,-0.0301
2026-06-23 14:00:00,Site_A,Bldg_A2,Meter_Bldg_A2_01,39.05,0.599,465.1,Multivariate Telemetry Anomaly,-0.021
2026-06-23 14:15:00,Site_A,Bldg_A2,Meter_Bldg_A2_01,39.03,0.566,462.74,Multivariate Telemetry Anomaly,-0.0039
2026-06-23 14:30:00,Site_A,Bldg_A2,Meter_Bldg_A2_01,37.75,0.619,458.39,Multivariate Telemetry Anomaly,-0.0282
2026-06-23 15:15:00,Site_A,Bldg_A2,Meter_Bldg_A2_01,38.07,0.595,445.82,Multivariate Telemetry Anomaly,-0.0203
2026-06-24 09:00:00,Site_A,Bldg_A2,Meter_Bldg_A2_01,38.68,0.565,404.95,Multivariate Telemetry Anomaly,-0.003
2026-06-24 09:45:00,Site_A,Bldg_A2,Meter_Bldg_A2_01,37.41,0.586,401.92,Multivariate Telemetry Anomaly,-0.0133
2026-06-24 10:30:00,Site_A,Bldg_A2,Meter_Bldg_A2_01,37.87,0.57,425.41,Multivariate Telemetry Anomaly,-0.0097
2026-06-24 10:45:00,Site_A,Bldg_A2,Meter_Bldg_A2_01,39.33,0.583,432.5,Multivariate Telemetry Anomaly,-0.0163
2026-06-24 11:00:00,Site_A,Bldg_A2,Meter_Bldg_A2_01,38.66,0.602,443.78,Multivariate Telemetry Anomaly,-0.0144
2026-06-24 11:15:00,Site_A,Bldg_A2,Meter_Bldg_A2_01,38.17,0.637,446.53,Multivariate Telemetry Anomaly,-0.014
2026-06-24 11:45:00,Site_A,Bldg_A2,Meter_Bldg_A2_01,38.47,0.568,448.24,Multivariate Telemetry Anomaly,-0.0202
2026-06-24 12:15:00,Site_A,Bldg_A2,Meter_Bldg_A2_01,38.06,0.597,460.49,Multivariate Telemetry Anomaly,-0.0072
2026-06-24 12:30:00,Site_A,Bldg_A2,Meter_Bldg_A2_01,38.59,0.63,456.24,Multivariate Telemetry Anomaly,-0.0118
2026-06-24 13:00:00,Site_A,Bldg_A2,Meter_Bldg_A2_01,37.73,0.563,462.93,Multivariate Telemetry Anomaly,-0.0043
2026-06-24 13:15:00,Site_A,Bldg_A2,Meter_Bldg_A2_01,37.65,0.616,463.39,Multivariate Telemetry Anomaly,-0.006
2026-06-24 13:30:00,Site_A,Bldg_A2,Meter_Bldg_A2_01,38.38,0.608,467.82,Multivariate Telemetry Anomaly,-0.0112
2026-06-24 13:45:00,Site_A,Bldg_A2,Meter_Bldg_A2_01,37.37,0.59,458.6,Multivariate Telemetry Anomaly,-0.0294
2026-06-24 14:15:00,Site_A,Bldg_A2,Meter_Bldg_A2_01,38.45,0.602,459.99,Multivariate Telemetry Anomaly,-0.0084
2026-06-24 14:30:00,Site_A,Bldg_A2,Meter_Bldg_A2_01,38.82,0.574,458.31,Multivariate Telemetry Anomaly,-0.0222
2026-06-24 15:00:00,Site_A,Bldg_A2,Meter_Bldg_A2_01,38.26,0.571,446.31,Multivariate Telemetry Anomaly,-0.0018
2026-06-24 15:15:00,Site_A,Bldg_A2,Meter_Bldg_A2_01,39.01,0.515,453.01,Multivariate Telemetry Anomaly,-0.0093
2026-06-24 15:30:00,Site_A,Bldg_A2,Meter_Bldg_A2_01,38.02,0.683,445.07,Multivariate Telemetry Anomaly,-0.0252
2026-06-25 10:00:00,Site_A,Bldg_A2,Meter_Bldg_A2_01,38.68,0.681,428.69,Multivariate Telemetry Anomaly,-0.0092
2026-06-25 10:15:00,Site_A,Bldg_A2,Meter_Bldg_A2_01,37.78,0.574,424.23,Multivariate Telemetry Anomaly,-0.004
2026-06-25 11:00:00,Site_A,Bldg_A2,Meter_Bldg_A2_01,38.12,0.671,446.98,Multivariate Telemetry Anomaly,-0.0044
2026-06-25 11:15:00,Site_A,Bldg_A2,Meter_Bldg_A2_01,38.66,0.641,450.16,Multivariate Telemetry Anomaly,-0.0153
2026-06-25 12:00:00,Site_A,Bldg_A2,Meter_Bldg_A2_01,38.58,0.458,461.44,Multivariate Telemetry Anomaly,-0.0342
2026-06-25 12:15:00,Site_A,Bldg_A2,Meter_Bldg_A2_01,38.77,0.664,463.04,Multivariate Telemetry Anomaly,-0.024
2026-06-25 12:30:00,Site_A,Bldg_A2,Meter_Bldg_A2_01,38.76,0.543,458.36,Multivariate Telemetry Anomaly,-0.013
2026-06-25 12:45:00,Site_A,Bldg_A2,Meter_Bldg_A2_01,38.5,0.632,460.59,Multivariate Telemetry Anomaly,-0.0145
2026-06-25 13:00:00,Site_A,Bldg_A2,Meter_Bldg_A2_01,38.83,0.61,467.88,Multivariate Telemetry Anomaly,-0.0093
2026-06-25 13:15:00,Site_A,Bldg_A2,Meter_Bldg_A2_01,38.24,0.537,462.41,Multivariate Telemetry Anomaly,-0.014
2026-06-25 13:30:00,Site_A,Bldg_A2,Meter_Bldg_A2_01,38.65,0.578,467.38,Multivariate Telemetry Anomaly,-0.0003
2026-06-25 13:45:00,Site_A,Bldg_A2,Meter_Bldg_A2_01,38.51,0.627,466.75,Multivariate Telemetry Anomaly,-0.0458
2026-06-25 14:00:00,Site_A,Bldg_A2,Meter_Bldg_A2_01,37.45,0.581,458.16,Multivariate Telemetry Anomaly,-0.0041
2026-06-25 14:30:00,Site_A,Bldg_A2,Meter_Bldg_A2_01,38.82,0.664,463.06,Multivariate Telemetry Anomaly,-0.0455
2026-06-25 14:45:00,Site_A,Bldg_A2,Meter_Bldg_A2_01,38.25,0.611,463.45,Multivariate Telemetry Anomaly,-0.0205
2026-06-25 15:00:00,Site_A,Bldg_A2,Meter_Bldg_A2_01,38.41,0.618,448.4,Multivariate Telemetry Anomaly,-0.0186
2026-06-26 09:15:00,Site_A,Bldg_A2,Meter_Bldg_A2_01,38.27,0.546,400.34,Multivariate Telemetry Anomaly,-0.0007
2026-06-26 10:45:00,Site_A,Bldg_A2,Meter_Bldg_A2_01,37.63,0.531,425.14,Multivariate Telemetry Anomaly,-0.0096
2026-06-26 11:00:00,Site_A,Bldg_A2,Meter_Bldg_A2_01,38.29,0.597,443.92,Multivariate Telemetry Anomaly,-0.0085
2026-06-26 11:15:00,Site_A,Bldg_A2,Meter_Bldg_A2_01,39.05,0.53,453.34,Multivariate Telemetry Anomaly,-0.0239
2026-06-26 11:30:00,Site_A,Bldg_A2,Meter_Bldg_A2_01,38.31,0.599,448.56,Multivariate Telemetry Anomaly,-0.0037
2026-06-26 11:45:00,Site_A,Bldg_A2,Meter_Bldg_A2_01,38.12,0.615,449.49,Multivariate Telemetry Anomaly,-0.0057
2026-06-26 12:30:00,Site_A,Bldg_A2,Meter_Bldg_A2_01,38.05,0.625,460.87,Multivariate Telemetry Anomaly,-0.012
2026-06-26 12:45:00,Site_A,Bldg_A2,Meter_Bldg_A2_01,38.55,0.668,462.13,Multivariate Telemetry Anomaly,-0.0037
2026-06-26 13:00:00,Site_A,Bldg_A2,Meter_Bldg_A2_01,39.02,0.584,468.46,Multivariate Telemetry Anomaly,-0.0099
2026-06-26 13:15:00,Site_A,Bldg_A2,Meter_Bldg_A2_01,38.63,0.597,464.13,Multivariate Telemetry Anomaly,-0.033
2026-06-26 13:30:00,Site_A,Bldg_A2,Meter_Bldg_A2_01,38.63,0.595,465.42,Multivariate Telemetry Anomaly,-0.0039
2026-06-26 13:45:00,Site_A,Bldg_A2,Meter_Bldg_A2_01,38.41,0.547,466.69,Multivariate Telemetry Anomaly,-0.0142
2026-06-26 14:00:00,Site_A,Bldg_A2,Meter_Bldg_A2_01,37.97,0.546,455.92,Multivariate Telemetry Anomaly,-0.0009
2026-06-26 14:15:00,Site_A,Bldg_A2,Meter_Bldg_A2_01,39.24,0.541,466.42,Multivariate Telemetry Anomaly,-0.0356
2026-06-26 14:30:00,Site_A,Bldg_A2,Meter_Bldg_A2_01,38.55,0.566,463.37,Multivariate Telemetry Anomaly,-0.0112
2026-06-26 14:45:00,Site_A,Bldg_A2,Meter_Bldg_A2_01,37.7,0.649,455.07,Multivariate Telemetry Anomaly,-0.0042
2026-06-26 15:00:00,Site_A,Bldg_A2,Meter_Bldg_A2_01,38.48,0.561,451.05,Multivariate Telemetry Anomaly,-0.0037
2026-06-26 15:30:00,Site_A,Bldg_A2,Meter_Bldg_A2_01,38.9,0.612,450.22,Multivariate Telemetry Anomaly,-0.006
2026-06-29 09:45:00,Site_A,Bldg_A2,Meter_Bldg_A2_01,38.83,0.456,404.03,Multivariate Telemetry Anomaly,-0.0123
2026-06-29 11:15:00,Site_A,Bldg_A2,Meter_Bldg_A2_01,38.15,0.67,446.56,Multivariate Telemetry Anomaly,-0.0168
2026-06-29 11:45:00,Site_A,Bldg_A2,Meter_Bldg_A2_01,39.62,0.582,449.95,Multivariate Telemetry Anomaly,-0.0204
2026-06-29 12:00:00,Site_A,Bldg_A2,Meter_Bldg_A2_01,39.02,0.63,464.46,Multivariate Telemetry Anomaly,-0.0285
2026-06-29 12:15:00,Site_A,Bldg_A2,Meter_Bldg_A2_01,38.04,0.63,461.27,Multivariate Telemetry Anomaly,-0.0008
2026-06-29 12:30:00,Site_A,Bldg_A2,Meter_Bldg_A2_01,38.81,0.596,464.45,Multivariate Telemetry Anomaly,-0.0311
2026-06-29 13:00:00,Site_A,Bldg_A2,Meter_Bldg_A2_01,38.15,0.547,466.67,Multivariate Telemetry Anomaly,-0.0192
2026-06-29 13:15:00,Site_A,Bldg_A2,Meter_Bldg_A2_01,39.15,0.59,467.78,Multivariate Telemetry Anomaly,-0.0202
2026-06-29 13:30:00,Site_A,Bldg_A2,Meter_Bldg_A2_01,38.68,0.643,465.05,Multivariate Telemetry Anomaly,-0.0098
2026-06-29 13:45:00,Site_A,Bldg_A2,Meter_Bldg_A2_01,38.88,0.579,466.0,Multivariate Telemetry Anomaly,-0.0045
2026-06-29 14:00:00,Site_A,Bldg_A2,Meter_Bldg_A2_01,38.71,0.536,462.55,Multivariate Telemetry Anomaly,-0.0054
2026-06-29 14:15:00,Site_A,Bldg_A2,Meter_Bldg_A2_01,37.84,0.681,459.83,Multivariate Telemetry Anomaly,-0.0076
2026-06-29 14:30:00,Site_A,Bldg_A2,Meter_Bldg_A2_01,37.87,0.653,459.62,Multivariate Telemetry Anomaly,-0.0019
2026-06-29 14:45:00,Site_A,Bldg_A2,Meter_Bldg_A2_01,38.43,0.528,466.4,Multivariate Telemetry Anomaly,-0.0199
2026-06-29 15:00:00,Site_A,Bldg_A2,Meter_Bldg_A2_01,38.36,0.554,450.59,Multivariate Telemetry Anomaly,-0.0022
2026-06-29 15:15:00,Site_A,Bldg_A2,Meter_Bldg_A2_01,38.47,0.547,447.66,Multivariate Telemetry Anomaly,-0.002
2026-06-29 15:30:00,Site_A,Bldg_A2,Meter_Bldg_A2_01,38.34,0.643,447.32,Multivariate Telemetry Anomaly,-0.0081
2026-06-30 09:45:00,Site_A,Bldg_A2,Meter_Bldg_A2_01,36.68,0.568,393.8,Multivariate Telemetry Anomaly,-0.0096
2026-06-30 10:45:00,Site_A,Bldg_A2,Meter_Bldg_A2_01,38.51,0.505,427.84,Multivariate Telemetry Anomaly,-0.0001
2026-06-30 11:00:00,Site_A,Bldg_A2,Meter_Bldg_A2_01,38.5,0.543,447.52,Multivariate Telemetry Anomaly,-0.0198
2026-06-30 11:15:00,Site_A,Bldg_A2,Meter_Bldg_A2_01,38.5,0.55,450.55,Multivariate Telemetry Anomaly,-0.0162
2026-06-30 11:30:00,Site_A,Bldg_A2,Meter_Bldg_A2_01,37.07,0.602,442.31,Multivariate Telemetry Anomaly,-0.0091
2026-06-30 11:45:00,Site_A,Bldg_A2,Meter_Bldg_A2_01,38.87,0.611,450.09,Multivariate Telemetry Anomaly,-0.0085
2026-06-30 12:00:00,Site_A,Bldg_A2,Meter_Bldg_A2_01,38.07,0.588,460.71,Multivariate Telemetry Anomaly,-0.002
2026-06-30 12:30:00,Site_A,Bldg_A2,Meter_Bldg_A2_01,38.6,0.627,460.81,Multivariate Telemetry Anomaly,-0.0199
2026-06-30 12:45:00,Site_A,Bldg_A2,Meter_Bldg_A2_01,36.79,0.571,454.05,Multivariate Telemetry Anomaly,-0.025
2026-06-30 13:15:00,Site_A,Bldg_A2,Meter_Bldg_A2_01,37.76,0.499,461.27,Multivariate Telemetry Anomaly,-0.004
2026-06-30 13:30:00,Site_A,Bldg_A2,Meter_Bldg_A2_01,39.15,0.578,470.9,Multivariate Telemetry Anomaly,-0.0184
2026-06-30 13:45:00,Site_A,Bldg_A2,Meter_Bldg_A2_01,38.65,0.587,467.0,Multivariate Telemetry Anomaly,-0.0282
2026-06-30 14:00:00,Site_A,Bldg_A2,Meter_Bldg_A2_01,39.24,0.52,465.07,Multivariate Telemetry Anomaly,-0.0383
2026-06-30 14:15:00,Site_A,Bldg_A2,Meter_Bldg_A2_01,39.07,0.691,463.82,Multivariate Telemetry Anomaly,-0.0226
2026-06-30 14:30:00,Site_A,Bldg_A2,Meter_Bldg_A2_01,38.56,0.521,462.53,Multivariate Telemetry Anomaly,-0.0142
2026-06-30 15:00:00,Site_A,Bldg_A2,Meter_Bldg_A2_01,38.15,0.623,447.34,Multivariate Telemetry Anomaly,-0.0112
2026-06-30 15:15:00,Site_A,Bldg_A2,Meter_Bldg_A2_01,38.42,0.536,443.22,Multivariate Telemetry Anomaly,-0.0102
2026-06-30 15:30:00,Site_A,Bldg_A2,Meter_Bldg_A2_01,37.97,0.629,444.77,Multivariate Telemetry Anomaly,-0.0012
2026-06-30 15:45:00,Site_A,Bldg_A2,Meter_Bldg_A2_01,37.58,0.582,442.4,Multivariate Telemetry Anomaly,-0.0091
2026-06-01 09:15:00,Site_B,Bldg_B1,Meter_Bldg_B1_01,38.04,0.538,400.47,Multivariate Telemetry Anomaly,-0.0032
2026-06-01 10:00:00,Site_B,Bldg_B1,Meter_Bldg_B1_01,38.44,0.582,427.26,Multivariate Telemetry Anomaly,-0.004
2026-06-01 10:15:00,Site_B,Bldg_B1,Meter_Bldg_B1_01,37.46,0.528,419.89,Multivariate Telemetry Anomaly,-0.0105
2026-06-01 10:30:00,Site_B,Bldg_B1,Meter_Bldg_B1_01,38.61,0.619,427.3,Multivariate Telemetry Anomaly,-0.0028
2026-06-01 10:45:00,Site_B,Bldg_B1,Meter_Bldg_B1_01,38.35,0.559,426.15,Multivariate Telemetry Anomaly,-0.003
2026-06-01 11:15:00,Site_B,Bldg_B1,Meter_Bldg_B1_01,37.63,0.567,444.01,Multivariate Telemetry Anomaly,-0.0061
2026-06-01 11:30:00,Site_B,Bldg_B1,Meter_Bldg_B1_01,39.46,0.619,447.45,Multivariate Telemetry Anomaly,-0.026
2026-06-01 11:45:00,Site_B,Bldg_B1,Meter_Bldg_B1_01,37.95,0.666,444.7,Multivariate Telemetry Anomaly,-0.0045
2026-06-01 12:00:00,Site_B,Bldg_B1,Meter_Bldg_B1_01,38.62,0.655,461.95,Multivariate Telemetry Anomaly,-0.0365
2026-06-01 12:15:00,Site_B,Bldg_B1,Meter_Bldg_B1_01,39.34,0.602,463.12,Multivariate Telemetry Anomaly,-0.0259
2026-06-01 12:30:00,Site_B,Bldg_B1,Meter_Bldg_B1_01,39.1,0.552,464.54,Multivariate Telemetry Anomaly,-0.0298
2026-06-01 13:00:00,Site_B,Bldg_B1,Meter_Bldg_B1_01,39.22,0.515,468.41,Multivariate Telemetry Anomaly,-0.0276
2026-06-01 13:30:00,Site_B,Bldg_B1,Meter_Bldg_B1_01,39.56,0.644,468.3,Multivariate Telemetry Anomaly,-0.0322
2026-06-01 13:45:00,Site_B,Bldg_B1,Meter_Bldg_B1_01,38.57,0.605,468.52,Multivariate Telemetry Anomaly,-0.012
2026-06-01 14:00:00,Site_B,Bldg_B1,Meter_Bldg_B1_01,38.67,0.596,463.34,Multivariate Telemetry Anomaly,-0.0212
2026-06-01 14:15:00,Site_B,Bldg_B1,Meter_Bldg_B1_01,38.11,0.625,460.66,Multivariate Telemetry Anomaly,-0.0328
2026-06-01 14:30:00,Site_B,Bldg_B1,Meter_Bldg_B1_01,38.68,0.687,462.95,Multivariate Telemetry Anomaly,-0.0147
2026-06-01 14:45:00,Site_B,Bldg_B1,Meter_Bldg_B1_01,38.19,0.632,459.66,Multivariate Telemetry Anomaly,-0.0221
2026-06-01 15:00:00,Site_B,Bldg_B1,Meter_Bldg_B1_01,38.19,0.574,447.19,Multivariate Telemetry Anomaly,-0.0229
2026-06-01 15:30:00,Site_B,Bldg_B1,Meter_Bldg_B1_01,37.85,0.648,444.3,Multivariate Telemetry Anomaly,-0.0108
2026-06-01 15:45:00,Site_B,Bldg_B1,Meter_Bldg_B1_01,38.33,0.571,444.28,Multivariate Telemetry Anomaly,-0.0003
2026-06-01 16:00:00,Site_B,Bldg_B1,Meter_Bldg_B1_01,38.88,0.508,432.03,Multivariate Telemetry Anomaly,-0.0107
2026-06-02 08:15:00,Site_B,Bldg_B1,Meter_Bldg_B1_01,37.89,0.482,373.53,Multivariate Telemetry Anomaly,-0.0029
2026-06-02 10:45:00,Site_B,Bldg_B1,Meter_Bldg_B1_01,38.32,0.528,429.92,Multivariate Telemetry Anomaly,-0.0067
2026-06-02 11:15:00,Site_B,Bldg_B1,Meter_Bldg_B1_01,39.51,0.54,453.08,Multivariate Telemetry Anomaly,-0.0455
2026-06-02 11:30:00,Site_B,Bldg_B1,Meter_Bldg_B1_01,39.0,0.574,448.3,Multivariate Telemetry Anomaly,-0.0038
2026-06-02 11:45:00,Site_B,Bldg_B1,Meter_Bldg_B1_01,37.24,0.654,445.88,Multivariate Telemetry Anomaly,-0.0091
2026-06-02 12:15:00,Site_B,Bldg_B1,Meter_Bldg_B1_01,37.64,0.584,456.44,Multivariate Telemetry Anomaly,-0.0192
2026-06-02 12:30:00,Site_B,Bldg_B1,Meter_Bldg_B1_01,38.78,0.581,460.39,Multivariate Telemetry Anomaly,-0.0524
2026-06-02 12:45:00,Site_B,Bldg_B1,Meter_Bldg_B1_01,38.73,0.499,459.96,Multivariate Telemetry Anomaly,-0.0071
2026-06-02 13:00:00,Site_B,Bldg_B1,Meter_Bldg_B1_01,39.24,0.558,469.31,Multivariate Telemetry Anomaly,-0.0428
2026-06-02 13:15:00,Site_B,Bldg_B1,Meter_Bldg_B1_01,38.64,0.692,465.3,Multivariate Telemetry Anomaly,-0.0203
2026-06-02 13:30:00,Site_B,Bldg_B1,Meter_Bldg_B1_01,39.66,0.591,470.62,Multivariate Telemetry Anomaly,-0.0258
2026-06-02 13:45:00,Site_B,Bldg_B1,Meter_Bldg_B1_01,37.89,0.461,463.34,Multivariate Telemetry Anomaly,-0.0209
2026-06-02 14:00:00,Site_B,Bldg_B1,Meter_Bldg_B1_01,38.62,0.574,464.53,Multivariate Telemetry Anomaly,-0.014
2026-06-02 14:30:00,Site_B,Bldg_B1,Meter_Bldg_B1_01,38.29,0.581,460.63,Multivariate Telemetry Anomaly,-0.015
2026-06-02 14:45:00,Site_B,Bldg_B1,Meter_Bldg_B1_01,38.31,0.63,461.4,Multivariate Telemetry Anomaly,-0.018
2026-06-02 15:00:00,Site_B,Bldg_B1,Meter_Bldg_B1_01,38.99,0.648,451.06,Multivariate Telemetry Anomaly,-0.0154
2026-06-02 15:45:00,Site_B,Bldg_B1,Meter_Bldg_B1_01,38.82,0.561,449.08,Multivariate Telemetry Anomaly,-0.005
2026-06-02 16:45:00,Site_B,Bldg_B1,Meter_Bldg_B1_01,37.81,0.5,423.61,Multivariate Telemetry Anomaly,-0.005
2026-06-03 09:15:00,Site_B,Bldg_B1,Meter_Bldg_B1_01,38.27,0.561,398.0,Multivariate Telemetry Anomaly,-0.0022
2026-06-03 10:00:00,Site_B,Bldg_B1,Meter_Bldg_B1_01,38.67,0.585,427.59,Multivariate Telemetry Anomaly,-0.0034
2026-06-03 10:15:00,Site_B,Bldg_B1,Meter_Bldg_B1_01,38.82,0.575,427.07,Multivariate Telemetry Anomaly,-0.0048
2026-06-03 11:00:00,Site_B,Bldg_B1,Meter_Bldg_B1_01,39.09,0.462,452.47,Multivariate Telemetry Anomaly,-0.0112
2026-06-03 11:15:00,Site_B,Bldg_B1,Meter_Bldg_B1_01,38.33,0.619,446.52,Multivariate Telemetry Anomaly,-0.0212
2026-06-03 11:30:00,Site_B,Bldg_B1,Meter_Bldg_B1_01,38.69,0.637,447.5,Multivariate Telemetry Anomaly,-0.0325
2026-06-03 11:45:00,Site_B,Bldg_B1,Meter_Bldg_B1_01,37.67,0.674,446.32,Multivariate Telemetry Anomaly,-0.0195
2026-06-03 12:00:00,Site_B,Bldg_B1,Meter_Bldg_B1_01,39.49,0.544,462.84,Multivariate Telemetry Anomaly,-0.0411
2026-06-03 12:15:00,Site_B,Bldg_B1,Meter_Bldg_B1_01,38.4,0.615,463.76,Multivariate Telemetry Anomaly,-0.0183
2026-06-03 12:30:00,Site_B,Bldg_B1,Meter_Bldg_B1_01,39.42,0.594,465.48,Multivariate Telemetry Anomaly,-0.0162
2026-06-03 12:45:00,Site_B,Bldg_B1,Meter_Bldg_B1_01,39.43,0.529,465.29,Multivariate Telemetry Anomaly,-0.0215
2026-06-03 13:00:00,Site_B,Bldg_B1,Meter_Bldg_B1_01,38.51,0.572,466.92,Multivariate Telemetry Anomaly,-0.0065
2026-06-03 13:15:00,Site_B,Bldg_B1,Meter_Bldg_B1_01,38.21,0.608,463.75,Multivariate Telemetry Anomaly,-0.0067
2026-06-03 13:30:00,Site_B,Bldg_B1,Meter_Bldg_B1_01,39.55,0.607,473.41,Multivariate Telemetry Anomaly,-0.0153
2026-06-03 13:45:00,Site_B,Bldg_B1,Meter_Bldg_B1_01,37.86,0.69,461.59,Multivariate Telemetry Anomaly,-0.0199
2026-06-03 14:00:00,Site_B,Bldg_B1,Meter_Bldg_B1_01,38.44,0.783,458.23,Multivariate Telemetry Anomaly,-0.016
2026-06-03 14:15:00,Site_B,Bldg_B1,Meter_Bldg_B1_01,38.88,0.499,463.91,Multivariate Telemetry Anomaly,-0.0217
2026-06-03 14:30:00,Site_B,Bldg_B1,Meter_Bldg_B1_01,38.46,0.636,457.0,Multivariate Telemetry Anomaly,-0.0219
2026-06-03 14:45:00,Site_B,Bldg_B1,Meter_Bldg_B1_01,38.93,0.614,459.23,Multivariate Telemetry Anomaly,-0.0231
2026-06-03 15:15:00,Site_B,Bldg_B1,Meter_Bldg_B1_01,37.88,0.532,445.83,Multivariate Telemetry Anomaly,-0.0045
2026-06-03 15:30:00,Site_B,Bldg_B1,Meter_Bldg_B1_01,37.43,0.692,445.94,Multivariate Telemetry Anomaly,-0.0218
2026-06-03 15:45:00,Site_B,Bldg_B1,Meter_Bldg_B1_01,37.63,0.678,440.06,Multivariate Telemetry Anomaly,-0.0008
2026-06-03 16:45:00,Site_B,Bldg_B1,Meter_Bldg_B1_01,36.48,0.691,417.16,Multivariate Telemetry Anomaly,-0.0025
2026-06-04 09:15:00,Site_B,Bldg_B1,Meter_Bldg_B1_01,38.33,0.527,403.41,Multivariate Telemetry Anomaly,-0.0
2026-06-04 10:00:00,Site_B,Bldg_B1,Meter_Bldg_B1_01,37.98,0.497,425.68,Multivariate Telemetry Anomaly,-0.0183
2026-06-04 10:15:00,Site_B,Bldg_B1,Meter_Bldg_B1_01,37.98,0.607,424.08,Multivariate Telemetry Anomaly,-0.0132
2026-06-04 10:30:00,Site_B,Bldg_B1,Meter_Bldg_B1_01,38.13,0.511,425.95,Multivariate Telemetry Anomaly,-0.0108
2026-06-04 10:45:00,Site_B,Bldg_B1,Meter_Bldg_B1_01,38.92,0.445,428.42,Multivariate Telemetry Anomaly,-0.0325
2026-06-04 11:15:00,Site_B,Bldg_B1,Meter_Bldg_B1_01,38.86,0.63,448.02,Multivariate Telemetry Anomaly,-0.0133
2026-06-04 11:30:00,Site_B,Bldg_B1,Meter_Bldg_B1_01,37.94,0.615,445.01,Multivariate Telemetry Anomaly,-0.0138
2026-06-04 11:45:00,Site_B,Bldg_B1,Meter_Bldg_B1_01,38.64,0.669,451.03,Multivariate Telemetry Anomaly,-0.0169
2026-06-04 12:00:00,Site_B,Bldg_B1,Meter_Bldg_B1_01,38.36,0.638,458.88,Multivariate Telemetry Anomaly,-0.0127
2026-06-04 12:30:00,Site_B,Bldg_B1,Meter_Bldg_B1_01,37.77,0.6,459.82,Multivariate Telemetry Anomaly,-0.0198
2026-06-04 12:45:00,Site_B,Bldg_B1,Meter_Bldg_B1_01,38.82,0.519,464.18,Multivariate Telemetry Anomaly,-0.0445
2026-06-04 13:00:00,Site_B,Bldg_B1,Meter_Bldg_B1_01,38.24,0.645,463.72,Multivariate Telemetry Anomaly,-0.0147
2026-06-04 13:15:00,Site_B,Bldg_B1,Meter_Bldg_B1_01,38.42,0.6,462.97,Multivariate Telemetry Anomaly,-0.0069
2026-06-04 13:30:00,Site_B,Bldg_B1,Meter_Bldg_B1_01,38.77,0.649,466.42,Multivariate Telemetry Anomaly,-0.0279
2026-06-04 13:45:00,Site_B,Bldg_B1,Meter_Bldg_B1_01,38.73,0.595,468.89,Multivariate Telemetry Anomaly,-0.0351
2026-06-04 14:00:00,Site_B,Bldg_B1,Meter_Bldg_B1_01,38.65,0.608,462.64,Multivariate Telemetry Anomaly,-0.0225
2026-06-04 14:15:00,Site_B,Bldg_B1,Meter_Bldg_B1_01,38.38,0.589,461.56,Multivariate Telemetry Anomaly,-0.0112
2026-06-04 14:30:00,Site_B,Bldg_B1,Meter_Bldg_B1_01,38.61,0.642,460.95,Multivariate Telemetry Anomaly,-0.006
2026-06-04 14:45:00,Site_B,Bldg_B1,Meter_Bldg_B1_01,39.12,0.645,465.98,Multivariate Telemetry Anomaly,-0.0224
2026-06-04 15:00:00,Site_B,Bldg_B1,Meter_Bldg_B1_01,37.73,0.538,445.83,Multivariate Telemetry Anomaly,-0.0055
2026-06-04 15:15:00,Site_B,Bldg_B1,Meter_Bldg_B1_01,38.18,0.514,445.28,Multivariate Telemetry Anomaly,-0.0039
2026-06-04 15:30:00,Site_B,Bldg_B1,Meter_Bldg_B1_01,39.21,0.579,451.02,Multivariate Telemetry Anomaly,-0.0171
2026-06-04 15:45:00,Site_B,Bldg_B1,Meter_Bldg_B1_01,37.95,0.645,445.88,Multivariate Telemetry Anomaly,-0.0007
2026-06-05 09:15:00,Site_B,Bldg_B1,Meter_Bldg_B1_01,39.08,0.493,404.72,Multivariate Telemetry Anomaly,-0.0147
2026-06-05 09:30:00,Site_B,Bldg_B1,Meter_Bldg_B1_01,38.77,0.452,401.34,Multivariate Telemetry Anomaly,-0.0111
2026-06-05 10:30:00,Site_B,Bldg_B1,Meter_Bldg_B1_01,38.24,0.59,424.41,Multivariate Telemetry Anomaly,-0.0021
2026-06-05 11:00:00,Site_B,Bldg_B1,Meter_Bldg_B1_01,37.43,0.488,443.95,Multivariate Telemetry Anomaly,-0.0157
2026-06-05 11:15:00,Site_B,Bldg_B1,Meter_Bldg_B1_01,38.73,0.607,448.99,Multivariate Telemetry Anomaly,-0.0152
2026-06-05 11:30:00,Site_B,Bldg_B1,Meter_Bldg_B1_01,38.6,0.621,447.16,Multivariate Telemetry Anomaly,-0.0139
2026-06-05 11:45:00,Site_B,Bldg_B1,Meter_Bldg_B1_01,38.75,0.619,451.13,Multivariate Telemetry Anomaly,-0.0241
2026-06-05 12:00:00,Site_B,Bldg_B1,Meter_Bldg_B1_01,38.78,0.559,462.07,Multivariate Telemetry Anomaly,-0.0155
2026-06-05 12:15:00,Site_B,Bldg_B1,Meter_Bldg_B1_01,37.38,0.666,456.27,Multivariate Telemetry Anomaly,-0.0079
2026-06-05 12:30:00,Site_B,Bldg_B1,Meter_Bldg_B1_01,37.93,0.485,452.84,Multivariate Telemetry Anomaly,-0.0196
2026-06-05 12:45:00,Site_B,Bldg_B1,Meter_Bldg_B1_01,38.53,0.647,460.99,Multivariate Telemetry Anomaly,-0.0102
2026-06-05 13:00:00,Site_B,Bldg_B1,Meter_Bldg_B1_01,38.32,0.625,465.73,Multivariate Telemetry Anomaly,-0.0288
2026-06-05 13:15:00,Site_B,Bldg_B1,Meter_Bldg_B1_01,39.29,0.649,472.83,Multivariate Telemetry Anomaly,-0.024
2026-06-05 13:30:00,Site_B,Bldg_B1,Meter_Bldg_B1_01,38.14,0.602,466.09,Multivariate Telemetry Anomaly,-0.04
2026-06-05 13:45:00,Site_B,Bldg_B1,Meter_Bldg_B1_01,38.41,0.675,466.54,Multivariate Telemetry Anomaly,-0.0197
2026-06-05 14:45:00,Site_B,Bldg_B1,Meter_Bldg_B1_01,38.64,0.517,460.54,Multivariate Telemetry Anomaly,-0.0113
2026-06-05 15:00:00,Site_B,Bldg_B1,Meter_Bldg_B1_01,39.03,0.635,449.63,Multivariate Telemetry Anomaly,-0.0115
2026-06-05 15:45:00,Site_B,Bldg_B1,Meter_Bldg_B1_01,38.67,0.581,446.62,Multivariate Telemetry Anomaly,-0.0087
2026-06-05 17:00:00,Site_B,Bldg_B1,Meter_Bldg_B1_01,37.62,0.682,396.56,Multivariate Telemetry Anomaly,-0.0157
2026-06-05 17:45:00,Site_B,Bldg_B1,Meter_Bldg_B1_01,37.56,0.64,398.29,Multivariate Telemetry Anomaly,-0.0066
2026-06-08 11:00:00,Site_B,Bldg_B1,Meter_Bldg_B1_01,38.93,0.626,451.29,Multivariate Telemetry Anomaly,-0.0124
2026-06-08 11:15:00,Site_B,Bldg_B1,Meter_Bldg_B1_01,39.17,0.585,447.73,Multivariate Telemetry Anomaly,-0.0281
2026-06-08 11:30:00,Site_B,Bldg_B1,Meter_Bldg_B1_01,38.52,0.536,448.84,Multivariate Telemetry Anomaly,-0.0084
2026-06-08 11:45:00,Site_B,Bldg_B1,Meter_Bldg_B1_01,37.72,0.499,444.85,Multivariate Telemetry Anomaly,-0.0053
2026-06-08 12:00:00,Site_B,Bldg_B1,Meter_Bldg_B1_01,39.1,0.584,464.89,Multivariate Telemetry Anomaly,-0.0152
2026-06-08 12:15:00,Site_B,Bldg_B1,Meter_Bldg_B1_01,38.27,0.576,457.6,Multivariate Telemetry Anomaly,-0.0109
2026-06-08 12:30:00,Site_B,Bldg_B1,Meter_Bldg_B1_01,37.82,0.687,457.1,Multivariate Telemetry Anomaly,-0.0166
2026-06-08 12:45:00,Site_B,Bldg_B1,Meter_Bldg_B1_01,40.05,0.642,467.9,Multivariate Telemetry Anomaly,-0.0275
2026-06-08 13:00:00,Site_B,Bldg_B1,Meter_Bldg_B1_01,38.13,0.586,464.68,Multivariate Telemetry Anomaly,-0.0008
2026-06-08 13:15:00,Site_B,Bldg_B1,Meter_Bldg_B1_01,38.65,0.462,464.2,Multivariate Telemetry Anomaly,-0.0229
2026-06-08 13:30:00,Site_B,Bldg_B1,Meter_Bldg_B1_01,37.89,0.659,460.96,Multivariate Telemetry Anomaly,-0.0031
2026-06-08 13:45:00,Site_B,Bldg_B1,Meter_Bldg_B1_01,38.9,0.63,466.59,Multivariate Telemetry Anomaly,-0.0241
2026-06-08 14:15:00,Site_B,Bldg_B1,Meter_Bldg_B1_01,37.96,0.657,458.5,Multivariate Telemetry Anomaly,-0.0026
2026-06-08 14:45:00,Site_B,Bldg_B1,Meter_Bldg_B1_01,38.32,0.604,461.63,Multivariate Telemetry Anomaly,-0.0047
2026-06-08 15:00:00,Site_B,Bldg_B1,Meter_Bldg_B1_01,37.43,0.601,446.3,Multivariate Telemetry Anomaly,-0.0112
2026-06-08 15:30:00,Site_B,Bldg_B1,Meter_Bldg_B1_01,37.72,0.684,442.25,Multivariate Telemetry Anomaly,-0.0066
2026-06-09 10:00:00,Site_B,Bldg_B1,Meter_Bldg_B1_01,38.87,0.622,426.97,Multivariate Telemetry Anomaly,-0.0341
2026-06-09 10:30:00,Site_B,Bldg_B1,Meter_Bldg_B1_01,38.74,0.59,428.78,Multivariate Telemetry Anomaly,-0.0012
2026-06-09 11:00:00,Site_B,Bldg_B1,Meter_Bldg_B1_01,37.79,0.677,444.29,Multivariate Telemetry Anomaly,-0.004
2026-06-09 11:15:00,Site_B,Bldg_B1,Meter_Bldg_B1_01,38.59,0.645,449.49,Multivariate Telemetry Anomaly,-0.0362
2026-06-09 11:30:00,Site_B,Bldg_B1,Meter_Bldg_B1_01,37.75,0.669,445.1,Multivariate Telemetry Anomaly,-0.0345
2026-06-09 11:45:00,Site_B,Bldg_B1,Meter_Bldg_B1_01,38.51,0.501,447.46,Multivariate Telemetry Anomaly,-0.0035
2026-06-09 12:00:00,Site_B,Bldg_B1,Meter_Bldg_B1_01,39.39,0.539,466.17,Multivariate Telemetry Anomaly,-0.0166
2026-06-09 12:15:00,Site_B,Bldg_B1,Meter_Bldg_B1_01,38.57,0.607,462.69,Multivariate Telemetry Anomaly,-0.0326
2026-06-09 12:30:00,Site_B,Bldg_B1,Meter_Bldg_B1_01,38.83,0.619,460.51,Multivariate Telemetry Anomaly,-0.0393
2026-06-09 13:00:00,Site_B,Bldg_B1,Meter_Bldg_B1_01,38.42,0.641,465.68,Multivariate Telemetry Anomaly,-0.0274
2026-06-09 13:15:00,Site_B,Bldg_B1,Meter_Bldg_B1_01,38.71,0.579,469.06,Multivariate Telemetry Anomaly,-0.0069
2026-06-09 13:30:00,Site_B,Bldg_B1,Meter_Bldg_B1_01,38.25,0.56,466.05,Multivariate Telemetry Anomaly,-0.0107
2026-06-09 13:45:00,Site_B,Bldg_B1,Meter_Bldg_B1_01,37.72,0.549,466.67,Multivariate Telemetry Anomaly,-0.0074
2026-06-09 14:00:00,Site_B,Bldg_B1,Meter_Bldg_B1_01,37.85,0.642,459.5,Multivariate Telemetry Anomaly,-0.0083
2026-06-09 14:45:00,Site_B,Bldg_B1,Meter_Bldg_B1_01,38.64,0.495,458.76,Multivariate Telemetry Anomaly,-0.0158
2026-06-09 15:15:00,Site_B,Bldg_B1,Meter_Bldg_B1_01,38.0,0.685,446.44,Multivariate Telemetry Anomaly,-0.012
2026-06-09 15:30:00,Site_B,Bldg_B1,Meter_Bldg_B1_01,38.65,0.546,447.78,Multivariate Telemetry Anomaly,-0.0007
2026-06-09 15:45:00,Site_B,Bldg_B1,Meter_Bldg_B1_01,38.64,0.51,447.67,Multivariate Telemetry Anomaly,-0.0015
2026-06-10 08:45:00,Site_B,Bldg_B1,Meter_Bldg_B1_01,37.71,0.564,366.57,Multivariate Telemetry Anomaly,-0.0
2026-06-10 09:30:00,Site_B,Bldg_B1,Meter_Bldg_B1_01,39.17,0.577,402.92,Multivariate Telemetry Anomaly,-0.0093
2026-06-10 10:00:00,Site_B,Bldg_B1,Meter_Bldg_B1_01,38.71,0.482,428.55,Multivariate Telemetry Anomaly,-0.0392
2026-06-10 10:15:00,Site_B,Bldg_B1,Meter_Bldg_B1_01,38.18,0.516,425.89,Multivariate Telemetry Anomaly,-0.0271
2026-06-10 10:30:00,Site_B,Bldg_B1,Meter_Bldg_B1_01,38.61,0.519,430.07,Multivariate Telemetry Anomaly,-0.0037
2026-06-10 10:45:00,Site_B,Bldg_B1,Meter_Bldg_B1_01,38.57,0.693,427.13,Multivariate Telemetry Anomaly,-0.009
2026-06-10 11:00:00,Site_B,Bldg_B1,Meter_Bldg_B1_01,38.17,0.607,448.93,Multivariate Telemetry Anomaly,-0.0118
2026-06-10 11:15:00,Site_B,Bldg_B1,Meter_Bldg_B1_01,38.92,0.626,452.09,Multivariate Telemetry Anomaly,-0.0047
2026-06-10 11:30:00,Site_B,Bldg_B1,Meter_Bldg_B1_01,38.1,0.659,448.77,Multivariate Telemetry Anomaly,-0.0046
2026-06-10 11:45:00,Site_B,Bldg_B1,Meter_Bldg_B1_01,38.51,0.627,450.5,Multivariate Telemetry Anomaly,-0.0093
2026-06-10 12:30:00,Site_B,Bldg_B1,Meter_Bldg_B1_01,39.08,0.643,464.36,Multivariate Telemetry Anomaly,-0.0151
2026-06-10 12:45:00,Site_B,Bldg_B1,Meter_Bldg_B1_01,38.72,0.698,461.76,Multivariate Telemetry Anomaly,-0.0192
2026-06-10 13:00:00,Site_B,Bldg_B1,Meter_Bldg_B1_01,38.17,0.603,464.17,Multivariate Telemetry Anomaly,-0.0216
2026-06-10 13:15:00,Site_B,Bldg_B1,Meter_Bldg_B1_01,39.1,0.595,471.6,Multivariate Telemetry Anomaly,-0.0089
2026-06-10 13:30:00,Site_B,Bldg_B1,Meter_Bldg_B1_01,37.97,0.638,463.37,Multivariate Telemetry Anomaly,-0.0145
2026-06-10 13:45:00,Site_B,Bldg_B1,Meter_Bldg_B1_01,39.32,0.626,470.26,Multivariate Telemetry Anomaly,-0.0236
2026-06-10 14:15:00,Site_B,Bldg_B1,Meter_Bldg_B1_01,39.36,0.647,463.55,Multivariate Telemetry Anomaly,-0.0288
2026-06-10 14:30:00,Site_B,Bldg_B1,Meter_Bldg_B1_01,38.79,0.61,462.19,Multivariate Telemetry Anomaly,-0.0046
2026-06-10 14:45:00,Site_B,Bldg_B1,Meter_Bldg_B1_01,38.04,0.602,460.32,Multivariate Telemetry Anomaly,-0.0
2026-06-10 15:45:00,Site_B,Bldg_B1,Meter_Bldg_B1_01,38.29,0.598,450.59,Multivariate Telemetry Anomaly,-0.0009
2026-06-11 08:45:00,Site_B,Bldg_B1,Meter_Bldg_B1_01,38.23,0.434,370.1,Multivariate Telemetry Anomaly,-0.0024
2026-06-11 09:15:00,Site_B,Bldg_B1,Meter_Bldg_B1_01,37.75,0.616,398.47,Multivariate Telemetry Anomaly,-0.0068
2026-06-11 10:00:00,Site_B,Bldg_B1,Meter_Bldg_B1_01,37.9,0.545,427.0,Multivariate Telemetry Anomaly,-0.0005
2026-06-11 11:15:00,Site_B,Bldg_B1,Meter_Bldg_B1_01,38.73,0.58,447.6,Multivariate Telemetry Anomaly,-0.013
2026-06-11 11:30:00,Site_B,Bldg_B1,Meter_Bldg_B1_01,39.67,0.713,455.31,Multivariate Telemetry Anomaly,-0.0365
2026-06-11 11:45:00,Site_B,Bldg_B1,Meter_Bldg_B1_01,38.18,0.524,446.11,Multivariate Telemetry Anomaly,-0.016
2026-06-11 12:00:00,Site_B,Bldg_B1,Meter_Bldg_B1_01,38.15,0.507,461.68,Multivariate Telemetry Anomaly,-0.0338
2026-06-11 12:15:00,Site_B,Bldg_B1,Meter_Bldg_B1_01,39.03,0.652,462.1,Multivariate Telemetry Anomaly,-0.0254
2026-06-11 12:45:00,Site_B,Bldg_B1,Meter_Bldg_B1_01,38.85,0.598,460.78,Multivariate Telemetry Anomaly,-0.0143
2026-06-11 13:00:00,Site_B,Bldg_B1,Meter_Bldg_B1_01,38.93,0.524,467.99,Multivariate Telemetry Anomaly,-0.0114
2026-06-11 13:15:00,Site_B,Bldg_B1,Meter_Bldg_B1_01,38.18,0.587,462.63,Multivariate Telemetry Anomaly,-0.0043
2026-06-11 13:30:00,Site_B,Bldg_B1,Meter_Bldg_B1_01,38.42,0.508,466.2,Multivariate Telemetry Anomaly,-0.0496
2026-06-11 13:45:00,Site_B,Bldg_B1,Meter_Bldg_B1_01,38.2,0.645,466.97,Multivariate Telemetry Anomaly,-0.0239
2026-06-11 14:15:00,Site_B,Bldg_B1,Meter_Bldg_B1_01,37.98,0.629,460.46,Multivariate Telemetry Anomaly,-0.0087
2026-06-11 14:30:00,Site_B,Bldg_B1,Meter_Bldg_B1_01,39.23,0.626,466.16,Multivariate Telemetry Anomaly,-0.0219
2026-06-11 14:45:00,Site_B,Bldg_B1,Meter_Bldg_B1_01,37.51,0.59,455.5,Multivariate Telemetry Anomaly,-0.0069
2026-06-11 15:45:00,Site_B,Bldg_B1,Meter_Bldg_B1_01,38.51,0.67,447.51,Multivariate Telemetry Anomaly,-0.0076
2026-06-11 16:00:00,Site_B,Bldg_B1,Meter_Bldg_B1_01,37.52,0.498,425.34,Multivariate Telemetry Anomaly,-0.0005
2026-06-12 10:15:00,Site_B,Bldg_B1,Meter_Bldg_B1_01,38.55,0.644,425.68,Multivariate Telemetry Anomaly,-0.0089
2026-06-12 10:30:00,Site_B,Bldg_B1,Meter_Bldg_B1_01,38.85,0.655,427.07,Multivariate Telemetry Anomaly,-0.0151
2026-06-12 10:45:00,Site_B,Bldg_B1,Meter_Bldg_B1_01,39.23,0.462,430.77,Multivariate Telemetry Anomaly,-0.0065
2026-06-12 11:15:00,Site_B,Bldg_B1,Meter_Bldg_B1_01,38.1,0.543,445.63,Multivariate Telemetry Anomaly,-0.0187
2026-06-12 11:45:00,Site_B,Bldg_B1,Meter_Bldg_B1_01,38.41,0.528,444.21,Multivariate Telemetry Anomaly,-0.0338
2026-06-12 12:00:00,Site_B,Bldg_B1,Meter_Bldg_B1_01,37.97,0.648,457.32,Multivariate Telemetry Anomaly,-0.0065
2026-06-12 12:15:00,Site_B,Bldg_B1,Meter_Bldg_B1_01,38.11,0.628,457.08,Multivariate Telemetry Anomaly,-0.0201
2026-06-12 12:30:00,Site_B,Bldg_B1,Meter_Bldg_B1_01,38.35,0.535,460.24,Multivariate Telemetry Anomaly,-0.0157
2026-06-12 12:45:00,Site_B,Bldg_B1,Meter_Bldg_B1_01,38.08,0.665,462.24,Multivariate Telemetry Anomaly,-0.0192
2026-06-12 13:00:00,Site_B,Bldg_B1,Meter_Bldg_B1_01,39.79,0.718,471.23,Multivariate Telemetry Anomaly,-0.033
2026-06-12 13:15:00,Site_B,Bldg_B1,Meter_Bldg_B1_01,38.6,0.522,466.59,Multivariate Telemetry Anomaly,-0.0368
2026-06-12 13:30:00,Site_B,Bldg_B1,Meter_Bldg_B1_01,39.76,0.712,472.18,Multivariate Telemetry Anomaly,-0.0343
2026-06-12 13:45:00,Site_B,Bldg_B1,Meter_Bldg_B1_01,38.04,0.551,465.49,Multivariate Telemetry Anomaly,-0.0032
2026-06-12 14:00:00,Site_B,Bldg_B1,Meter_Bldg_B1_01,38.33,0.659,460.13,Multivariate Telemetry Anomaly,-0.0401
2026-06-12 14:30:00,Site_B,Bldg_B1,Meter_Bldg_B1_01,37.87,0.672,460.45,Multivariate Telemetry Anomaly,-0.0145
2026-06-12 14:45:00,Site_B,Bldg_B1,Meter_Bldg_B1_01,38.67,0.556,458.67,Multivariate Telemetry Anomaly,-0.0295
2026-06-12 15:00:00,Site_B,Bldg_B1,Meter_Bldg_B1_01,37.7,0.621,445.63,Multivariate Telemetry Anomaly,-0.0141
2026-06-12 15:30:00,Site_B,Bldg_B1,Meter_Bldg_B1_01,37.61,0.811,443.17,Multivariate Telemetry Anomaly,-0.0135
2026-06-12 16:15:00,Site_B,Bldg_B1,Meter_Bldg_B1_01,37.33,0.587,423.8,Multivariate Telemetry Anomaly,-0.0008
2026-06-15 09:00:00,Site_B,Bldg_B1,Meter_Bldg_B1_01,39.0,0.513,402.49,Multivariate Telemetry Anomaly,-0.0062
2026-06-15 09:30:00,Site_B,Bldg_B1,Meter_Bldg_B1_01,38.17,0.518,396.21,Multivariate Telemetry Anomaly,-0.0252
2026-06-15 10:30:00,Site_B,Bldg_B1,Meter_Bldg_B1_01,38.26,0.598,425.55,Multivariate Telemetry Anomaly,-0.0015
2026-06-15 11:00:00,Site_B,Bldg_B1,Meter_Bldg_B1_01,38.54,0.607,451.12,Multivariate Telemetry Anomaly,-0.0208
2026-06-15 11:15:00,Site_B,Bldg_B1,Meter_Bldg_B1_01,39.06,0.688,446.94,Multivariate Telemetry Anomaly,-0.0185
2026-06-15 11:30:00,Site_B,Bldg_B1,Meter_Bldg_B1_01,37.69,0.634,445.97,Multivariate Telemetry Anomaly,-0.0071
2026-06-15 11:45:00,Site_B,Bldg_B1,Meter_Bldg_B1_01,38.63,0.564,447.77,Multivariate Telemetry Anomaly,-0.0267
2026-06-15 12:00:00,Site_B,Bldg_B1,Meter_Bldg_B1_01,39.29,0.618,461.42,Multivariate Telemetry Anomaly,-0.0143
2026-06-15 12:15:00,Site_B,Bldg_B1,Meter_Bldg_B1_01,38.95,0.539,469.35,Multivariate Telemetry Anomaly,-0.0184
2026-06-15 12:30:00,Site_B,Bldg_B1,Meter_Bldg_B1_01,39.14,0.653,464.17,Multivariate Telemetry Anomaly,-0.0307
2026-06-15 12:45:00,Site_B,Bldg_B1,Meter_Bldg_B1_01,38.26,0.6,458.74,Multivariate Telemetry Anomaly,-0.0013
2026-06-15 13:00:00,Site_B,Bldg_B1,Meter_Bldg_B1_01,38.34,0.506,464.64,Multivariate Telemetry Anomaly,-0.0461
2026-06-15 13:15:00,Site_B,Bldg_B1,Meter_Bldg_B1_01,38.05,0.591,464.38,Multivariate Telemetry Anomaly,-0.0215
2026-06-15 13:45:00,Site_B,Bldg_B1,Meter_Bldg_B1_01,38.7,0.614,467.05,Multivariate Telemetry Anomaly,-0.0117
2026-06-15 14:00:00,Site_B,Bldg_B1,Meter_Bldg_B1_01,38.51,0.563,462.65,Multivariate Telemetry Anomaly,-0.0199
2026-06-15 14:15:00,Site_B,Bldg_B1,Meter_Bldg_B1_01,38.53,0.633,462.57,Multivariate Telemetry Anomaly,-0.0184
2026-06-15 14:30:00,Site_B,Bldg_B1,Meter_Bldg_B1_01,37.84,0.624,462.57,Multivariate Telemetry Anomaly,-0.0059
2026-06-15 14:45:00,Site_B,Bldg_B1,Meter_Bldg_B1_01,38.54,0.552,461.81,Multivariate Telemetry Anomaly,-0.014
2026-06-15 15:15:00,Site_B,Bldg_B1,Meter_Bldg_B1_01,38.83,0.655,452.04,Multivariate Telemetry Anomaly,-0.0131
2026-06-15 15:30:00,Site_B,Bldg_B1,Meter_Bldg_B1_01,38.34,0.541,447.31,Multivariate Telemetry Anomaly,-0.0078
2026-06-15 16:15:00,Site_B,Bldg_B1,Meter_Bldg_B1_01,37.56,0.655,419.42,Multivariate Telemetry Anomaly,-0.0222
2026-06-16 10:00:00,Site_B,Bldg_B1,Meter_Bldg_B1_01,37.82,0.564,422.1,Multivariate Telemetry Anomaly,-0.0044
2026-06-16 10:30:00,Site_B,Bldg_B1,Meter_Bldg_B1_01,38.88,0.614,428.54,Multivariate Telemetry Anomaly,-0.0038
2026-06-16 10:45:00,Site_B,Bldg_B1,Meter_Bldg_B1_01,38.35,0.51,425.54,Multivariate Telemetry Anomaly,-0.0125
2026-06-16 11:00:00,Site_B,Bldg_B1,Meter_Bldg_B1_01,38.54,0.574,449.05,Multivariate Telemetry Anomaly,-0.0077
2026-06-16 11:15:00,Site_B,Bldg_B1,Meter_Bldg_B1_01,38.95,0.552,445.18,Multivariate Telemetry Anomaly,-0.003
2026-06-16 11:45:00,Site_B,Bldg_B1,Meter_Bldg_B1_01,38.26,0.533,447.78,Multivariate Telemetry Anomaly,-0.0206
2026-06-16 12:00:00,Site_B,Bldg_B1,Meter_Bldg_B1_01,39.11,0.572,463.39,Multivariate Telemetry Anomaly,-0.0269
2026-06-16 12:15:00,Site_B,Bldg_B1,Meter_Bldg_B1_01,38.78,0.554,466.13,Multivariate Telemetry Anomaly,-0.0344
2026-06-16 12:30:00,Site_B,Bldg_B1,Meter_Bldg_B1_01,38.24,0.629,456.24,Multivariate Telemetry Anomaly,-0.0071
2026-06-16 13:00:00,Site_B,Bldg_B1,Meter_Bldg_B1_01,38.96,0.557,468.3,Multivariate Telemetry Anomaly,-0.0226
2026-06-16 13:15:00,Site_B,Bldg_B1,Meter_Bldg_B1_01,38.28,0.679,463.55,Multivariate Telemetry Anomaly,-0.0147
2026-06-16 13:30:00,Site_B,Bldg_B1,Meter_Bldg_B1_01,38.0,0.597,464.56,Multivariate Telemetry Anomaly,-0.03
2026-06-16 13:45:00,Site_B,Bldg_B1,Meter_Bldg_B1_01,38.42,0.618,465.47,Multivariate Telemetry Anomaly,-0.0164
2026-06-16 14:00:00,Site_B,Bldg_B1,Meter_Bldg_B1_01,38.37,0.637,465.02,Multivariate Telemetry Anomaly,-0.0098
2026-06-16 14:30:00,Site_B,Bldg_B1,Meter_Bldg_B1_01,38.69,0.541,461.49,Multivariate Telemetry Anomaly,-0.0019
2026-06-16 14:45:00,Site_B,Bldg_B1,Meter_Bldg_B1_01,38.98,0.687,464.96,Multivariate Telemetry Anomaly,-0.0396
2026-06-16 15:15:00,Site_B,Bldg_B1,Meter_Bldg_B1_01,38.08,0.713,448.57,Multivariate Telemetry Anomaly,-0.0172
2026-06-16 15:30:00,Site_B,Bldg_B1,Meter_Bldg_B1_01,38.72,0.662,448.3,Multivariate Telemetry Anomaly,-0.0112
2026-06-16 15:45:00,Site_B,Bldg_B1,Meter_Bldg_B1_01,38.16,0.666,448.38,Multivariate Telemetry Anomaly,-0.0027
2026-06-17 09:00:00,Site_B,Bldg_B1,Meter_Bldg_B1_01,38.07,0.573,401.7,Multivariate Telemetry Anomaly,-0.0007
2026-06-17 10:00:00,Site_B,Bldg_B1,Meter_Bldg_B1_01,38.85,0.549,429.39,Multivariate Telemetry Anomaly,-0.0295
2026-06-17 10:45:00,Site_B,Bldg_B1,Meter_Bldg_B1_01,38.67,0.563,424.91,Multivariate Telemetry Anomaly,-0.0113
2026-06-17 11:00:00,Site_B,Bldg_B1,Meter_Bldg_B1_01,38.6,0.559,447.07,Multivariate Telemetry Anomaly,-0.0019
2026-06-17 11:15:00,Site_B,Bldg_B1,Meter_Bldg_B1_01,39.71,0.605,449.25,Multivariate Telemetry Anomaly,-0.0098
2026-06-17 11:30:00,Site_B,Bldg_B1,Meter_Bldg_B1_01,38.02,0.592,444.61,Multivariate Telemetry Anomaly,-0.004
2026-06-17 11:45:00,Site_B,Bldg_B1,Meter_Bldg_B1_01,38.6,0.705,451.6,Multivariate Telemetry Anomaly,-0.0304
2026-06-17 12:15:00,Site_B,Bldg_B1,Meter_Bldg_B1_01,38.03,0.501,450.69,Multivariate Telemetry Anomaly,-0.0004
2026-06-17 12:30:00,Site_B,Bldg_B1,Meter_Bldg_B1_01,37.6,0.596,459.58,Multivariate Telemetry Anomaly,-0.0189
2026-06-17 12:45:00,Site_B,Bldg_B1,Meter_Bldg_B1_01,38.77,0.6,460.89,Multivariate Telemetry Anomaly,-0.0169
2026-06-17 13:00:00,Site_B,Bldg_B1,Meter_Bldg_B1_01,38.13,0.554,465.59,Multivariate Telemetry Anomaly,-0.0442
2026-06-17 13:15:00,Site_B,Bldg_B1,Meter_Bldg_B1_01,38.25,0.667,464.13,Multivariate Telemetry Anomaly,-0.0141
2026-06-17 13:30:00,Site_B,Bldg_B1,Meter_Bldg_B1_01,38.23,0.616,463.9,Multivariate Telemetry Anomaly,-0.0127
2026-06-17 13:45:00,Site_B,Bldg_B1,Meter_Bldg_B1_01,38.63,0.575,468.44,Multivariate Telemetry Anomaly,-0.0141
2026-06-17 14:00:00,Site_B,Bldg_B1,Meter_Bldg_B1_01,37.29,0.586,454.16,Multivariate Telemetry Anomaly,-0.003
2026-06-17 14:15:00,Site_B,Bldg_B1,Meter_Bldg_B1_01,38.51,0.61,461.9,Multivariate Telemetry Anomaly,-0.0059
2026-06-17 14:30:00,Site_B,Bldg_B1,Meter_Bldg_B1_01,39.05,0.602,463.64,Multivariate Telemetry Anomaly,-0.0199
2026-06-17 15:00:00,Site_B,Bldg_B1,Meter_Bldg_B1_01,38.66,0.643,451.68,Multivariate Telemetry Anomaly,-0.0179
2026-06-17 15:15:00,Site_B,Bldg_B1,Meter_Bldg_B1_01,37.85,0.592,443.71,Multivariate Telemetry Anomaly,-0.0028
2026-06-17 15:45:00,Site_B,Bldg_B1,Meter_Bldg_B1_01,38.34,0.581,450.4,Multivariate Telemetry Anomaly,-0.0078
2026-06-18 09:30:00,Site_B,Bldg_B1,Meter_Bldg_B1_01,38.11,0.475,399.72,Multivariate Telemetry Anomaly,-0.0201
2026-06-18 10:00:00,Site_B,Bldg_B1,Meter_Bldg_B1_01,38.69,0.484,425.89,Multivariate Telemetry Anomaly,-0.0179
2026-06-18 10:45:00,Site_B,Bldg_B1,Meter_Bldg_B1_01,38.35,0.555,427.01,Multivariate Telemetry Anomaly,-0.0004
2026-06-18 11:15:00,Site_B,Bldg_B1,Meter_Bldg_B1_01,38.36,0.642,446.96,Multivariate Telemetry Anomaly,-0.0098
2026-06-18 11:30:00,Site_B,Bldg_B1,Meter_Bldg_B1_01,39.58,0.596,451.78,Multivariate Telemetry Anomaly,-0.021
2026-06-18 11:45:00,Site_B,Bldg_B1,Meter_Bldg_B1_01,38.06,0.572,446.12,Multivariate Telemetry Anomaly,-0.0258
2026-06-18 12:00:00,Site_B,Bldg_B1,Meter_Bldg_B1_01,39.11,0.518,464.85,Multivariate Telemetry Anomaly,-0.0265
2026-06-18 12:15:00,Site_B,Bldg_B1,Meter_Bldg_B1_01,39.01,0.597,464.2,Multivariate Telemetry Anomaly,-0.0125
2026-06-18 12:45:00,Site_B,Bldg_B1,Meter_Bldg_B1_01,38.77,0.618,463.42,Multivariate Telemetry Anomaly,-0.0228
2026-06-18 13:00:00,Site_B,Bldg_B1,Meter_Bldg_B1_01,38.56,0.675,466.17,Multivariate Telemetry Anomaly,-0.0259
2026-06-18 13:15:00,Site_B,Bldg_B1,Meter_Bldg_B1_01,38.6,0.564,468.67,Multivariate Telemetry Anomaly,-0.038
2026-06-18 13:30:00,Site_B,Bldg_B1,Meter_Bldg_B1_01,39.25,0.613,467.71,Multivariate Telemetry Anomaly,-0.0497
2026-06-18 13:45:00,Site_B,Bldg_B1,Meter_Bldg_B1_01,38.72,0.633,467.02,Multivariate Telemetry Anomaly,-0.0293
2026-06-18 14:15:00,Site_B,Bldg_B1,Meter_Bldg_B1_01,39.26,0.598,466.26,Multivariate Telemetry Anomaly,-0.0216
2026-06-18 14:30:00,Site_B,Bldg_B1,Meter_Bldg_B1_01,38.27,0.652,461.8,Multivariate Telemetry Anomaly,-0.0109
2026-06-18 14:45:00,Site_B,Bldg_B1,Meter_Bldg_B1_01,38.34,0.566,459.79,Multivariate Telemetry Anomaly,-0.0088
2026-06-18 15:30:00,Site_B,Bldg_B1,Meter_Bldg_B1_01,38.19,0.519,447.03,Multivariate Telemetry Anomaly,-0.0002
2026-06-18 15:45:00,Site_B,Bldg_B1,Meter_Bldg_B1_01,36.66,0.612,439.19,Multivariate Telemetry Anomaly,-0.0047
2026-06-19 10:15:00,Site_B,Bldg_B1,Meter_Bldg_B1_01,37.78,0.526,427.4,Multivariate Telemetry Anomaly,-0.0039
2026-06-19 10:45:00,Site_B,Bldg_B1,Meter_Bldg_B1_01,39.28,0.566,429.29,Multivariate Telemetry Anomaly,-0.0104
2026-06-19 11:00:00,Site_B,Bldg_B1,Meter_Bldg_B1_01,38.89,0.581,445.46,Multivariate Telemetry Anomaly,-0.0373
2026-06-19 11:15:00,Site_B,Bldg_B1,Meter_Bldg_B1_01,38.47,0.634,450.61,Multivariate Telemetry Anomaly,-0.0171
2026-06-19 11:30:00,Site_B,Bldg_B1,Meter_Bldg_B1_01,38.87,0.661,452.11,Multivariate Telemetry Anomaly,-0.0404
2026-06-19 11:45:00,Site_B,Bldg_B1,Meter_Bldg_B1_01,38.61,0.563,451.66,Multivariate Telemetry Anomaly,-0.0023
2026-06-19 12:00:00,Site_B,Bldg_B1,Meter_Bldg_B1_01,38.59,0.592,461.09,Multivariate Telemetry Anomaly,-0.0253
2026-06-19 12:15:00,Site_B,Bldg_B1,Meter_Bldg_B1_01,38.46,0.608,458.43,Multivariate Telemetry Anomaly,-0.0111
2026-06-19 12:30:00,Site_B,Bldg_B1,Meter_Bldg_B1_01,38.36,0.677,462.43,Multivariate Telemetry Anomaly,-0.0259
2026-06-19 13:00:00,Site_B,Bldg_B1,Meter_Bldg_B1_01,39.25,0.58,467.47,Multivariate Telemetry Anomaly,-0.0193
2026-06-19 13:15:00,Site_B,Bldg_B1,Meter_Bldg_B1_01,38.55,0.557,466.6,Multivariate Telemetry Anomaly,-0.0204
2026-06-19 13:30:00,Site_B,Bldg_B1,Meter_Bldg_B1_01,38.19,0.567,463.8,Multivariate Telemetry Anomaly,-0.0002
2026-06-19 13:45:00,Site_B,Bldg_B1,Meter_Bldg_B1_01,38.34,0.544,466.45,Multivariate Telemetry Anomaly,-0.0122
2026-06-19 14:00:00,Site_B,Bldg_B1,Meter_Bldg_B1_01,39.06,0.56,464.16,Multivariate Telemetry Anomaly,-0.0103
2026-06-19 14:30:00,Site_B,Bldg_B1,Meter_Bldg_B1_01,38.8,0.6,465.34,Multivariate Telemetry Anomaly,-0.0266
2026-06-19 15:45:00,Site_B,Bldg_B1,Meter_Bldg_B1_01,37.52,0.601,444.7,Multivariate Telemetry Anomaly,-0.0026
2026-06-19 16:00:00,Site_B,Bldg_B1,Meter_Bldg_B1_01,36.96,0.619,421.62,Multivariate Telemetry Anomaly,-0.0045
2026-06-22 10:00:00,Site_B,Bldg_B1,Meter_Bldg_B1_01,38.4,0.495,429.9,Multivariate Telemetry Anomaly,-0.0114
2026-06-22 10:30:00,Site_B,Bldg_B1,Meter_Bldg_B1_01,38.05,0.614,428.25,Multivariate Telemetry Anomaly,-0.0034
2026-06-22 11:00:00,Site_B,Bldg_B1,Meter_Bldg_B1_01,39.22,0.632,452.32,Multivariate Telemetry Anomaly,-0.0115
2026-06-22 11:15:00,Site_B,Bldg_B1,Meter_Bldg_B1_01,37.59,0.626,446.01,Multivariate Telemetry Anomaly,-0.0079
2026-06-22 11:30:00,Site_B,Bldg_B1,Meter_Bldg_B1_01,38.96,0.633,451.61,Multivariate Telemetry Anomaly,-0.0315
2026-06-22 11:45:00,Site_B,Bldg_B1,Meter_Bldg_B1_01,39.0,0.566,450.15,Multivariate Telemetry Anomaly,-0.0344
2026-06-22 12:00:00,Site_B,Bldg_B1,Meter_Bldg_B1_01,38.89,0.475,466.34,Multivariate Telemetry Anomaly,-0.0237
2026-06-22 12:15:00,Site_B,Bldg_B1,Meter_Bldg_B1_01,38.54,0.502,463.41,Multivariate Telemetry Anomaly,-0.0092
2026-06-22 12:30:00,Site_B,Bldg_B1,Meter_Bldg_B1_01,37.84,0.692,454.6,Multivariate Telemetry Anomaly,-0.0136
2026-06-22 12:45:00,Site_B,Bldg_B1,Meter_Bldg_B1_01,38.89,0.612,463.77,Multivariate Telemetry Anomaly,-0.0298
2026-06-22 13:00:00,Site_B,Bldg_B1,Meter_Bldg_B1_01,38.64,0.609,465.32,Multivariate Telemetry Anomaly,-0.0166
2026-06-22 13:15:00,Site_B,Bldg_B1,Meter_Bldg_B1_01,37.48,0.58,459.61,Multivariate Telemetry Anomaly,-0.0203
2026-06-22 13:30:00,Site_B,Bldg_B1,Meter_Bldg_B1_01,37.99,0.593,463.09,Multivariate Telemetry Anomaly,-0.0035
2026-06-22 13:45:00,Site_B,Bldg_B1,Meter_Bldg_B1_01,37.7,0.614,461.61,Multivariate Telemetry Anomaly,-0.0314
2026-06-22 14:15:00,Site_B,Bldg_B1,Meter_Bldg_B1_01,37.56,0.643,459.48,Multivariate Telemetry Anomaly,-0.0172
2026-06-22 14:30:00,Site_B,Bldg_B1,Meter_Bldg_B1_01,38.4,0.636,460.54,Multivariate Telemetry Anomaly,-0.0322
2026-06-22 14:45:00,Site_B,Bldg_B1,Meter_Bldg_B1_01,38.16,0.627,457.47,Multivariate Telemetry Anomaly,-0.0259
2026-06-22 15:15:00,Site_B,Bldg_B1,Meter_Bldg_B1_01,38.31,0.593,446.74,Multivariate Telemetry Anomaly,-0.0026
2026-06-22 15:30:00,Site_B,Bldg_B1,Meter_Bldg_B1_01,38.37,0.563,445.24,Multivariate Telemetry Anomaly,-0.0013
2026-06-22 15:45:00,Site_B,Bldg_B1,Meter_Bldg_B1_01,37.96,0.518,447.31,Multivariate Telemetry Anomaly,-0.0123
2026-06-23 09:15:00,Site_B,Bldg_B1,Meter_Bldg_B1_01,38.29,0.537,397.22,Multivariate Telemetry Anomaly,-0.0038
2026-06-23 10:45:00,Site_B,Bldg_B1,Meter_Bldg_B1_01,38.24,0.501,425.0,Multivariate Telemetry Anomaly,-0.0424
2026-06-23 11:00:00,Site_B,Bldg_B1,Meter_Bldg_B1_01,38.22,0.571,449.0,Multivariate Telemetry Anomaly,-0.022
2026-06-23 11:15:00,Site_B,Bldg_B1,Meter_Bldg_B1_01,38.67,0.611,445.45,Multivariate Telemetry Anomaly,-0.0098
2026-06-23 11:30:00,Site_B,Bldg_B1,Meter_Bldg_B1_01,37.76,0.62,445.2,Multivariate Telemetry Anomaly,-0.005
2026-06-23 11:45:00,Site_B,Bldg_B1,Meter_Bldg_B1_01,37.8,0.626,445.03,Multivariate Telemetry Anomaly,-0.0307
2026-06-23 12:00:00,Site_B,Bldg_B1,Meter_Bldg_B1_01,40.33,0.542,470.68,Multivariate Telemetry Anomaly,-0.019
2026-06-23 12:15:00,Site_B,Bldg_B1,Meter_Bldg_B1_01,38.85,0.559,463.1,Multivariate Telemetry Anomaly,-0.0224
2026-06-23 12:30:00,Site_B,Bldg_B1,Meter_Bldg_B1_01,38.1,0.51,456.95,Multivariate Telemetry Anomaly,-0.0133
2026-06-23 12:45:00,Site_B,Bldg_B1,Meter_Bldg_B1_01,39.13,0.595,464.1,Multivariate Telemetry Anomaly,-0.0177
2026-06-23 13:00:00,Site_B,Bldg_B1,Meter_Bldg_B1_01,38.25,0.621,461.59,Multivariate Telemetry Anomaly,-0.0036
2026-06-23 13:15:00,Site_B,Bldg_B1,Meter_Bldg_B1_01,38.31,0.668,468.3,Multivariate Telemetry Anomaly,-0.0208
2026-06-23 13:30:00,Site_B,Bldg_B1,Meter_Bldg_B1_01,38.33,0.582,468.49,Multivariate Telemetry Anomaly,-0.0103
2026-06-23 13:45:00,Site_B,Bldg_B1,Meter_Bldg_B1_01,39.53,0.609,467.38,Multivariate Telemetry Anomaly,-0.0277
2026-06-23 14:00:00,Site_B,Bldg_B1,Meter_Bldg_B1_01,38.5,0.541,460.97,Multivariate Telemetry Anomaly,-0.0163
2026-06-23 14:15:00,Site_B,Bldg_B1,Meter_Bldg_B1_01,38.06,0.65,457.65,Multivariate Telemetry Anomaly,-0.0002
2026-06-23 14:30:00,Site_B,Bldg_B1,Meter_Bldg_B1_01,38.66,0.619,462.81,Multivariate Telemetry Anomaly,-0.0132
2026-06-23 14:45:00,Site_B,Bldg_B1,Meter_Bldg_B1_01,38.12,0.64,457.55,Multivariate Telemetry Anomaly,-0.0055
2026-06-23 15:00:00,Site_B,Bldg_B1,Meter_Bldg_B1_01,37.69,0.609,443.04,Multivariate Telemetry Anomaly,-0.0027
2026-06-23 15:15:00,Site_B,Bldg_B1,Meter_Bldg_B1_01,38.57,0.613,446.01,Multivariate Telemetry Anomaly,-0.0006
2026-06-23 15:30:00,Site_B,Bldg_B1,Meter_Bldg_B1_01,38.12,0.462,448.92,Multivariate Telemetry Anomaly,-0.0054
2026-06-23 16:15:00,Site_B,Bldg_B1,Meter_Bldg_B1_01,37.7,0.462,425.05,Multivariate Telemetry Anomaly,-0.0131
2026-06-24 09:45:00,Site_B,Bldg_B1,Meter_Bldg_B1_01,37.11,0.582,395.5,Multivariate Telemetry Anomaly,-0.021
2026-06-24 10:15:00,Site_B,Bldg_B1,Meter_Bldg_B1_01,37.93,0.546,425.86,Multivariate Telemetry Anomaly,-0.0106
2026-06-24 10:30:00,Site_B,Bldg_B1,Meter_Bldg_B1_01,37.87,0.645,423.16,Multivariate Telemetry Anomaly,-0.0195
2026-06-24 11:00:00,Site_B,Bldg_B1,Meter_Bldg_B1_01,38.53,0.532,446.75,Multivariate Telemetry Anomaly,-0.0035
2026-06-24 11:15:00,Site_B,Bldg_B1,Meter_Bldg_B1_01,37.51,0.474,441.34,Multivariate Telemetry Anomaly,-0.0241
2026-06-24 11:30:00,Site_B,Bldg_B1,Meter_Bldg_B1_01,39.66,0.587,451.81,Multivariate Telemetry Anomaly,-0.0306
2026-06-24 11:45:00,Site_B,Bldg_B1,Meter_Bldg_B1_01,38.39,0.549,447.61,Multivariate Telemetry Anomaly,-0.0001
2026-06-24 12:00:00,Site_B,Bldg_B1,Meter_Bldg_B1_01,38.67,0.605,461.37,Multivariate Telemetry Anomaly,-0.0192
2026-06-24 12:15:00,Site_B,Bldg_B1,Meter_Bldg_B1_01,39.08,0.591,463.38,Multivariate Telemetry Anomaly,-0.0073
2026-06-24 12:30:00,Site_B,Bldg_B1,Meter_Bldg_B1_01,38.5,0.591,461.59,Multivariate Telemetry Anomaly,-0.0141
2026-06-24 12:45:00,Site_B,Bldg_B1,Meter_Bldg_B1_01,38.54,0.564,462.66,Multivariate Telemetry Anomaly,-0.0051
2026-06-24 13:15:00,Site_B,Bldg_B1,Meter_Bldg_B1_01,39.86,0.602,474.0,Multivariate Telemetry Anomaly,-0.0356
2026-06-24 13:30:00,Site_B,Bldg_B1,Meter_Bldg_B1_01,38.0,0.567,462.5,Multivariate Telemetry Anomaly,-0.0347
2026-06-24 13:45:00,Site_B,Bldg_B1,Meter_Bldg_B1_01,37.35,0.619,459.19,Multivariate Telemetry Anomaly,-0.0047
2026-06-24 14:00:00,Site_B,Bldg_B1,Meter_Bldg_B1_01,37.98,0.604,460.28,Multivariate Telemetry Anomaly,-0.0114
2026-06-24 14:15:00,Site_B,Bldg_B1,Meter_Bldg_B1_01,38.33,0.575,460.12,Multivariate Telemetry Anomaly,-0.0019
2026-06-24 14:30:00,Site_B,Bldg_B1,Meter_Bldg_B1_01,38.35,0.563,460.65,Multivariate Telemetry Anomaly,-0.0068
2026-06-24 15:30:00,Site_B,Bldg_B1,Meter_Bldg_B1_01,37.66,0.669,446.29,Multivariate Telemetry Anomaly,-0.0122
2026-06-24 16:00:00,Site_B,Bldg_B1,Meter_Bldg_B1_01,37.3,0.502,421.58,Multivariate Telemetry Anomaly,-0.007
2026-06-25 10:00:00,Site_B,Bldg_B1,Meter_Bldg_B1_01,38.83,0.567,426.68,Multivariate Telemetry Anomaly,-0.0016
2026-06-25 10:30:00,Site_B,Bldg_B1,Meter_Bldg_B1_01,39.48,0.645,428.82,Multivariate Telemetry Anomaly,-0.021
2026-06-25 10:45:00,Site_B,Bldg_B1,Meter_Bldg_B1_01,38.17,0.567,423.66,Multivariate Telemetry Anomaly,-0.0384
2026-06-25 11:00:00,Site_B,Bldg_B1,Meter_Bldg_B1_01,38.15,0.661,447.9,Multivariate Telemetry Anomaly,-0.0231
2026-06-25 11:15:00,Site_B,Bldg_B1,Meter_Bldg_B1_01,38.68,0.642,451.07,Multivariate Telemetry Anomaly,-0.008
2026-06-25 11:45:00,Site_B,Bldg_B1,Meter_Bldg_B1_01,38.47,0.632,449.3,Multivariate Telemetry Anomaly,-0.0424
2026-06-25 12:00:00,Site_B,Bldg_B1,Meter_Bldg_B1_01,39.23,0.595,464.32,Multivariate Telemetry Anomaly,-0.0358
2026-06-25 12:15:00,Site_B,Bldg_B1,Meter_Bldg_B1_01,38.58,0.611,463.95,Multivariate Telemetry Anomaly,-0.0143
2026-06-25 12:30:00,Site_B,Bldg_B1,Meter_Bldg_B1_01,37.72,0.544,456.3,Multivariate Telemetry Anomaly,-0.0023
2026-06-25 12:45:00,Site_B,Bldg_B1,Meter_Bldg_B1_01,39.16,0.552,463.92,Multivariate Telemetry Anomaly,-0.0248
2026-06-25 13:00:00,Site_B,Bldg_B1,Meter_Bldg_B1_01,37.77,0.699,464.73,Multivariate Telemetry Anomaly,-0.0154
2026-06-25 13:15:00,Site_B,Bldg_B1,Meter_Bldg_B1_01,37.76,0.526,461.38,Multivariate Telemetry Anomaly,-0.0118
2026-06-25 13:30:00,Site_B,Bldg_B1,Meter_Bldg_B1_01,38.51,0.589,463.19,Multivariate Telemetry Anomaly,-0.0149
2026-06-25 13:45:00,Site_B,Bldg_B1,Meter_Bldg_B1_01,37.25,0.625,457.39,Multivariate Telemetry Anomaly,-0.0071
2026-06-25 14:00:00,Site_B,Bldg_B1,Meter_Bldg_B1_01,38.37,0.555,462.08,Multivariate Telemetry Anomaly,-0.0043
2026-06-25 14:15:00,Site_B,Bldg_B1,Meter_Bldg_B1_01,38.38,0.515,464.42,Multivariate Telemetry Anomaly,-0.0068
2026-06-25 14:30:00,Site_B,Bldg_B1,Meter_Bldg_B1_01,39.11,0.557,464.03,Multivariate Telemetry Anomaly,-0.0258
2026-06-25 14:45:00,Site_B,Bldg_B1,Meter_Bldg_B1_01,39.11,0.532,465.78,Multivariate Telemetry Anomaly,-0.0324
2026-06-25 15:15:00,Site_B,Bldg_B1,Meter_Bldg_B1_01,38.29,0.568,448.37,Multivariate Telemetry Anomaly,-0.0182
2026-06-25 15:30:00,Site_B,Bldg_B1,Meter_Bldg_B1_01,38.71,0.617,449.32,Multivariate Telemetry Anomaly,-0.0106
2026-06-25 15:45:00,Site_B,Bldg_B1,Meter_Bldg_B1_01,39.08,0.565,451.86,Multivariate Telemetry Anomaly,-0.002
2026-06-25 16:00:00,Site_B,Bldg_B1,Meter_Bldg_B1_01,38.26,0.545,421.75,Multivariate Telemetry Anomaly,-0.0113
2026-06-25 16:30:00,Site_B,Bldg_B1,Meter_Bldg_B1_01,37.97,0.553,425.18,Multivariate Telemetry Anomaly,-0.001
2026-06-26 10:15:00,Site_B,Bldg_B1,Meter_Bldg_B1_01,37.98,0.521,424.51,Multivariate Telemetry Anomaly,-0.0188
2026-06-26 10:45:00,Site_B,Bldg_B1,Meter_Bldg_B1_01,39.11,0.608,428.58,Multivariate Telemetry Anomaly,-0.0086
2026-06-26 11:15:00,Site_B,Bldg_B1,Meter_Bldg_B1_01,38.15,0.633,445.09,Multivariate Telemetry Anomaly,-0.0106
2026-06-26 11:30:00,Site_B,Bldg_B1,Meter_Bldg_B1_01,37.95,0.679,443.92,Multivariate Telemetry Anomaly,-0.0147
2026-06-26 11:45:00,Site_B,Bldg_B1,Meter_Bldg_B1_01,37.88,0.548,445.66,Multivariate Telemetry Anomaly,-0.0042
2026-06-26 12:15:00,Site_B,Bldg_B1,Meter_Bldg_B1_01,38.12,0.64,458.53,Multivariate Telemetry Anomaly,-0.0155
2026-06-26 12:30:00,Site_B,Bldg_B1,Meter_Bldg_B1_01,38.61,0.641,461.5,Multivariate Telemetry Anomaly,-0.0181
2026-06-26 12:45:00,Site_B,Bldg_B1,Meter_Bldg_B1_01,37.84,0.514,457.81,Multivariate Telemetry Anomaly,-0.0363
2026-06-26 13:00:00,Site_B,Bldg_B1,Meter_Bldg_B1_01,38.61,0.646,464.33,Multivariate Telemetry Anomaly,-0.0292
2026-06-26 13:15:00,Site_B,Bldg_B1,Meter_Bldg_B1_01,38.63,0.577,464.5,Multivariate Telemetry Anomaly,-0.0178
2026-06-26 13:30:00,Site_B,Bldg_B1,Meter_Bldg_B1_01,38.06,0.618,465.25,Multivariate Telemetry Anomaly,-0.009
2026-06-26 13:45:00,Site_B,Bldg_B1,Meter_Bldg_B1_01,39.12,0.55,468.16,Multivariate Telemetry Anomaly,-0.0142
2026-06-26 14:15:00,Site_B,Bldg_B1,Meter_Bldg_B1_01,38.82,0.56,459.87,Multivariate Telemetry Anomaly,-0.0254
2026-06-26 14:45:00,Site_B,Bldg_B1,Meter_Bldg_B1_01,37.44,0.657,453.88,Multivariate Telemetry Anomaly,-0.0099
2026-06-29 09:45:00,Site_B,Bldg_B1,Meter_Bldg_B1_01,38.53,0.561,401.04,Multivariate Telemetry Anomaly,-0.0013
2026-06-29 10:45:00,Site_B,Bldg_B1,Meter_Bldg_B1_01,39.22,0.554,432.73,Multivariate Telemetry Anomaly,-0.0088
2026-06-29 11:00:00,Site_B,Bldg_B1,Meter_Bldg_B1_01,38.6,0.659,446.46,Multivariate Telemetry Anomaly,-0.021
2026-06-29 11:15:00,Site_B,Bldg_B1,Meter_Bldg_B1_01,38.89,0.638,446.67,Multivariate Telemetry Anomaly,-0.0084
2026-06-29 12:15:00,Site_B,Bldg_B1,Meter_Bldg_B1_01,37.76,0.599,462.77,Multivariate Telemetry Anomaly,-0.0042
2026-06-29 12:30:00,Site_B,Bldg_B1,Meter_Bldg_B1_01,38.34,0.582,460.16,Multivariate Telemetry Anomaly,-0.0078
2026-06-29 12:45:00,Site_B,Bldg_B1,Meter_Bldg_B1_01,38.98,0.658,462.09,Multivariate Telemetry Anomaly,-0.0188
2026-06-29 13:00:00,Site_B,Bldg_B1,Meter_Bldg_B1_01,38.62,0.623,465.57,Multivariate Telemetry Anomaly,-0.0276
2026-06-29 13:15:00,Site_B,Bldg_B1,Meter_Bldg_B1_01,38.59,0.647,463.72,Multivariate Telemetry Anomaly,-0.0402
2026-06-29 13:30:00,Site_B,Bldg_B1,Meter_Bldg_B1_01,38.86,0.622,463.41,Multivariate Telemetry Anomaly,-0.0201
2026-06-29 14:00:00,Site_B,Bldg_B1,Meter_Bldg_B1_01,38.27,0.652,457.94,Multivariate Telemetry Anomaly,-0.0085
2026-06-29 14:30:00,Site_B,Bldg_B1,Meter_Bldg_B1_01,38.28,0.567,458.96,Multivariate Telemetry Anomaly,-0.0062
2026-06-29 14:45:00,Site_B,Bldg_B1,Meter_Bldg_B1_01,38.11,0.557,456.92,Multivariate Telemetry Anomaly,-0.0179
2026-06-29 15:00:00,Site_B,Bldg_B1,Meter_Bldg_B1_01,37.46,0.645,445.38,Multivariate Telemetry Anomaly,-0.0041
2026-06-29 15:30:00,Site_B,Bldg_B1,Meter_Bldg_B1_01,38.18,0.528,442.99,Multivariate Telemetry Anomaly,-0.0003
2026-06-29 15:45:00,Site_B,Bldg_B1,Meter_Bldg_B1_01,38.3,0.599,445.01,Multivariate Telemetry Anomaly,-0.0047
2026-06-30 10:30:00,Site_B,Bldg_B1,Meter_Bldg_B1_01,38.77,0.549,429.48,Multivariate Telemetry Anomaly,-0.0097
2026-06-30 11:15:00,Site_B,Bldg_B1,Meter_Bldg_B1_01,39.19,0.533,450.16,Multivariate Telemetry Anomaly,-0.0226
2026-06-30 11:30:00,Site_B,Bldg_B1,Meter_Bldg_B1_01,38.97,0.58,449.47,Multivariate Telemetry Anomaly,-0.0092
2026-06-30 11:45:00,Site_B,Bldg_B1,Meter_Bldg_B1_01,37.18,0.563,445.0,Multivariate Telemetry Anomaly,-0.0177
2026-06-30 12:00:00,Site_B,Bldg_B1,Meter_Bldg_B1_01,39.57,0.616,466.18,Multivariate Telemetry Anomaly,-0.0335
2026-06-30 12:15:00,Site_B,Bldg_B1,Meter_Bldg_B1_01,39.11,0.619,462.32,Multivariate Telemetry Anomaly,-0.0295
2026-06-30 12:30:00,Site_B,Bldg_B1,Meter_Bldg_B1_01,37.3,0.617,456.98,Multivariate Telemetry Anomaly,-0.008
2026-06-30 12:45:00,Site_B,Bldg_B1,Meter_Bldg_B1_01,38.92,0.603,461.35,Multivariate Telemetry Anomaly,-0.0161
2026-06-30 13:00:00,Site_B,Bldg_B1,Meter_Bldg_B1_01,38.41,0.638,463.88,Multivariate Telemetry Anomaly,-0.0224
2026-06-30 13:15:00,Site_B,Bldg_B1,Meter_Bldg_B1_01,38.95,0.607,467.54,Multivariate Telemetry Anomaly,-0.0272
2026-06-30 13:30:00,Site_B,Bldg_B1,Meter_Bldg_B1_01,37.32,0.574,459.3,Multivariate Telemetry Anomaly,-0.0013
2026-06-30 14:00:00,Site_B,Bldg_B1,Meter_Bldg_B1_01,38.21,0.672,460.06,Multivariate Telemetry Anomaly,-0.0109
2026-06-30 14:15:00,Site_B,Bldg_B1,Meter_Bldg_B1_01,38.16,0.619,458.37,Multivariate Telemetry Anomaly,-0.0218
2026-06-30 14:30:00,Site_B,Bldg_B1,Meter_Bldg_B1_01,38.19,0.628,463.45,Multivariate Telemetry Anomaly,-0.0364
2026-06-30 15:45:00,Site_B,Bldg_B1,Meter_Bldg_B1_01,38.89,0.613,448.39,Multivariate Telemetry Anomaly,-0.0079
2026-06-30 16:30:00,Site_B,Bldg_B1,Meter_Bldg_B1_01,37.22,0.612,419.01,Multivariate Telemetry Anomaly,-0.0011
2026-06-01 10:00:00,Site_B,Bldg_B2,Meter_Bldg_B2_01,38.5,0.61,429.37,Multivariate Telemetry Anomaly,-0.0166
2026-06-01 11:00:00,Site_B,Bldg_B2,Meter_Bldg_B2_01,38.45,0.62,446.37,Multivariate Telemetry Anomaly,-0.0179
2026-06-01 11:15:00,Site_B,Bldg_B2,Meter_Bldg_B2_01,38.37,0.603,448.43,Multivariate Telemetry Anomaly,-0.0155
2026-06-01 11:30:00,Site_B,Bldg_B2,Meter_Bldg_B2_01,38.4,0.52,445.86,Multivariate Telemetry Anomaly,-0.0129
2026-06-01 11:45:00,Site_B,Bldg_B2,Meter_Bldg_B2_01,37.45,0.623,444.19,Multivariate Telemetry Anomaly,-0.0135
2026-06-01 12:00:00,Site_B,Bldg_B2,Meter_Bldg_B2_01,38.3,0.461,456.55,Multivariate Telemetry Anomaly,-0.0325
2026-06-01 12:15:00,Site_B,Bldg_B2,Meter_Bldg_B2_01,38.65,0.604,461.59,Multivariate Telemetry Anomaly,-0.022
2026-06-01 12:30:00,Site_B,Bldg_B2,Meter_Bldg_B2_01,38.98,0.516,464.77,Multivariate Telemetry Anomaly,-0.023
2026-06-01 12:45:00,Site_B,Bldg_B2,Meter_Bldg_B2_01,38.23,0.611,457.98,Multivariate Telemetry Anomaly,-0.024
2026-06-01 13:00:00,Site_B,Bldg_B2,Meter_Bldg_B2_01,38.61,0.563,466.14,Multivariate Telemetry Anomaly,-0.0187
2026-06-01 13:15:00,Site_B,Bldg_B2,Meter_Bldg_B2_01,38.27,0.609,466.77,Multivariate Telemetry Anomaly,-0.0055
2026-06-01 13:30:00,Site_B,Bldg_B2,Meter_Bldg_B2_01,38.04,0.559,464.19,Multivariate Telemetry Anomaly,-0.0292
2026-06-01 13:45:00,Site_B,Bldg_B2,Meter_Bldg_B2_01,37.7,0.508,463.33,Multivariate Telemetry Anomaly,-0.0107
2026-06-01 14:00:00,Site_B,Bldg_B2,Meter_Bldg_B2_01,38.42,0.573,461.96,Multivariate Telemetry Anomaly,-0.0102
2026-06-01 14:30:00,Site_B,Bldg_B2,Meter_Bldg_B2_01,38.68,0.595,462.26,Multivariate Telemetry Anomaly,-0.0101
2026-06-01 14:45:00,Site_B,Bldg_B2,Meter_Bldg_B2_01,38.92,0.508,463.9,Multivariate Telemetry Anomaly,-0.0211
2026-06-01 15:15:00,Site_B,Bldg_B2,Meter_Bldg_B2_01,37.73,0.684,447.27,Multivariate Telemetry Anomaly,-0.0035
2026-06-01 15:45:00,Site_B,Bldg_B2,Meter_Bldg_B2_01,38.48,0.59,449.79,Multivariate Telemetry Anomaly,-0.02
2026-06-02 10:30:00,Site_B,Bldg_B2,Meter_Bldg_B2_01,39.5,0.556,428.88,Multivariate Telemetry Anomaly,-0.0148
2026-06-02 10:45:00,Site_B,Bldg_B2,Meter_Bldg_B2_01,37.85,0.582,426.42,Multivariate Telemetry Anomaly,-0.0022
2026-06-02 11:00:00,Site_B,Bldg_B2,Meter_Bldg_B2_01,38.68,0.599,449.93,Multivariate Telemetry Anomaly,-0.0157
2026-06-02 11:15:00,Site_B,Bldg_B2,Meter_Bldg_B2_01,38.56,0.612,449.2,Multivariate Telemetry Anomaly,-0.0179
2026-06-02 11:30:00,Site_B,Bldg_B2,Meter_Bldg_B2_01,38.47,0.553,450.73,Multivariate Telemetry Anomaly,-0.0056
2026-06-02 11:45:00,Site_B,Bldg_B2,Meter_Bldg_B2_01,38.13,0.596,445.71,Multivariate Telemetry Anomaly,-0.0009
2026-06-02 12:00:00,Site_B,Bldg_B2,Meter_Bldg_B2_01,38.62,0.579,458.61,Multivariate Telemetry Anomaly,-0.0075
2026-06-02 12:15:00,Site_B,Bldg_B2,Meter_Bldg_B2_01,39.24,0.638,466.84,Multivariate Telemetry Anomaly,-0.0272
2026-06-02 12:30:00,Site_B,Bldg_B2,Meter_Bldg_B2_01,38.12,0.659,460.65,Multivariate Telemetry Anomaly,-0.0142
2026-06-02 13:00:00,Site_B,Bldg_B2,Meter_Bldg_B2_01,37.46,0.563,457.39,Multivariate Telemetry Anomaly,-0.0074
2026-06-02 13:15:00,Site_B,Bldg_B2,Meter_Bldg_B2_01,37.4,0.638,457.67,Multivariate Telemetry Anomaly,-0.0038
2026-06-02 13:30:00,Site_B,Bldg_B2,Meter_Bldg_B2_01,38.76,0.669,467.08,Multivariate Telemetry Anomaly,-0.0255
2026-06-02 13:45:00,Site_B,Bldg_B2,Meter_Bldg_B2_01,37.15,0.668,459.24,Multivariate Telemetry Anomaly,-0.0272
2026-06-02 14:00:00,Site_B,Bldg_B2,Meter_Bldg_B2_01,38.28,0.606,460.21,Multivariate Telemetry Anomaly,-0.0009
2026-06-02 14:30:00,Site_B,Bldg_B2,Meter_Bldg_B2_01,37.85,0.585,456.17,Multivariate Telemetry Anomaly,-0.005
2026-06-02 14:45:00,Site_B,Bldg_B2,Meter_Bldg_B2_01,38.57,0.653,462.69,Multivariate Telemetry Anomaly,-0.0123
2026-06-02 15:00:00,Site_B,Bldg_B2,Meter_Bldg_B2_01,38.36,0.662,448.88,Multivariate Telemetry Anomaly,-0.0098
2026-06-02 15:30:00,Site_B,Bldg_B2,Meter_Bldg_B2_01,38.69,0.571,449.27,Multivariate Telemetry Anomaly,-0.0036
2026-06-02 16:15:00,Site_B,Bldg_B2,Meter_Bldg_B2_01,37.52,0.636,428.63,Multivariate Telemetry Anomaly,-0.0085
2026-06-03 09:15:00,Site_B,Bldg_B2,Meter_Bldg_B2_01,37.59,0.655,400.45,Multivariate Telemetry Anomaly,-0.0018
2026-06-03 09:30:00,Site_B,Bldg_B2,Meter_Bldg_B2_01,38.48,0.599,401.11,Multivariate Telemetry Anomaly,-0.0225
2026-06-03 09:45:00,Site_B,Bldg_B2,Meter_Bldg_B2_01,38.16,0.616,401.1,Multivariate Telemetry Anomaly,-0.0008
2026-06-03 11:00:00,Site_B,Bldg_B2,Meter_Bldg_B2_01,39.03,0.52,451.07,Multivariate Telemetry Anomaly,-0.0381
2026-06-03 11:15:00,Site_B,Bldg_B2,Meter_Bldg_B2_01,39.28,0.598,454.36,Multivariate Telemetry Anomaly,-0.0148
2026-06-03 11:45:00,Site_B,Bldg_B2,Meter_Bldg_B2_01,38.74,0.657,449.14,Multivariate Telemetry Anomaly,-0.021
2026-06-03 12:00:00,Site_B,Bldg_B2,Meter_Bldg_B2_01,37.98,0.502,460.07,Multivariate Telemetry Anomaly,-0.0297
2026-06-03 12:15:00,Site_B,Bldg_B2,Meter_Bldg_B2_01,39.67,0.581,468.75,Multivariate Telemetry Anomaly,-0.0128
2026-06-03 12:30:00,Site_B,Bldg_B2,Meter_Bldg_B2_01,37.83,0.52,456.93,Multivariate Telemetry Anomaly,-0.0202
2026-06-03 12:45:00,Site_B,Bldg_B2,Meter_Bldg_B2_01,39.51,0.483,466.43,Multivariate Telemetry Anomaly,-0.0236
2026-06-03 13:00:00,Site_B,Bldg_B2,Meter_Bldg_B2_01,38.64,0.61,463.17,Multivariate Telemetry Anomaly,-0.0172
2026-06-03 13:15:00,Site_B,Bldg_B2,Meter_Bldg_B2_01,37.77,0.617,463.12,Multivariate Telemetry Anomaly,-0.0137
2026-06-03 13:30:00,Site_B,Bldg_B2,Meter_Bldg_B2_01,38.24,0.588,466.78,Multivariate Telemetry Anomaly,-0.0136
2026-06-03 13:45:00,Site_B,Bldg_B2,Meter_Bldg_B2_01,37.44,0.629,461.54,Multivariate Telemetry Anomaly,-0.0012
2026-06-03 14:00:00,Site_B,Bldg_B2,Meter_Bldg_B2_01,37.4,0.493,458.01,Multivariate Telemetry Anomaly,-0.0316
2026-06-03 14:15:00,Site_B,Bldg_B2,Meter_Bldg_B2_01,38.31,0.579,460.94,Multivariate Telemetry Anomaly,-0.0052
2026-06-03 14:30:00,Site_B,Bldg_B2,Meter_Bldg_B2_01,38.23,0.708,461.88,Multivariate Telemetry Anomaly,-0.0165
2026-06-03 15:15:00,Site_B,Bldg_B2,Meter_Bldg_B2_01,38.26,0.657,446.97,Multivariate Telemetry Anomaly,-0.0087
2026-06-03 15:30:00,Site_B,Bldg_B2,Meter_Bldg_B2_01,37.64,0.666,445.68,Multivariate Telemetry Anomaly,-0.0088
2026-06-03 15:45:00,Site_B,Bldg_B2,Meter_Bldg_B2_01,38.04,0.666,444.33,Multivariate Telemetry Anomaly,-0.0072
2026-06-04 09:00:00,Site_B,Bldg_B2,Meter_Bldg_B2_01,38.34,0.505,399.61,Multivariate Telemetry Anomaly,-0.0045
2026-06-04 09:30:00,Site_B,Bldg_B2,Meter_Bldg_B2_01,38.31,0.524,399.48,Multivariate Telemetry Anomaly,-0.0036
2026-06-04 10:30:00,Site_B,Bldg_B2,Meter_Bldg_B2_01,39.01,0.509,430.11,Multivariate Telemetry Anomaly,-0.0236
2026-06-04 10:45:00,Site_B,Bldg_B2,Meter_Bldg_B2_01,38.35,0.552,424.94,Multivariate Telemetry Anomaly,-0.0111
2026-06-04 11:00:00,Site_B,Bldg_B2,Meter_Bldg_B2_01,37.84,0.64,445.04,Multivariate Telemetry Anomaly,-0.0272
2026-06-04 11:15:00,Site_B,Bldg_B2,Meter_Bldg_B2_01,39.36,0.58,450.28,Multivariate Telemetry Anomaly,-0.0177
2026-06-04 11:30:00,Site_B,Bldg_B2,Meter_Bldg_B2_01,38.52,0.502,450.19,Multivariate Telemetry Anomaly,-0.0364
2026-06-04 11:45:00,Site_B,Bldg_B2,Meter_Bldg_B2_01,38.14,0.594,444.32,Multivariate Telemetry Anomaly,-0.0128
2026-06-04 12:00:00,Site_B,Bldg_B2,Meter_Bldg_B2_01,38.58,0.614,462.16,Multivariate Telemetry Anomaly,-0.0258
2026-06-04 12:15:00,Site_B,Bldg_B2,Meter_Bldg_B2_01,38.15,0.627,461.65,Multivariate Telemetry Anomaly,-0.0193
2026-06-04 12:30:00,Site_B,Bldg_B2,Meter_Bldg_B2_01,38.37,0.567,458.11,Multivariate Telemetry Anomaly,-0.0019
2026-06-04 12:45:00,Site_B,Bldg_B2,Meter_Bldg_B2_01,38.39,0.58,459.73,Multivariate Telemetry Anomaly,-0.0142
2026-06-04 13:00:00,Site_B,Bldg_B2,Meter_Bldg_B2_01,38.36,0.586,462.45,Multivariate Telemetry Anomaly,-0.0167
2026-06-04 13:15:00,Site_B,Bldg_B2,Meter_Bldg_B2_01,37.83,0.573,459.98,Multivariate Telemetry Anomaly,-0.0173
2026-06-04 13:30:00,Site_B,Bldg_B2,Meter_Bldg_B2_01,38.73,0.642,464.23,Multivariate Telemetry Anomaly,-0.0136
2026-06-04 13:45:00,Site_B,Bldg_B2,Meter_Bldg_B2_01,38.42,0.616,468.64,Multivariate Telemetry Anomaly,-0.0225
2026-06-04 14:00:00,Site_B,Bldg_B2,Meter_Bldg_B2_01,38.03,0.655,458.87,Multivariate Telemetry Anomaly,-0.0062
2026-06-04 14:30:00,Site_B,Bldg_B2,Meter_Bldg_B2_01,38.6,0.505,463.0,Multivariate Telemetry Anomaly,-0.0131
2026-06-04 14:45:00,Site_B,Bldg_B2,Meter_Bldg_B2_01,38.91,0.613,460.86,Multivariate Telemetry Anomaly,-0.0282
2026-06-04 15:15:00,Site_B,Bldg_B2,Meter_Bldg_B2_01,38.72,0.563,449.64,Multivariate Telemetry Anomaly,-0.0134
2026-06-04 15:30:00,Site_B,Bldg_B2,Meter_Bldg_B2_01,37.96,0.619,447.12,Multivariate Telemetry Anomaly,-0.0044
2026-06-04 16:45:00,Site_B,Bldg_B2,Meter_Bldg_B2_01,37.6,0.639,424.18,Multivariate Telemetry Anomaly,-0.0012
2026-06-05 10:00:00,Site_B,Bldg_B2,Meter_Bldg_B2_01,38.26,0.58,425.24,Multivariate Telemetry Anomaly,-0.0221
2026-06-05 10:15:00,Site_B,Bldg_B2,Meter_Bldg_B2_01,38.07,0.599,425.13,Multivariate Telemetry Anomaly,-0.0122
2026-06-05 10:30:00,Site_B,Bldg_B2,Meter_Bldg_B2_01,38.19,0.508,426.28,Multivariate Telemetry Anomaly,-0.003
2026-06-05 11:00:00,Site_B,Bldg_B2,Meter_Bldg_B2_01,38.65,0.526,448.54,Multivariate Telemetry Anomaly,-0.0026
2026-06-05 12:00:00,Site_B,Bldg_B2,Meter_Bldg_B2_01,38.48,0.58,461.45,Multivariate Telemetry Anomaly,-0.0023
2026-06-05 12:15:00,Site_B,Bldg_B2,Meter_Bldg_B2_01,37.81,0.612,458.94,Multivariate Telemetry Anomaly,-0.0133
2026-06-05 12:30:00,Site_B,Bldg_B2,Meter_Bldg_B2_01,38.56,0.603,464.74,Multivariate Telemetry Anomaly,-0.0134
2026-06-05 12:45:00,Site_B,Bldg_B2,Meter_Bldg_B2_01,39.02,0.598,460.83,Multivariate Telemetry Anomaly,-0.0228
2026-06-05 13:00:00,Site_B,Bldg_B2,Meter_Bldg_B2_01,37.54,0.645,461.16,Multivariate Telemetry Anomaly,-0.0045
2026-06-05 13:15:00,Site_B,Bldg_B2,Meter_Bldg_B2_01,38.63,0.538,467.13,Multivariate Telemetry Anomaly,-0.0212
2026-06-05 13:45:00,Site_B,Bldg_B2,Meter_Bldg_B2_01,37.82,0.662,462.12,Multivariate Telemetry Anomaly,-0.0173
2026-06-05 14:30:00,Site_B,Bldg_B2,Meter_Bldg_B2_01,37.13,0.678,458.0,Multivariate Telemetry Anomaly,-0.0129
2026-06-05 15:00:00,Site_B,Bldg_B2,Meter_Bldg_B2_01,38.41,0.613,447.97,Multivariate Telemetry Anomaly,-0.0085
2026-06-05 15:30:00,Site_B,Bldg_B2,Meter_Bldg_B2_01,38.42,0.547,446.54,Multivariate Telemetry Anomaly,-0.0116
2026-06-05 15:45:00,Site_B,Bldg_B2,Meter_Bldg_B2_01,39.03,0.536,448.8,Multivariate Telemetry Anomaly,-0.0084
2026-06-08 10:00:00,Site_B,Bldg_B2,Meter_Bldg_B2_01,38.34,0.529,427.16,Multivariate Telemetry Anomaly,-0.0102
2026-06-08 10:45:00,Site_B,Bldg_B2,Meter_Bldg_B2_01,38.16,0.571,423.9,Multivariate Telemetry Anomaly,-0.0089
2026-06-08 11:00:00,Site_B,Bldg_B2,Meter_Bldg_B2_01,38.66,0.624,448.68,Multivariate Telemetry Anomaly,-0.0178
2026-06-08 11:15:00,Site_B,Bldg_B2,Meter_Bldg_B2_01,38.67,0.632,445.97,Multivariate Telemetry Anomaly,-0.0109
2026-06-08 11:30:00,Site_B,Bldg_B2,Meter_Bldg_B2_01,38.82,0.639,451.81,Multivariate Telemetry Anomaly,-0.011
2026-06-08 11:45:00,Site_B,Bldg_B2,Meter_Bldg_B2_01,39.22,0.532,450.21,Multivariate Telemetry Anomaly,-0.021
2026-06-08 12:00:00,Site_B,Bldg_B2,Meter_Bldg_B2_01,38.75,0.547,461.23,Multivariate Telemetry Anomaly,-0.015
2026-06-08 12:15:00,Site_B,Bldg_B2,Meter_Bldg_B2_01,38.18,0.704,459.75,Multivariate Telemetry Anomaly,-0.0409
2026-06-08 12:30:00,Site_B,Bldg_B2,Meter_Bldg_B2_01,38.93,0.617,460.09,Multivariate Telemetry Anomaly,-0.0188
2026-06-08 12:45:00,Site_B,Bldg_B2,Meter_Bldg_B2_01,38.67,0.664,461.68,Multivariate Telemetry Anomaly,-0.0103
2026-06-08 13:15:00,Site_B,Bldg_B2,Meter_Bldg_B2_01,38.38,0.619,463.76,Multivariate Telemetry Anomaly,-0.0269
2026-06-08 13:30:00,Site_B,Bldg_B2,Meter_Bldg_B2_01,38.92,0.614,466.77,Multivariate Telemetry Anomaly,-0.0226
2026-06-08 13:45:00,Site_B,Bldg_B2,Meter_Bldg_B2_01,39.44,0.608,468.4,Multivariate Telemetry Anomaly,-0.0277
2026-06-08 14:15:00,Site_B,Bldg_B2,Meter_Bldg_B2_01,37.18,0.663,452.53,Multivariate Telemetry Anomaly,-0.0052
2026-06-08 14:30:00,Site_B,Bldg_B2,Meter_Bldg_B2_01,37.84,0.651,453.91,Multivariate Telemetry Anomaly,-0.0146
2026-06-08 14:45:00,Site_B,Bldg_B2,Meter_Bldg_B2_01,37.89,0.686,457.96,Multivariate Telemetry Anomaly,-0.0011
2026-06-08 15:00:00,Site_B,Bldg_B2,Meter_Bldg_B2_01,38.65,0.538,444.01,Multivariate Telemetry Anomaly,-0.0008
2026-06-08 15:45:00,Site_B,Bldg_B2,Meter_Bldg_B2_01,38.07,0.61,446.02,Multivariate Telemetry Anomaly,-0.019
2026-06-08 16:45:00,Site_B,Bldg_B2,Meter_Bldg_B2_01,38.49,0.596,424.43,Multivariate Telemetry Anomaly,-0.0016
2026-06-09 09:00:00,Site_B,Bldg_B2,Meter_Bldg_B2_01,38.47,0.622,405.6,Multivariate Telemetry Anomaly,-0.006
2026-06-09 09:30:00,Site_B,Bldg_B2,Meter_Bldg_B2_01,38.04,0.516,400.31,Multivariate Telemetry Anomaly,-0.0059
2026-06-09 10:00:00,Site_B,Bldg_B2,Meter_Bldg_B2_01,38.53,0.567,427.39,Multivariate Telemetry Anomaly,-0.0102
2026-06-09 10:15:00,Site_B,Bldg_B2,Meter_Bldg_B2_01,38.83,0.624,427.87,Multivariate Telemetry Anomaly,-0.0199
2026-06-09 11:00:00,Site_B,Bldg_B2,Meter_Bldg_B2_01,38.39,0.607,447.28,Multivariate Telemetry Anomaly,-0.0063
2026-06-09 11:15:00,Site_B,Bldg_B2,Meter_Bldg_B2_01,39.4,0.603,452.91,Multivariate Telemetry Anomaly,-0.0166
2026-06-09 11:30:00,Site_B,Bldg_B2,Meter_Bldg_B2_01,38.79,0.63,448.77,Multivariate Telemetry Anomaly,-0.0081
2026-06-09 11:45:00,Site_B,Bldg_B2,Meter_Bldg_B2_01,38.05,0.53,447.33,Multivariate Telemetry Anomaly,-0.0174
2026-06-09 12:00:00,Site_B,Bldg_B2,Meter_Bldg_B2_01,39.28,0.636,466.18,Multivariate Telemetry Anomaly,-0.0375
2026-06-09 12:15:00,Site_B,Bldg_B2,Meter_Bldg_B2_01,38.95,0.596,465.98,Multivariate Telemetry Anomaly,-0.029
2026-06-09 12:30:00,Site_B,Bldg_B2,Meter_Bldg_B2_01,39.08,0.635,464.83,Multivariate Telemetry Anomaly,-0.0238
2026-06-09 12:45:00,Site_B,Bldg_B2,Meter_Bldg_B2_01,38.36,0.648,459.09,Multivariate Telemetry Anomaly,-0.027
2026-06-09 13:00:00,Site_B,Bldg_B2,Meter_Bldg_B2_01,39.5,0.567,468.75,Multivariate Telemetry Anomaly,-0.0228
2026-06-09 13:15:00,Site_B,Bldg_B2,Meter_Bldg_B2_01,38.5,0.596,468.14,Multivariate Telemetry Anomaly,-0.0147
2026-06-09 13:30:00,Site_B,Bldg_B2,Meter_Bldg_B2_01,38.25,0.654,463.11,Multivariate Telemetry Anomaly,-0.0408
2026-06-09 13:45:00,Site_B,Bldg_B2,Meter_Bldg_B2_01,38.37,0.487,465.99,Multivariate Telemetry Anomaly,-0.0101
2026-06-09 14:00:00,Site_B,Bldg_B2,Meter_Bldg_B2_01,38.68,0.479,457.94,Multivariate Telemetry Anomaly,-0.0072
2026-06-09 14:15:00,Site_B,Bldg_B2,Meter_Bldg_B2_01,37.36,0.512,455.6,Multivariate Telemetry Anomaly,-0.0029
2026-06-09 14:30:00,Site_B,Bldg_B2,Meter_Bldg_B2_01,39.0,0.52,466.05,Multivariate Telemetry Anomaly,-0.0208
2026-06-09 14:45:00,Site_B,Bldg_B2,Meter_Bldg_B2_01,38.66,0.662,462.71,Multivariate Telemetry Anomaly,-0.0449
2026-06-10 09:00:00,Site_B,Bldg_B2,Meter_Bldg_B2_01,38.41,0.633,404.23,Multivariate Telemetry Anomaly,-0.0069
2026-06-10 10:15:00,Site_B,Bldg_B2,Meter_Bldg_B2_01,38.71,0.577,425.04,Multivariate Telemetry Anomaly,-0.0089
2026-06-10 10:45:00,Site_B,Bldg_B2,Meter_Bldg_B2_01,39.23,0.581,427.99,Multivariate Telemetry Anomaly,-0.0121
2026-06-10 11:00:00,Site_B,Bldg_B2,Meter_Bldg_B2_01,38.8,0.553,450.16,Multivariate Telemetry Anomaly,-0.0119
2026-06-10 11:15:00,Site_B,Bldg_B2,Meter_Bldg_B2_01,38.47,0.56,444.68,Multivariate Telemetry Anomaly,-0.0293
2026-06-10 11:30:00,Site_B,Bldg_B2,Meter_Bldg_B2_01,38.11,0.526,448.31,Multivariate Telemetry Anomaly,-0.0079
2026-06-10 11:45:00,Site_B,Bldg_B2,Meter_Bldg_B2_01,39.27,0.561,449.62,Multivariate Telemetry Anomaly,-0.0052
2026-06-10 12:00:00,Site_B,Bldg_B2,Meter_Bldg_B2_01,38.74,0.611,459.12,Multivariate Telemetry Anomaly,-0.0046
2026-06-10 12:15:00,Site_B,Bldg_B2,Meter_Bldg_B2_01,38.8,0.515,463.15,Multivariate Telemetry Anomaly,-0.0185
2026-06-10 12:30:00,Site_B,Bldg_B2,Meter_Bldg_B2_01,38.69,0.606,462.81,Multivariate Telemetry Anomaly,-0.0184
2026-06-10 12:45:00,Site_B,Bldg_B2,Meter_Bldg_B2_01,38.89,0.627,464.41,Multivariate Telemetry Anomaly,-0.0253
2026-06-10 13:15:00,Site_B,Bldg_B2,Meter_Bldg_B2_01,38.01,0.676,462.08,Multivariate Telemetry Anomaly,-0.0091
2026-06-10 13:30:00,Site_B,Bldg_B2,Meter_Bldg_B2_01,39.21,0.565,469.5,Multivariate Telemetry Anomaly,-0.0456
2026-06-10 13:45:00,Site_B,Bldg_B2,Meter_Bldg_B2_01,39.89,0.623,470.72,Multivariate Telemetry Anomaly,-0.0312
2026-06-10 14:00:00,Site_B,Bldg_B2,Meter_Bldg_B2_01,38.47,0.607,460.98,Multivariate Telemetry Anomaly,-0.0038
2026-06-10 14:15:00,Site_B,Bldg_B2,Meter_Bldg_B2_01,38.41,0.602,460.98,Multivariate Telemetry Anomaly,-0.0176
2026-06-10 14:30:00,Site_B,Bldg_B2,Meter_Bldg_B2_01,38.37,0.533,461.45,Multivariate Telemetry Anomaly,-0.0175
2026-06-10 15:00:00,Site_B,Bldg_B2,Meter_Bldg_B2_01,38.46,0.629,448.15,Multivariate Telemetry Anomaly,-0.0272
2026-06-10 15:15:00,Site_B,Bldg_B2,Meter_Bldg_B2_01,37.46,0.589,443.27,Multivariate Telemetry Anomaly,-0.0059
2026-06-10 15:30:00,Site_B,Bldg_B2,Meter_Bldg_B2_01,37.88,0.613,444.96,Multivariate Telemetry Anomaly,-0.0299
2026-06-10 16:00:00,Site_B,Bldg_B2,Meter_Bldg_B2_01,38.02,0.548,427.3,Multivariate Telemetry Anomaly,-0.0038
2026-06-11 09:00:00,Site_B,Bldg_B2,Meter_Bldg_B2_01,38.28,0.517,402.87,Multivariate Telemetry Anomaly,-0.0011
2026-06-11 10:30:00,Site_B,Bldg_B2,Meter_Bldg_B2_01,38.12,0.623,424.42,Multivariate Telemetry Anomaly,-0.0189
2026-06-11 10:45:00,Site_B,Bldg_B2,Meter_Bldg_B2_01,38.94,0.617,429.52,Multivariate Telemetry Anomaly,-0.0089
2026-06-11 11:00:00,Site_B,Bldg_B2,Meter_Bldg_B2_01,38.15,0.58,446.7,Multivariate Telemetry Anomaly,-0.0188
2026-06-11 11:30:00,Site_B,Bldg_B2,Meter_Bldg_B2_01,38.84,0.561,448.15,Multivariate Telemetry Anomaly,-0.027
2026-06-11 11:45:00,Site_B,Bldg_B2,Meter_Bldg_B2_01,38.76,0.598,446.38,Multivariate Telemetry Anomaly,-0.0023
2026-06-11 12:00:00,Site_B,Bldg_B2,Meter_Bldg_B2_01,38.33,0.598,459.04,Multivariate Telemetry Anomaly,-0.0116
2026-06-11 12:15:00,Site_B,Bldg_B2,Meter_Bldg_B2_01,39.12,0.592,463.9,Multivariate Telemetry Anomaly,-0.0131
2026-06-11 12:30:00,Site_B,Bldg_B2,Meter_Bldg_B2_01,38.48,0.62,463.21,Multivariate Telemetry Anomaly,-0.01
2026-06-11 12:45:00,Site_B,Bldg_B2,Meter_Bldg_B2_01,38.94,0.578,465.72,Multivariate Telemetry Anomaly,-0.0211
2026-06-11 13:00:00,Site_B,Bldg_B2,Meter_Bldg_B2_01,38.48,0.588,465.2,Multivariate Telemetry Anomaly,-0.009
2026-06-11 13:15:00,Site_B,Bldg_B2,Meter_Bldg_B2_01,38.7,0.545,465.09,Multivariate Telemetry Anomaly,-0.0367
2026-06-11 13:30:00,Site_B,Bldg_B2,Meter_Bldg_B2_01,38.26,0.591,462.33,Multivariate Telemetry Anomaly,-0.0116
2026-06-11 13:45:00,Site_B,Bldg_B2,Meter_Bldg_B2_01,38.3,0.615,466.99,Multivariate Telemetry Anomaly,-0.0042
2026-06-11 14:00:00,Site_B,Bldg_B2,Meter_Bldg_B2_01,38.0,0.507,458.5,Multivariate Telemetry Anomaly,-0.0104
2026-06-11 14:15:00,Site_B,Bldg_B2,Meter_Bldg_B2_01,38.25,0.552,459.19,Multivariate Telemetry Anomaly,-0.0224
2026-06-11 14:30:00,Site_B,Bldg_B2,Meter_Bldg_B2_01,38.85,0.629,464.32,Multivariate Telemetry Anomaly,-0.036
2026-06-11 14:45:00,Site_B,Bldg_B2,Meter_Bldg_B2_01,37.93,0.572,457.86,Multivariate Telemetry Anomaly,-0.0125
2026-06-11 17:30:00,Site_B,Bldg_B2,Meter_Bldg_B2_01,36.07,0.583,391.29,Multivariate Telemetry Anomaly,-0.0004
2026-06-12 08:00:00,Site_B,Bldg_B2,Meter_Bldg_B2_01,37.46,0.526,372.38,Multivariate Telemetry Anomaly,-0.0003
2026-06-12 09:00:00,Site_B,Bldg_B2,Meter_Bldg_B2_01,38.55,0.449,399.17,Multivariate Telemetry Anomaly,-0.0302
2026-06-12 10:00:00,Site_B,Bldg_B2,Meter_Bldg_B2_01,38.19,0.569,424.41,Multivariate Telemetry Anomaly,-0.0215
2026-06-12 10:30:00,Site_B,Bldg_B2,Meter_Bldg_B2_01,39.18,0.458,430.99,Multivariate Telemetry Anomaly,-0.0221
2026-06-12 11:00:00,Site_B,Bldg_B2,Meter_Bldg_B2_01,38.67,0.636,449.17,Multivariate Telemetry Anomaly,-0.034
2026-06-12 11:30:00,Site_B,Bldg_B2,Meter_Bldg_B2_01,39.08,0.586,450.0,Multivariate Telemetry Anomaly,-0.0135
2026-06-12 11:45:00,Site_B,Bldg_B2,Meter_Bldg_B2_01,39.04,0.556,447.9,Multivariate Telemetry Anomaly,-0.0267
2026-06-12 12:00:00,Site_B,Bldg_B2,Meter_Bldg_B2_01,38.24,0.453,463.66,Multivariate Telemetry Anomaly,-0.0491
2026-06-12 12:15:00,Site_B,Bldg_B2,Meter_Bldg_B2_01,39.42,0.584,466.27,Multivariate Telemetry Anomaly,-0.0312
2026-06-12 12:30:00,Site_B,Bldg_B2,Meter_Bldg_B2_01,38.31,0.494,459.36,Multivariate Telemetry Anomaly,-0.016
2026-06-12 12:45:00,Site_B,Bldg_B2,Meter_Bldg_B2_01,38.48,0.568,457.42,Multivariate Telemetry Anomaly,-0.028
2026-06-12 13:15:00,Site_B,Bldg_B2,Meter_Bldg_B2_01,38.57,0.576,464.88,Multivariate Telemetry Anomaly,-0.0017
2026-06-12 13:30:00,Site_B,Bldg_B2,Meter_Bldg_B2_01,38.02,0.617,463.59,Multivariate Telemetry Anomaly,-0.0112
2026-06-12 13:45:00,Site_B,Bldg_B2,Meter_Bldg_B2_01,37.91,0.604,463.36,Multivariate Telemetry Anomaly,-0.0093
2026-06-12 14:00:00,Site_B,Bldg_B2,Meter_Bldg_B2_01,38.13,0.659,458.84,Multivariate Telemetry Anomaly,-0.023
2026-06-12 14:15:00,Site_B,Bldg_B2,Meter_Bldg_B2_01,37.94,0.522,461.06,Multivariate Telemetry Anomaly,-0.0177
2026-06-12 14:30:00,Site_B,Bldg_B2,Meter_Bldg_B2_01,38.29,0.568,456.5,Multivariate Telemetry Anomaly,-0.0021
2026-06-12 14:45:00,Site_B,Bldg_B2,Meter_Bldg_B2_01,38.44,0.639,462.01,Multivariate Telemetry Anomaly,-0.0429
2026-06-12 15:00:00,Site_B,Bldg_B2,Meter_Bldg_B2_01,37.45,0.659,440.17,Multivariate Telemetry Anomaly,-0.0058
2026-06-12 15:15:00,Site_B,Bldg_B2,Meter_Bldg_B2_01,38.89,0.625,451.46,Multivariate Telemetry Anomaly,-0.0046
2026-06-12 15:45:00,Site_B,Bldg_B2,Meter_Bldg_B2_01,38.47,0.581,445.31,Multivariate Telemetry Anomaly,-0.0061
2026-06-12 16:00:00,Site_B,Bldg_B2,Meter_Bldg_B2_01,37.55,0.605,423.86,Multivariate Telemetry Anomaly,-0.0035
2026-06-15 08:30:00,Site_B,Bldg_B2,Meter_Bldg_B2_01,37.82,0.512,366.98,Multivariate Telemetry Anomaly,-0.0004
2026-06-15 10:00:00,Site_B,Bldg_B2,Meter_Bldg_B2_01,38.29,0.512,425.12,Multivariate Telemetry Anomaly,-0.0022
2026-06-15 11:30:00,Site_B,Bldg_B2,Meter_Bldg_B2_01,39.11,0.611,449.25,Multivariate Telemetry Anomaly,-0.0187
2026-06-15 11:45:00,Site_B,Bldg_B2,Meter_Bldg_B2_01,38.08,0.652,447.03,Multivariate Telemetry Anomaly,-0.0144
2026-06-15 12:15:00,Site_B,Bldg_B2,Meter_Bldg_B2_01,38.45,0.612,460.77,Multivariate Telemetry Anomaly,-0.0111
2026-06-15 12:30:00,Site_B,Bldg_B2,Meter_Bldg_B2_01,38.99,0.656,462.25,Multivariate Telemetry Anomaly,-0.0193
2026-06-15 12:45:00,Site_B,Bldg_B2,Meter_Bldg_B2_01,38.75,0.64,462.56,Multivariate Telemetry Anomaly,-0.0245
2026-06-15 13:00:00,Site_B,Bldg_B2,Meter_Bldg_B2_01,38.23,0.627,465.42,Multivariate Telemetry Anomaly,-0.0108
2026-06-15 13:15:00,Site_B,Bldg_B2,Meter_Bldg_B2_01,37.31,0.677,457.7,Multivariate Telemetry Anomaly,-0.0208
2026-06-15 13:45:00,Site_B,Bldg_B2,Meter_Bldg_B2_01,38.15,0.571,467.57,Multivariate Telemetry Anomaly,-0.0006
2026-06-15 14:00:00,Site_B,Bldg_B2,Meter_Bldg_B2_01,37.9,0.692,459.74,Multivariate Telemetry Anomaly,-0.0186
2026-06-15 14:15:00,Site_B,Bldg_B2,Meter_Bldg_B2_01,37.99,0.544,458.01,Multivariate Telemetry Anomaly,-0.0341
2026-06-15 14:30:00,Site_B,Bldg_B2,Meter_Bldg_B2_01,38.12,0.527,460.45,Multivariate Telemetry Anomaly,-0.0062
2026-06-15 14:45:00,Site_B,Bldg_B2,Meter_Bldg_B2_01,38.62,0.611,461.23,Multivariate Telemetry Anomaly,-0.0057
2026-06-15 15:00:00,Site_B,Bldg_B2,Meter_Bldg_B2_01,37.76,0.578,441.79,Multivariate Telemetry Anomaly,-0.0018
2026-06-15 15:15:00,Site_B,Bldg_B2,Meter_Bldg_B2_01,38.45,0.457,445.65,Multivariate Telemetry Anomaly,-0.0035
2026-06-15 15:30:00,Site_B,Bldg_B2,Meter_Bldg_B2_01,38.54,0.581,448.86,Multivariate Telemetry Anomaly,-0.0064
2026-06-16 09:15:00,Site_B,Bldg_B2,Meter_Bldg_B2_01,38.1,0.572,400.83,Multivariate Telemetry Anomaly,-0.0046
2026-06-16 09:45:00,Site_B,Bldg_B2,Meter_Bldg_B2_01,38.68,0.523,404.89,Multivariate Telemetry Anomaly,-0.0098
2026-06-16 10:15:00,Site_B,Bldg_B2,Meter_Bldg_B2_01,38.08,0.543,426.26,Multivariate Telemetry Anomaly,-0.0144
2026-06-16 11:00:00,Site_B,Bldg_B2,Meter_Bldg_B2_01,38.05,0.661,446.05,Multivariate Telemetry Anomaly,-0.0216
2026-06-16 11:30:00,Site_B,Bldg_B2,Meter_Bldg_B2_01,38.48,0.508,450.71,Multivariate Telemetry Anomaly,-0.0092
2026-06-16 11:45:00,Site_B,Bldg_B2,Meter_Bldg_B2_01,38.84,0.577,449.12,Multivariate Telemetry Anomaly,-0.0014
2026-06-16 12:00:00,Site_B,Bldg_B2,Meter_Bldg_B2_01,38.37,0.638,457.38,Multivariate Telemetry Anomaly,-0.0175
2026-06-16 12:15:00,Site_B,Bldg_B2,Meter_Bldg_B2_01,38.7,0.551,463.64,Multivariate Telemetry Anomaly,-0.0254
2026-06-16 12:30:00,Site_B,Bldg_B2,Meter_Bldg_B2_01,38.85,0.624,462.37,Multivariate Telemetry Anomaly,-0.0225
2026-06-16 12:45:00,Site_B,Bldg_B2,Meter_Bldg_B2_01,38.98,0.677,461.13,Multivariate Telemetry Anomaly,-0.0338
2026-06-16 13:15:00,Site_B,Bldg_B2,Meter_Bldg_B2_01,38.02,0.558,462.59,Multivariate Telemetry Anomaly,-0.0029
2026-06-16 13:45:00,Site_B,Bldg_B2,Meter_Bldg_B2_01,38.39,0.615,464.3,Multivariate Telemetry Anomaly,-0.0144
2026-06-16 14:00:00,Site_B,Bldg_B2,Meter_Bldg_B2_01,37.84,0.611,460.3,Multivariate Telemetry Anomaly,-0.0052
2026-06-16 14:15:00,Site_B,Bldg_B2,Meter_Bldg_B2_01,38.62,0.56,463.18,Multivariate Telemetry Anomaly,-0.0301
2026-06-16 14:30:00,Site_B,Bldg_B2,Meter_Bldg_B2_01,38.53,0.588,462.45,Multivariate Telemetry Anomaly,-0.0105
2026-06-16 14:45:00,Site_B,Bldg_B2,Meter_Bldg_B2_01,38.45,0.65,461.65,Multivariate Telemetry Anomaly,-0.017
2026-06-16 15:15:00,Site_B,Bldg_B2,Meter_Bldg_B2_01,38.57,0.69,449.26,Multivariate Telemetry Anomaly,-0.0119
2026-06-17 09:00:00,Site_B,Bldg_B2,Meter_Bldg_B2_01,38.15,0.525,398.94,Multivariate Telemetry Anomaly,-0.0318
2026-06-17 09:30:00,Site_B,Bldg_B2,Meter_Bldg_B2_01,39.15,0.62,403.48,Multivariate Telemetry Anomaly,-0.0042
2026-06-17 10:15:00,Site_B,Bldg_B2,Meter_Bldg_B2_01,38.47,0.57,428.46,Multivariate Telemetry Anomaly,-0.0025
2026-06-17 10:30:00,Site_B,Bldg_B2,Meter_Bldg_B2_01,39.0,0.529,428.73,Multivariate Telemetry Anomaly,-0.0068
2026-06-17 11:15:00,Site_B,Bldg_B2,Meter_Bldg_B2_01,39.03,0.601,448.69,Multivariate Telemetry Anomaly,-0.0055
2026-06-17 11:30:00,Site_B,Bldg_B2,Meter_Bldg_B2_01,37.7,0.598,444.95,Multivariate Telemetry Anomaly,-0.0059
2026-06-17 12:15:00,Site_B,Bldg_B2,Meter_Bldg_B2_01,38.79,0.555,463.57,Multivariate Telemetry Anomaly,-0.0391
2026-06-17 12:30:00,Site_B,Bldg_B2,Meter_Bldg_B2_01,38.33,0.53,463.07,Multivariate Telemetry Anomaly,-0.0099
2026-06-17 13:00:00,Site_B,Bldg_B2,Meter_Bldg_B2_01,39.49,0.578,470.48,Multivariate Telemetry Anomaly,-0.0244
2026-06-17 13:15:00,Site_B,Bldg_B2,Meter_Bldg_B2_01,39.52,0.596,470.16,Multivariate Telemetry Anomaly,-0.0331
2026-06-17 13:30:00,Site_B,Bldg_B2,Meter_Bldg_B2_01,39.03,0.631,468.55,Multivariate Telemetry Anomaly,-0.0287
2026-06-17 13:45:00,Site_B,Bldg_B2,Meter_Bldg_B2_01,38.48,0.6,462.01,Multivariate Telemetry Anomaly,-0.0018
2026-06-17 14:00:00,Site_B,Bldg_B2,Meter_Bldg_B2_01,36.93,0.54,454.43,Multivariate Telemetry Anomaly,-0.0076
2026-06-17 14:15:00,Site_B,Bldg_B2,Meter_Bldg_B2_01,37.85,0.559,456.38,Multivariate Telemetry Anomaly,-0.0149
2026-06-17 14:30:00,Site_B,Bldg_B2,Meter_Bldg_B2_01,38.77,0.612,465.25,Multivariate Telemetry Anomaly,-0.0106
2026-06-17 14:45:00,Site_B,Bldg_B2,Meter_Bldg_B2_01,37.83,0.509,456.96,Multivariate Telemetry Anomaly,-0.0315
2026-06-17 15:30:00,Site_B,Bldg_B2,Meter_Bldg_B2_01,37.98,0.535,441.04,Multivariate Telemetry Anomaly,-0.0011
2026-06-17 16:30:00,Site_B,Bldg_B2,Meter_Bldg_B2_01,37.37,0.661,422.9,Multivariate Telemetry Anomaly,-0.0159
2026-06-18 09:00:00,Site_B,Bldg_B2,Meter_Bldg_B2_01,38.15,0.545,397.81,Multivariate Telemetry Anomaly,-0.0114
2026-06-18 10:00:00,Site_B,Bldg_B2,Meter_Bldg_B2_01,38.26,0.583,425.31,Multivariate Telemetry Anomaly,-0.0047
2026-06-18 10:30:00,Site_B,Bldg_B2,Meter_Bldg_B2_01,38.55,0.623,429.92,Multivariate Telemetry Anomaly,-0.0209
2026-06-18 11:00:00,Site_B,Bldg_B2,Meter_Bldg_B2_01,37.5,0.64,445.1,Multivariate Telemetry Anomaly,-0.0037
2026-06-18 11:15:00,Site_B,Bldg_B2,Meter_Bldg_B2_01,38.16,0.582,447.83,Multivariate Telemetry Anomaly,-0.0242
2026-06-18 11:30:00,Site_B,Bldg_B2,Meter_Bldg_B2_01,38.38,0.619,444.98,Multivariate Telemetry Anomaly,-0.012
2026-06-18 11:45:00,Site_B,Bldg_B2,Meter_Bldg_B2_01,39.62,0.54,452.12,Multivariate Telemetry Anomaly,-0.0227
2026-06-18 12:00:00,Site_B,Bldg_B2,Meter_Bldg_B2_01,39.15,0.547,463.02,Multivariate Telemetry Anomaly,-0.0169
2026-06-18 12:15:00,Site_B,Bldg_B2,Meter_Bldg_B2_01,37.55,0.542,454.86,Multivariate Telemetry Anomaly,-0.008
2026-06-18 12:30:00,Site_B,Bldg_B2,Meter_Bldg_B2_01,37.96,0.523,458.24,Multivariate Telemetry Anomaly,-0.0233
2026-06-18 12:45:00,Site_B,Bldg_B2,Meter_Bldg_B2_01,38.96,0.613,463.35,Multivariate Telemetry Anomaly,-0.0362
2026-06-18 13:00:00,Site_B,Bldg_B2,Meter_Bldg_B2_01,38.82,0.489,465.12,Multivariate Telemetry Anomaly,-0.0181
2026-06-18 13:15:00,Site_B,Bldg_B2,Meter_Bldg_B2_01,38.75,0.61,463.11,Multivariate Telemetry Anomaly,-0.0152
2026-06-18 13:30:00,Site_B,Bldg_B2,Meter_Bldg_B2_01,38.82,0.566,467.7,Multivariate Telemetry Anomaly,-0.0161
2026-06-18 14:00:00,Site_B,Bldg_B2,Meter_Bldg_B2_01,38.68,0.591,460.21,Multivariate Telemetry Anomaly,-0.0332
2026-06-18 14:15:00,Site_B,Bldg_B2,Meter_Bldg_B2_01,38.61,0.518,465.34,Multivariate Telemetry Anomaly,-0.0191
2026-06-18 14:30:00,Site_B,Bldg_B2,Meter_Bldg_B2_01,38.84,0.604,465.43,Multivariate Telemetry Anomaly,-0.0084
2026-06-18 14:45:00,Site_B,Bldg_B2,Meter_Bldg_B2_01,38.72,0.596,463.1,Multivariate Telemetry Anomaly,-0.0214
2026-06-18 15:15:00,Site_B,Bldg_B2,Meter_Bldg_B2_01,38.7,0.617,449.6,Multivariate Telemetry Anomaly,-0.0171
2026-06-18 15:45:00,Site_B,Bldg_B2,Meter_Bldg_B2_01,38.4,0.668,447.89,Multivariate Telemetry Anomaly,-0.0269
2026-06-19 09:45:00,Site_B,Bldg_B2,Meter_Bldg_B2_01,38.14,0.521,397.79,Multivariate Telemetry Anomaly,-0.0034
2026-06-19 10:00:00,Site_B,Bldg_B2,Meter_Bldg_B2_01,38.61,0.617,425.18,Multivariate Telemetry Anomaly,-0.0059
2026-06-19 11:00:00,Site_B,Bldg_B2,Meter_Bldg_B2_01,38.79,0.594,450.21,Multivariate Telemetry Anomaly,-0.0004
2026-06-19 11:30:00,Site_B,Bldg_B2,Meter_Bldg_B2_01,39.21,0.642,455.23,Multivariate Telemetry Anomaly,-0.0301
2026-06-19 11:45:00,Site_B,Bldg_B2,Meter_Bldg_B2_01,39.15,0.656,453.52,Multivariate Telemetry Anomaly,-0.018
2026-06-19 12:00:00,Site_B,Bldg_B2,Meter_Bldg_B2_01,38.26,0.575,458.11,Multivariate Telemetry Anomaly,-0.0173
2026-06-19 12:15:00,Site_B,Bldg_B2,Meter_Bldg_B2_01,37.9,0.583,458.21,Multivariate Telemetry Anomaly,-0.0124
2026-06-19 12:30:00,Site_B,Bldg_B2,Meter_Bldg_B2_01,39.16,0.561,467.16,Multivariate Telemetry Anomaly,-0.0236
2026-06-19 12:45:00,Site_B,Bldg_B2,Meter_Bldg_B2_01,38.68,0.62,463.24,Multivariate Telemetry Anomaly,-0.0195
2026-06-19 13:00:00,Site_B,Bldg_B2,Meter_Bldg_B2_01,37.52,0.65,458.77,Multivariate Telemetry Anomaly,-0.0135
2026-06-19 13:15:00,Site_B,Bldg_B2,Meter_Bldg_B2_01,38.53,0.586,465.21,Multivariate Telemetry Anomaly,-0.0134
2026-06-19 13:30:00,Site_B,Bldg_B2,Meter_Bldg_B2_01,37.72,0.686,463.06,Multivariate Telemetry Anomaly,-0.0081
2026-06-19 13:45:00,Site_B,Bldg_B2,Meter_Bldg_B2_01,38.53,0.555,463.61,Multivariate Telemetry Anomaly,-0.0337
2026-06-19 14:00:00,Site_B,Bldg_B2,Meter_Bldg_B2_01,37.11,0.591,455.87,Multivariate Telemetry Anomaly,-0.0062
2026-06-19 14:15:00,Site_B,Bldg_B2,Meter_Bldg_B2_01,36.69,0.636,456.25,Multivariate Telemetry Anomaly,-0.0081
2026-06-19 14:30:00,Site_B,Bldg_B2,Meter_Bldg_B2_01,38.05,0.621,461.48,Multivariate Telemetry Anomaly,-0.007
2026-06-19 14:45:00,Site_B,Bldg_B2,Meter_Bldg_B2_01,38.01,0.568,460.66,Multivariate Telemetry Anomaly,-0.013
2026-06-19 15:15:00,Site_B,Bldg_B2,Meter_Bldg_B2_01,37.75,0.661,444.09,Multivariate Telemetry Anomaly,-0.0139
2026-06-19 15:30:00,Site_B,Bldg_B2,Meter_Bldg_B2_01,37.67,0.656,445.48,Multivariate Telemetry Anomaly,-0.0029
2026-06-19 15:45:00,Site_B,Bldg_B2,Meter_Bldg_B2_01,37.72,0.618,446.31,Multivariate Telemetry Anomaly,-0.0011
2026-06-19 16:15:00,Site_B,Bldg_B2,Meter_Bldg_B2_01,37.56,0.518,419.32,Multivariate Telemetry Anomaly,-0.0078
2026-06-19 17:00:00,Site_B,Bldg_B2,Meter_Bldg_B2_01,38.72,0.561,397.38,Multivariate Telemetry Anomaly,-0.0065
2026-06-22 09:00:00,Site_B,Bldg_B2,Meter_Bldg_B2_01,39.01,0.621,404.74,Multivariate Telemetry Anomaly,-0.0057
2026-06-22 10:00:00,Site_B,Bldg_B2,Meter_Bldg_B2_01,38.3,0.533,425.16,Multivariate Telemetry Anomaly,-0.0098
2026-06-22 10:30:00,Site_B,Bldg_B2,Meter_Bldg_B2_01,38.26,0.48,426.6,Multivariate Telemetry Anomaly,-0.008
2026-06-22 10:45:00,Site_B,Bldg_B2,Meter_Bldg_B2_01,37.34,0.518,422.55,Multivariate Telemetry Anomaly,-0.0076
2026-06-22 11:00:00,Site_B,Bldg_B2,Meter_Bldg_B2_01,37.56,0.61,442.66,Multivariate Telemetry Anomaly,-0.0051
2026-06-22 11:15:00,Site_B,Bldg_B2,Meter_Bldg_B2_01,38.48,0.576,450.95,Multivariate Telemetry Anomaly,-0.0127
2026-06-22 11:30:00,Site_B,Bldg_B2,Meter_Bldg_B2_01,37.67,0.555,443.44,Multivariate Telemetry Anomaly,-0.0086
2026-06-22 11:45:00,Site_B,Bldg_B2,Meter_Bldg_B2_01,38.23,0.496,446.35,Multivariate Telemetry Anomaly,-0.0073
2026-06-22 12:00:00,Site_B,Bldg_B2,Meter_Bldg_B2_01,38.48,0.651,461.01,Multivariate Telemetry Anomaly,-0.0256
2026-06-22 12:15:00,Site_B,Bldg_B2,Meter_Bldg_B2_01,38.63,0.676,462.5,Multivariate Telemetry Anomaly,-0.0136
2026-06-22 12:30:00,Site_B,Bldg_B2,Meter_Bldg_B2_01,38.87,0.558,463.23,Multivariate Telemetry Anomaly,-0.026
2026-06-22 13:00:00,Site_B,Bldg_B2,Meter_Bldg_B2_01,38.52,0.64,466.21,Multivariate Telemetry Anomaly,-0.0361
2026-06-22 13:15:00,Site_B,Bldg_B2,Meter_Bldg_B2_01,38.77,0.651,464.38,Multivariate Telemetry Anomaly,-0.0296
2026-06-22 13:30:00,Site_B,Bldg_B2,Meter_Bldg_B2_01,39.03,0.589,466.67,Multivariate Telemetry Anomaly,-0.0598
2026-06-22 13:45:00,Site_B,Bldg_B2,Meter_Bldg_B2_01,38.49,0.607,466.13,Multivariate Telemetry Anomaly,-0.0256
2026-06-22 14:00:00,Site_B,Bldg_B2,Meter_Bldg_B2_01,38.39,0.683,458.2,Multivariate Telemetry Anomaly,-0.0158
2026-06-22 14:15:00,Site_B,Bldg_B2,Meter_Bldg_B2_01,38.0,0.682,454.74,Multivariate Telemetry Anomaly,-0.0089
2026-06-22 14:45:00,Site_B,Bldg_B2,Meter_Bldg_B2_01,38.3,0.627,460.55,Multivariate Telemetry Anomaly,-0.0239
2026-06-22 15:00:00,Site_B,Bldg_B2,Meter_Bldg_B2_01,37.7,0.687,445.94,Multivariate Telemetry Anomaly,-0.0188
2026-06-23 10:00:00,Site_B,Bldg_B2,Meter_Bldg_B2_01,37.87,0.643,420.56,Multivariate Telemetry Anomaly,-0.0015
2026-06-23 10:15:00,Site_B,Bldg_B2,Meter_Bldg_B2_01,39.71,0.597,429.31,Multivariate Telemetry Anomaly,-0.0052
2026-06-23 10:45:00,Site_B,Bldg_B2,Meter_Bldg_B2_01,38.96,0.528,430.11,Multivariate Telemetry Anomaly,-0.04
2026-06-23 11:00:00,Site_B,Bldg_B2,Meter_Bldg_B2_01,38.37,0.629,446.86,Multivariate Telemetry Anomaly,-0.02
2026-06-23 11:15:00,Site_B,Bldg_B2,Meter_Bldg_B2_01,38.89,0.617,447.08,Multivariate Telemetry Anomaly,-0.0112
2026-06-23 11:30:00,Site_B,Bldg_B2,Meter_Bldg_B2_01,38.77,0.618,450.04,Multivariate Telemetry Anomaly,-0.0281
2026-06-23 11:45:00,Site_B,Bldg_B2,Meter_Bldg_B2_01,38.47,0.614,448.02,Multivariate Telemetry Anomaly,-0.0174
2026-06-23 12:00:00,Site_B,Bldg_B2,Meter_Bldg_B2_01,38.68,0.596,462.64,Multivariate Telemetry Anomaly,-0.0072
2026-06-23 12:15:00,Site_B,Bldg_B2,Meter_Bldg_B2_01,38.21,0.641,467.13,Multivariate Telemetry Anomaly,-0.0113
2026-06-23 12:30:00,Site_B,Bldg_B2,Meter_Bldg_B2_01,40.28,0.595,470.89,Multivariate Telemetry Anomaly,-0.0148
2026-06-23 12:45:00,Site_B,Bldg_B2,Meter_Bldg_B2_01,39.61,0.595,467.09,Multivariate Telemetry Anomaly,-0.0257
2026-06-23 13:00:00,Site_B,Bldg_B2,Meter_Bldg_B2_01,38.39,0.563,466.62,Multivariate Telemetry Anomaly,-0.003
2026-06-23 13:15:00,Site_B,Bldg_B2,Meter_Bldg_B2_01,38.21,0.543,463.58,Multivariate Telemetry Anomaly,-0.0097
2026-06-23 13:30:00,Site_B,Bldg_B2,Meter_Bldg_B2_01,38.9,0.613,466.63,Multivariate Telemetry Anomaly,-0.0277
2026-06-23 13:45:00,Site_B,Bldg_B2,Meter_Bldg_B2_01,38.44,0.574,465.58,Multivariate Telemetry Anomaly,-0.0147
2026-06-23 14:00:00,Site_B,Bldg_B2,Meter_Bldg_B2_01,38.4,0.678,458.94,Multivariate Telemetry Anomaly,-0.0378
2026-06-23 14:15:00,Site_B,Bldg_B2,Meter_Bldg_B2_01,38.04,0.591,456.67,Multivariate Telemetry Anomaly,-0.0448
2026-06-23 14:30:00,Site_B,Bldg_B2,Meter_Bldg_B2_01,37.64,0.632,455.62,Multivariate Telemetry Anomaly,-0.0141
2026-06-23 14:45:00,Site_B,Bldg_B2,Meter_Bldg_B2_01,37.89,0.638,456.21,Multivariate Telemetry Anomaly,-0.0049
2026-06-23 15:00:00,Site_B,Bldg_B2,Meter_Bldg_B2_01,37.53,0.572,442.06,Multivariate Telemetry Anomaly,-0.0347
2026-06-23 15:15:00,Site_B,Bldg_B2,Meter_Bldg_B2_01,37.92,0.542,447.78,Multivariate Telemetry Anomaly,-0.0172
2026-06-23 15:30:00,Site_B,Bldg_B2,Meter_Bldg_B2_01,37.69,0.697,444.53,Multivariate Telemetry Anomaly,-0.0065
2026-06-23 16:15:00,Site_B,Bldg_B2,Meter_Bldg_B2_01,37.08,0.56,418.6,Multivariate Telemetry Anomaly,-0.0006
2026-06-24 10:00:00,Site_B,Bldg_B2,Meter_Bldg_B2_01,38.67,0.578,428.34,Multivariate Telemetry Anomaly,-0.007
2026-06-24 10:30:00,Site_B,Bldg_B2,Meter_Bldg_B2_01,39.12,0.611,429.26,Multivariate Telemetry Anomaly,-0.0089
2026-06-24 10:45:00,Site_B,Bldg_B2,Meter_Bldg_B2_01,38.74,0.6,432.29,Multivariate Telemetry Anomaly,-0.0194
2026-06-24 11:00:00,Site_B,Bldg_B2,Meter_Bldg_B2_01,38.26,0.624,444.35,Multivariate Telemetry Anomaly,-0.0056
2026-06-24 11:30:00,Site_B,Bldg_B2,Meter_Bldg_B2_01,36.96,0.577,437.37,Multivariate Telemetry Anomaly,-0.0029
2026-06-24 12:00:00,Site_B,Bldg_B2,Meter_Bldg_B2_01,38.42,0.533,462.49,Multivariate Telemetry Anomaly,-0.035
2026-06-24 12:15:00,Site_B,Bldg_B2,Meter_Bldg_B2_01,38.86,0.613,462.83,Multivariate Telemetry Anomaly,-0.008
2026-06-24 12:45:00,Site_B,Bldg_B2,Meter_Bldg_B2_01,38.9,0.586,462.08,Multivariate Telemetry Anomaly,-0.0035
2026-06-24 13:00:00,Site_B,Bldg_B2,Meter_Bldg_B2_01,39.1,0.496,468.9,Multivariate Telemetry Anomaly,-0.0261
2026-06-24 13:15:00,Site_B,Bldg_B2,Meter_Bldg_B2_01,38.95,0.582,465.06,Multivariate Telemetry Anomaly,-0.0235
2026-06-24 13:45:00,Site_B,Bldg_B2,Meter_Bldg_B2_01,38.38,0.57,463.84,Multivariate Telemetry Anomaly,-0.0115
2026-06-24 14:00:00,Site_B,Bldg_B2,Meter_Bldg_B2_01,38.69,0.61,463.88,Multivariate Telemetry Anomaly,-0.0249
2026-06-24 14:15:00,Site_B,Bldg_B2,Meter_Bldg_B2_01,38.76,0.609,458.5,Multivariate Telemetry Anomaly,-0.0045
2026-06-24 14:45:00,Site_B,Bldg_B2,Meter_Bldg_B2_01,37.96,0.656,461.15,Multivariate Telemetry Anomaly,-0.01
2026-06-24 15:00:00,Site_B,Bldg_B2,Meter_Bldg_B2_01,37.75,0.634,445.32,Multivariate Telemetry Anomaly,-0.0335
2026-06-24 15:30:00,Site_B,Bldg_B2,Meter_Bldg_B2_01,37.66,0.604,445.14,Multivariate Telemetry Anomaly,-0.0103
2026-06-24 15:45:00,Site_B,Bldg_B2,Meter_Bldg_B2_01,38.8,0.623,447.45,Multivariate Telemetry Anomaly,-0.0268
2026-06-24 16:15:00,Site_B,Bldg_B2,Meter_Bldg_B2_01,36.87,0.629,416.65,Multivariate Telemetry Anomaly,-0.0018
2026-06-25 09:15:00,Site_B,Bldg_B2,Meter_Bldg_B2_01,38.18,0.486,401.4,Multivariate Telemetry Anomaly,-0.0077
2026-06-25 09:30:00,Site_B,Bldg_B2,Meter_Bldg_B2_01,38.61,0.542,401.39,Multivariate Telemetry Anomaly,-0.0129
2026-06-25 10:00:00,Site_B,Bldg_B2,Meter_Bldg_B2_01,38.45,0.587,426.05,Multivariate Telemetry Anomaly,-0.0028
2026-06-25 10:30:00,Site_B,Bldg_B2,Meter_Bldg_B2_01,38.24,0.647,425.43,Multivariate Telemetry Anomaly,-0.0272
2026-06-25 11:00:00,Site_B,Bldg_B2,Meter_Bldg_B2_01,37.97,0.628,447.35,Multivariate Telemetry Anomaly,-0.0208
2026-06-25 11:15:00,Site_B,Bldg_B2,Meter_Bldg_B2_01,38.27,0.501,446.72,Multivariate Telemetry Anomaly,-0.0044
2026-06-25 11:30:00,Site_B,Bldg_B2,Meter_Bldg_B2_01,38.87,0.658,445.09,Multivariate Telemetry Anomaly,-0.0096
2026-06-25 11:45:00,Site_B,Bldg_B2,Meter_Bldg_B2_01,38.04,0.613,447.34,Multivariate Telemetry Anomaly,-0.0268
2026-06-25 12:00:00,Site_B,Bldg_B2,Meter_Bldg_B2_01,37.99,0.557,457.12,Multivariate Telemetry Anomaly,-0.0007
2026-06-25 12:15:00,Site_B,Bldg_B2,Meter_Bldg_B2_01,38.12,0.615,458.49,Multivariate Telemetry Anomaly,-0.0117
2026-06-25 12:30:00,Site_B,Bldg_B2,Meter_Bldg_B2_01,39.8,0.658,466.36,Multivariate Telemetry Anomaly,-0.0423
2026-06-25 12:45:00,Site_B,Bldg_B2,Meter_Bldg_B2_01,38.37,0.536,460.73,Multivariate Telemetry Anomaly,-0.0279
2026-06-25 13:00:00,Site_B,Bldg_B2,Meter_Bldg_B2_01,39.32,0.604,471.11,Multivariate Telemetry Anomaly,-0.0256
2026-06-25 13:15:00,Site_B,Bldg_B2,Meter_Bldg_B2_01,39.15,0.58,467.64,Multivariate Telemetry Anomaly,-0.024
2026-06-25 13:30:00,Site_B,Bldg_B2,Meter_Bldg_B2_01,38.32,0.65,465.37,Multivariate Telemetry Anomaly,-0.0196
2026-06-25 13:45:00,Site_B,Bldg_B2,Meter_Bldg_B2_01,38.97,0.582,466.87,Multivariate Telemetry Anomaly,-0.0388
2026-06-25 14:00:00,Site_B,Bldg_B2,Meter_Bldg_B2_01,38.97,0.65,464.27,Multivariate Telemetry Anomaly,-0.0325
2026-06-25 14:15:00,Site_B,Bldg_B2,Meter_Bldg_B2_01,38.89,0.603,465.28,Multivariate Telemetry Anomaly,-0.0084
2026-06-25 14:45:00,Site_B,Bldg_B2,Meter_Bldg_B2_01,38.36,0.689,459.43,Multivariate Telemetry Anomaly,-0.0129
2026-06-25 15:45:00,Site_B,Bldg_B2,Meter_Bldg_B2_01,38.42,0.565,448.82,Multivariate Telemetry Anomaly,-0.0022
2026-06-25 16:45:00,Site_B,Bldg_B2,Meter_Bldg_B2_01,37.27,0.609,423.78,Multivariate Telemetry Anomaly,-0.0124
2026-06-26 09:00:00,Site_B,Bldg_B2,Meter_Bldg_B2_01,38.59,0.504,402.55,Multivariate Telemetry Anomaly,-0.0027
2026-06-26 10:00:00,Site_B,Bldg_B2,Meter_Bldg_B2_01,38.06,0.57,424.6,Multivariate Telemetry Anomaly,-0.0058
2026-06-26 10:15:00,Site_B,Bldg_B2,Meter_Bldg_B2_01,37.54,0.629,425.47,Multivariate Telemetry Anomaly,-0.0045
2026-06-26 10:30:00,Site_B,Bldg_B2,Meter_Bldg_B2_01,39.04,0.636,428.97,Multivariate Telemetry Anomaly,-0.0193
2026-06-26 11:00:00,Site_B,Bldg_B2,Meter_Bldg_B2_01,38.96,0.582,449.77,Multivariate Telemetry Anomaly,-0.0117
2026-06-26 11:15:00,Site_B,Bldg_B2,Meter_Bldg_B2_01,38.78,0.641,449.21,Multivariate Telemetry Anomaly,-0.0427
2026-06-26 11:30:00,Site_B,Bldg_B2,Meter_Bldg_B2_01,38.14,0.519,447.64,Multivariate Telemetry Anomaly,-0.0543
2026-06-26 11:45:00,Site_B,Bldg_B2,Meter_Bldg_B2_01,38.28,0.605,447.7,Multivariate Telemetry Anomaly,-0.0007
2026-06-26 12:00:00,Site_B,Bldg_B2,Meter_Bldg_B2_01,38.1,0.563,455.4,Multivariate Telemetry Anomaly,-0.0015
2026-06-26 12:30:00,Site_B,Bldg_B2,Meter_Bldg_B2_01,38.23,0.614,461.08,Multivariate Telemetry Anomaly,-0.0137
2026-06-26 12:45:00,Site_B,Bldg_B2,Meter_Bldg_B2_01,38.26,0.577,457.48,Multivariate Telemetry Anomaly,-0.0069
2026-06-26 13:00:00,Site_B,Bldg_B2,Meter_Bldg_B2_01,37.95,0.661,464.53,Multivariate Telemetry Anomaly,-0.0282
2026-06-26 13:15:00,Site_B,Bldg_B2,Meter_Bldg_B2_01,38.93,0.62,466.91,Multivariate Telemetry Anomaly,-0.0253
2026-06-26 13:30:00,Site_B,Bldg_B2,Meter_Bldg_B2_01,38.07,0.565,462.34,Multivariate Telemetry Anomaly,-0.0091
2026-06-26 13:45:00,Site_B,Bldg_B2,Meter_Bldg_B2_01,38.18,0.554,465.5,Multivariate Telemetry Anomaly,-0.0165
2026-06-26 14:00:00,Site_B,Bldg_B2,Meter_Bldg_B2_01,37.23,0.607,455.4,Multivariate Telemetry Anomaly,-0.0078
2026-06-26 14:15:00,Site_B,Bldg_B2,Meter_Bldg_B2_01,37.36,0.541,455.07,Multivariate Telemetry Anomaly,-0.0148
2026-06-26 14:30:00,Site_B,Bldg_B2,Meter_Bldg_B2_01,38.28,0.541,459.06,Multivariate Telemetry Anomaly,-0.0006
2026-06-26 14:45:00,Site_B,Bldg_B2,Meter_Bldg_B2_01,38.25,0.658,460.58,Multivariate Telemetry Anomaly,-0.0067
2026-06-26 15:15:00,Site_B,Bldg_B2,Meter_Bldg_B2_01,38.49,0.554,451.8,Multivariate Telemetry Anomaly,-0.018
2026-06-26 15:45:00,Site_B,Bldg_B2,Meter_Bldg_B2_01,37.24,0.597,444.95,Multivariate Telemetry Anomaly,-0.0026
2026-06-26 16:15:00,Site_B,Bldg_B2,Meter_Bldg_B2_01,37.59,0.658,419.35,Multivariate Telemetry Anomaly,-0.0122
2026-06-26 16:45:00,Site_B,Bldg_B2,Meter_Bldg_B2_01,37.12,0.56,421.65,Multivariate Telemetry Anomaly,-0.0016
2026-06-29 08:15:00,Site_B,Bldg_B2,Meter_Bldg_B2_01,38.42,0.553,374.51,Multivariate Telemetry Anomaly,-0.0155
2026-06-29 10:00:00,Site_B,Bldg_B2,Meter_Bldg_B2_01,37.41,0.526,418.84,Multivariate Telemetry Anomaly,-0.0027
2026-06-29 11:15:00,Site_B,Bldg_B2,Meter_Bldg_B2_01,39.68,0.606,453.53,Multivariate Telemetry Anomaly,-0.0189
2026-06-29 11:30:00,Site_B,Bldg_B2,Meter_Bldg_B2_01,37.65,0.702,446.0,Multivariate Telemetry Anomaly,-0.0078
2026-06-29 11:45:00,Site_B,Bldg_B2,Meter_Bldg_B2_01,38.49,0.594,444.78,Multivariate Telemetry Anomaly,-0.0245
2026-06-29 12:00:00,Site_B,Bldg_B2,Meter_Bldg_B2_01,38.29,0.696,458.14,Multivariate Telemetry Anomaly,-0.0168
2026-06-29 12:15:00,Site_B,Bldg_B2,Meter_Bldg_B2_01,38.95,0.538,460.17,Multivariate Telemetry Anomaly,-0.0355
2026-06-29 12:45:00,Site_B,Bldg_B2,Meter_Bldg_B2_01,38.3,0.636,458.83,Multivariate Telemetry Anomaly,-0.011
2026-06-29 13:00:00,Site_B,Bldg_B2,Meter_Bldg_B2_01,39.02,0.595,469.62,Multivariate Telemetry Anomaly,-0.0162
2026-06-29 13:15:00,Site_B,Bldg_B2,Meter_Bldg_B2_01,38.88,0.667,467.56,Multivariate Telemetry Anomaly,-0.0129
2026-06-29 13:30:00,Site_B,Bldg_B2,Meter_Bldg_B2_01,36.85,0.687,460.91,Multivariate Telemetry Anomaly,-0.0284
2026-06-29 13:45:00,Site_B,Bldg_B2,Meter_Bldg_B2_01,39.18,0.545,469.0,Multivariate Telemetry Anomaly,-0.0272
2026-06-29 14:00:00,Site_B,Bldg_B2,Meter_Bldg_B2_01,36.9,0.624,455.19,Multivariate Telemetry Anomaly,-0.0062
2026-06-29 14:15:00,Site_B,Bldg_B2,Meter_Bldg_B2_01,38.96,0.529,464.24,Multivariate Telemetry Anomaly,-0.0256
2026-06-29 14:30:00,Site_B,Bldg_B2,Meter_Bldg_B2_01,39.41,0.639,465.02,Multivariate Telemetry Anomaly,-0.0217
2026-06-29 14:45:00,Site_B,Bldg_B2,Meter_Bldg_B2_01,38.12,0.482,458.84,Multivariate Telemetry Anomaly,-0.0203
2026-06-29 15:15:00,Site_B,Bldg_B2,Meter_Bldg_B2_01,38.29,0.503,442.76,Multivariate Telemetry Anomaly,-0.0022
2026-06-29 15:45:00,Site_B,Bldg_B2,Meter_Bldg_B2_01,37.78,0.615,445.0,Multivariate Telemetry Anomaly,-0.0008
2026-06-29 16:45:00,Site_B,Bldg_B2,Meter_Bldg_B2_01,38.81,0.57,428.88,Multivariate Telemetry Anomaly,-0.0039
2026-06-30 09:15:00,Site_B,Bldg_B2,Meter_Bldg_B2_01,38.24,0.416,400.41,Multivariate Telemetry Anomaly,-0.0022
2026-06-30 10:45:00,Site_B,Bldg_B2,Meter_Bldg_B2_01,38.74,0.68,429.74,Multivariate Telemetry Anomaly,-0.0197
2026-06-30 11:00:00,Site_B,Bldg_B2,Meter_Bldg_B2_01,37.62,0.599,447.15,Multivariate Telemetry Anomaly,-0.0237
2026-06-30 11:15:00,Site_B,Bldg_B2,Meter_Bldg_B2_01,38.43,0.661,446.95,Multivariate Telemetry Anomaly,-0.0144
2026-06-30 11:30:00,Site_B,Bldg_B2,Meter_Bldg_B2_01,38.99,0.585,450.46,Multivariate Telemetry Anomaly,-0.0038
2026-06-30 11:45:00,Site_B,Bldg_B2,Meter_Bldg_B2_01,38.99,0.56,448.84,Multivariate Telemetry Anomaly,-0.0036
2026-06-30 12:00:00,Site_B,Bldg_B2,Meter_Bldg_B2_01,38.68,0.62,463.16,Multivariate Telemetry Anomaly,-0.021
2026-06-30 12:15:00,Site_B,Bldg_B2,Meter_Bldg_B2_01,39.56,0.641,465.08,Multivariate Telemetry Anomaly,-0.0294
2026-06-30 12:30:00,Site_B,Bldg_B2,Meter_Bldg_B2_01,38.79,0.629,463.11,Multivariate Telemetry Anomaly,-0.0178
2026-06-30 12:45:00,Site_B,Bldg_B2,Meter_Bldg_B2_01,38.61,0.532,465.43,Multivariate Telemetry Anomaly,-0.0294
2026-06-30 13:00:00,Site_B,Bldg_B2,Meter_Bldg_B2_01,38.19,0.644,464.5,Multivariate Telemetry Anomaly,-0.0198
2026-06-30 13:15:00,Site_B,Bldg_B2,Meter_Bldg_B2_01,38.12,0.584,464.52,Multivariate Telemetry Anomaly,-0.008
2026-06-30 13:30:00,Site_B,Bldg_B2,Meter_Bldg_B2_01,38.36,0.488,463.14,Multivariate Telemetry Anomaly,-0.0119
2026-06-30 13:45:00,Site_B,Bldg_B2,Meter_Bldg_B2_01,38.54,0.602,465.69,Multivariate Telemetry Anomaly,-0.0103
2026-06-30 14:00:00,Site_B,Bldg_B2,Meter_Bldg_B2_01,38.04,0.549,459.3,Multivariate Telemetry Anomaly,-0.0018
2026-06-30 14:15:00,Site_B,Bldg_B2,Meter_Bldg_B2_01,36.93,0.56,456.29,Multivariate Telemetry Anomaly,-0.0254
2026-06-30 14:30:00,Site_B,Bldg_B2,Meter_Bldg_B2_01,38.47,0.596,462.22,Multivariate Telemetry Anomaly,-0.0057
2026-06-30 14:45:00,Site_B,Bldg_B2,Meter_Bldg_B2_01,38.88,0.603,460.23,Multivariate Telemetry Anomaly,-0.0087
2026-06-30 15:00:00,Site_B,Bldg_B2,Meter_Bldg_B2_01,38.54,0.63,447.11,Multivariate Telemetry Anomaly,-0.009
2026-06-30 15:15:00,Site_B,Bldg_B2,Meter_Bldg_B2_01,38.39,0.574,444.96,Multivariate Telemetry Anomaly,-0.0018
2026-06-01 09:30:00,Site_C,Bldg_C1,Meter_Bldg_C1_01,38.92,0.524,402.07,Multivariate Telemetry Anomaly,-0.0004
2026-06-01 10:30:00,Site_C,Bldg_C1,Meter_Bldg_C1_01,38.52,0.632,430.15,Multivariate Telemetry Anomaly,-0.0098
2026-06-01 10:45:00,Site_C,Bldg_C1,Meter_Bldg_C1_01,38.05,0.618,427.07,Multivariate Telemetry Anomaly,-0.0042
2026-06-01 11:00:00,Site_C,Bldg_C1,Meter_Bldg_C1_01,38.51,0.603,443.24,Multivariate Telemetry Anomaly,-0.0091
2026-06-01 11:15:00,Site_C,Bldg_C1,Meter_Bldg_C1_01,38.64,0.613,452.23,Multivariate Telemetry Anomaly,-0.0204
2026-06-01 11:45:00,Site_C,Bldg_C1,Meter_Bldg_C1_01,38.68,0.623,449.3,Multivariate Telemetry Anomaly,-0.0227
2026-06-01 12:00:00,Site_C,Bldg_C1,Meter_Bldg_C1_01,38.13,0.595,461.06,Multivariate Telemetry Anomaly,-0.0065
2026-06-01 12:15:00,Site_C,Bldg_C1,Meter_Bldg_C1_01,38.61,0.714,463.17,Multivariate Telemetry Anomaly,-0.0327
2026-06-01 12:30:00,Site_C,Bldg_C1,Meter_Bldg_C1_01,38.47,0.622,463.0,Multivariate Telemetry Anomaly,-0.0132
2026-06-01 12:45:00,Site_C,Bldg_C1,Meter_Bldg_C1_01,39.21,0.552,465.66,Multivariate Telemetry Anomaly,-0.0472
2026-06-01 13:00:00,Site_C,Bldg_C1,Meter_Bldg_C1_01,39.14,0.622,471.83,Multivariate Telemetry Anomaly,-0.015
2026-06-01 13:15:00,Site_C,Bldg_C1,Meter_Bldg_C1_01,39.07,0.577,464.96,Multivariate Telemetry Anomaly,-0.0107
2026-06-01 13:30:00,Site_C,Bldg_C1,Meter_Bldg_C1_01,38.34,0.673,466.81,Multivariate Telemetry Anomaly,-0.01
2026-06-01 13:45:00,Site_C,Bldg_C1,Meter_Bldg_C1_01,38.64,0.582,465.89,Multivariate Telemetry Anomaly,-0.0141
2026-06-01 14:00:00,Site_C,Bldg_C1,Meter_Bldg_C1_01,38.59,0.486,464.36,Multivariate Telemetry Anomaly,-0.0474
2026-06-01 14:15:00,Site_C,Bldg_C1,Meter_Bldg_C1_01,38.25,0.702,463.1,Multivariate Telemetry Anomaly,-0.0457
2026-06-01 14:30:00,Site_C,Bldg_C1,Meter_Bldg_C1_01,37.93,0.619,455.98,Multivariate Telemetry Anomaly,-0.0129
2026-06-01 15:30:00,Site_C,Bldg_C1,Meter_Bldg_C1_01,37.83,0.559,447.13,Multivariate Telemetry Anomaly,-0.0011
2026-06-01 15:45:00,Site_C,Bldg_C1,Meter_Bldg_C1_01,38.68,0.611,447.84,Multivariate Telemetry Anomaly,-0.0149
2026-06-02 09:15:00,Site_C,Bldg_C1,Meter_Bldg_C1_01,39.3,0.588,402.76,Multivariate Telemetry Anomaly,-0.0129
2026-06-02 10:00:00,Site_C,Bldg_C1,Meter_Bldg_C1_01,38.28,0.519,426.21,Multivariate Telemetry Anomaly,-0.0378
2026-06-02 10:15:00,Site_C,Bldg_C1,Meter_Bldg_C1_01,38.89,0.603,428.35,Multivariate Telemetry Anomaly,-0.0062
2026-06-02 10:30:00,Site_C,Bldg_C1,Meter_Bldg_C1_01,37.03,0.532,420.01,Multivariate Telemetry Anomaly,-0.0034
2026-06-02 10:45:00,Site_C,Bldg_C1,Meter_Bldg_C1_01,38.34,0.656,423.58,Multivariate Telemetry Anomaly,-0.0017
2026-06-02 11:00:00,Site_C,Bldg_C1,Meter_Bldg_C1_01,38.56,0.445,448.77,Multivariate Telemetry Anomaly,-0.0418
2026-06-02 11:15:00,Site_C,Bldg_C1,Meter_Bldg_C1_01,38.62,0.637,444.55,Multivariate Telemetry Anomaly,-0.0176
2026-06-02 11:30:00,Site_C,Bldg_C1,Meter_Bldg_C1_01,38.19,0.634,445.86,Multivariate Telemetry Anomaly,-0.0148
2026-06-02 12:00:00,Site_C,Bldg_C1,Meter_Bldg_C1_01,39.64,0.553,465.21,Multivariate Telemetry Anomaly,-0.0191
2026-06-02 12:15:00,Site_C,Bldg_C1,Meter_Bldg_C1_01,37.75,0.524,459.84,Multivariate Telemetry Anomaly,-0.0125
2026-06-02 12:30:00,Site_C,Bldg_C1,Meter_Bldg_C1_01,38.24,0.498,463.58,Multivariate Telemetry Anomaly,-0.0376
2026-06-02 12:45:00,Site_C,Bldg_C1,Meter_Bldg_C1_01,38.41,0.617,460.61,Multivariate Telemetry Anomaly,-0.0235
2026-06-02 13:00:00,Site_C,Bldg_C1,Meter_Bldg_C1_01,38.23,0.605,464.88,Multivariate Telemetry Anomaly,-0.0057
2026-06-02 13:15:00,Site_C,Bldg_C1,Meter_Bldg_C1_01,38.69,0.632,465.93,Multivariate Telemetry Anomaly,-0.0226
2026-06-02 13:30:00,Site_C,Bldg_C1,Meter_Bldg_C1_01,40.29,0.713,473.67,Multivariate Telemetry Anomaly,-0.0442
2026-06-02 13:45:00,Site_C,Bldg_C1,Meter_Bldg_C1_01,37.85,0.58,460.49,Multivariate Telemetry Anomaly,-0.0025
2026-06-02 14:00:00,Site_C,Bldg_C1,Meter_Bldg_C1_01,39.13,0.603,464.19,Multivariate Telemetry Anomaly,-0.0158
2026-06-02 14:45:00,Site_C,Bldg_C1,Meter_Bldg_C1_01,38.59,0.558,461.14,Multivariate Telemetry Anomaly,-0.0012
2026-06-02 15:30:00,Site_C,Bldg_C1,Meter_Bldg_C1_01,37.9,0.567,444.27,Multivariate Telemetry Anomaly,-0.0088
2026-06-02 15:45:00,Site_C,Bldg_C1,Meter_Bldg_C1_01,37.48,0.602,443.64,Multivariate Telemetry Anomaly,-0.0007
2026-06-02 16:15:00,Site_C,Bldg_C1,Meter_Bldg_C1_01,37.04,0.525,419.44,Multivariate Telemetry Anomaly,-0.0012
2026-06-03 10:00:00,Site_C,Bldg_C1,Meter_Bldg_C1_01,38.37,0.654,424.43,Multivariate Telemetry Anomaly,-0.0098
2026-06-03 10:15:00,Site_C,Bldg_C1,Meter_Bldg_C1_01,38.74,0.598,425.53,Multivariate Telemetry Anomaly,-0.0163
2026-06-03 10:30:00,Site_C,Bldg_C1,Meter_Bldg_C1_01,37.34,0.598,421.75,Multivariate Telemetry Anomaly,-0.0063
2026-06-03 11:00:00,Site_C,Bldg_C1,Meter_Bldg_C1_01,39.43,0.639,453.14,Multivariate Telemetry Anomaly,-0.0303
2026-06-03 11:15:00,Site_C,Bldg_C1,Meter_Bldg_C1_01,38.31,0.687,445.72,Multivariate Telemetry Anomaly,-0.015
2026-06-03 11:45:00,Site_C,Bldg_C1,Meter_Bldg_C1_01,38.63,0.447,447.19,Multivariate Telemetry Anomaly,-0.021
2026-06-03 12:15:00,Site_C,Bldg_C1,Meter_Bldg_C1_01,38.58,0.549,460.86,Multivariate Telemetry Anomaly,-0.0141
2026-06-03 12:30:00,Site_C,Bldg_C1,Meter_Bldg_C1_01,37.98,0.622,458.98,Multivariate Telemetry Anomaly,-0.017
2026-06-03 12:45:00,Site_C,Bldg_C1,Meter_Bldg_C1_01,38.85,0.605,461.36,Multivariate Telemetry Anomaly,-0.0399
2026-06-03 13:00:00,Site_C,Bldg_C1,Meter_Bldg_C1_01,39.27,0.474,466.14,Multivariate Telemetry Anomaly,-0.0365
2026-06-03 13:15:00,Site_C,Bldg_C1,Meter_Bldg_C1_01,37.96,0.681,469.16,Multivariate Telemetry Anomaly,-0.0113
2026-06-03 13:30:00,Site_C,Bldg_C1,Meter_Bldg_C1_01,38.45,0.601,462.77,Multivariate Telemetry Anomaly,-0.01
2026-06-03 13:45:00,Site_C,Bldg_C1,Meter_Bldg_C1_01,38.42,0.601,462.04,Multivariate Telemetry Anomaly,-0.0001
2026-06-03 14:00:00,Site_C,Bldg_C1,Meter_Bldg_C1_01,38.55,0.614,462.61,Multivariate Telemetry Anomaly,-0.0016
2026-06-03 14:30:00,Site_C,Bldg_C1,Meter_Bldg_C1_01,38.67,0.611,458.71,Multivariate Telemetry Anomaly,-0.0061
2026-06-03 14:45:00,Site_C,Bldg_C1,Meter_Bldg_C1_01,37.74,0.614,458.02,Multivariate Telemetry Anomaly,-0.0066
2026-06-03 15:00:00,Site_C,Bldg_C1,Meter_Bldg_C1_01,37.88,0.558,447.81,Multivariate Telemetry Anomaly,-0.0128
2026-06-03 16:15:00,Site_C,Bldg_C1,Meter_Bldg_C1_01,38.1,0.53,423.95,Multivariate Telemetry Anomaly,-0.0057
2026-06-03 16:45:00,Site_C,Bldg_C1,Meter_Bldg_C1_01,36.51,0.609,420.81,Multivariate Telemetry Anomaly,-0.001
2026-06-04 08:15:00,Site_C,Bldg_C1,Meter_Bldg_C1_01,38.1,0.437,371.99,Multivariate Telemetry Anomaly,-0.0032
2026-06-04 09:15:00,Site_C,Bldg_C1,Meter_Bldg_C1_01,38.96,0.503,401.0,Multivariate Telemetry Anomaly,-0.0007
2026-06-04 09:45:00,Site_C,Bldg_C1,Meter_Bldg_C1_01,38.5,0.635,402.29,Multivariate Telemetry Anomaly,-0.0042
2026-06-04 11:00:00,Site_C,Bldg_C1,Meter_Bldg_C1_01,37.68,0.59,442.54,Multivariate Telemetry Anomaly,-0.0034
2026-06-04 11:15:00,Site_C,Bldg_C1,Meter_Bldg_C1_01,37.86,0.644,440.46,Multivariate Telemetry Anomaly,-0.0018
2026-06-04 12:00:00,Site_C,Bldg_C1,Meter_Bldg_C1_01,37.79,0.559,456.96,Multivariate Telemetry Anomaly,-0.0042
2026-06-04 12:15:00,Site_C,Bldg_C1,Meter_Bldg_C1_01,38.29,0.535,457.68,Multivariate Telemetry Anomaly,-0.0442
2026-06-04 12:30:00,Site_C,Bldg_C1,Meter_Bldg_C1_01,39.25,0.524,462.44,Multivariate Telemetry Anomaly,-0.0398
2026-06-04 12:45:00,Site_C,Bldg_C1,Meter_Bldg_C1_01,37.63,0.514,460.03,Multivariate Telemetry Anomaly,-0.0044
2026-06-04 13:00:00,Site_C,Bldg_C1,Meter_Bldg_C1_01,38.34,0.613,463.43,Multivariate Telemetry Anomaly,-0.0121
2026-06-04 13:15:00,Site_C,Bldg_C1,Meter_Bldg_C1_01,38.84,0.681,471.02,Multivariate Telemetry Anomaly,-0.0501
2026-06-04 13:45:00,Site_C,Bldg_C1,Meter_Bldg_C1_01,37.3,0.529,456.75,Multivariate Telemetry Anomaly,-0.035
2026-06-04 14:00:00,Site_C,Bldg_C1,Meter_Bldg_C1_01,38.5,0.67,462.17,Multivariate Telemetry Anomaly,-0.01
2026-06-04 14:30:00,Site_C,Bldg_C1,Meter_Bldg_C1_01,38.64,0.619,456.05,Multivariate Telemetry Anomaly,-0.0074
2026-06-04 14:45:00,Site_C,Bldg_C1,Meter_Bldg_C1_01,38.22,0.644,461.82,Multivariate Telemetry Anomaly,-0.0085
2026-06-04 15:00:00,Site_C,Bldg_C1,Meter_Bldg_C1_01,38.18,0.621,444.7,Multivariate Telemetry Anomaly,-0.0034
2026-06-04 15:15:00,Site_C,Bldg_C1,Meter_Bldg_C1_01,38.11,0.614,445.14,Multivariate Telemetry Anomaly,-0.0028
2026-06-04 15:30:00,Site_C,Bldg_C1,Meter_Bldg_C1_01,37.03,0.544,443.14,Multivariate Telemetry Anomaly,-0.0002
2026-06-04 15:45:00,Site_C,Bldg_C1,Meter_Bldg_C1_01,38.18,0.482,447.22,Multivariate Telemetry Anomaly,-0.0009
2026-06-05 09:30:00,Site_C,Bldg_C1,Meter_Bldg_C1_01,38.5,0.471,404.1,Multivariate Telemetry Anomaly,-0.0122
2026-06-05 10:30:00,Site_C,Bldg_C1,Meter_Bldg_C1_01,38.46,0.642,424.41,Multivariate Telemetry Anomaly,-0.0133
2026-06-05 10:45:00,Site_C,Bldg_C1,Meter_Bldg_C1_01,38.58,0.5,426.92,Multivariate Telemetry Anomaly,-0.0033
2026-06-05 11:00:00,Site_C,Bldg_C1,Meter_Bldg_C1_01,38.11,0.526,447.04,Multivariate Telemetry Anomaly,-0.0098
2026-06-05 11:15:00,Site_C,Bldg_C1,Meter_Bldg_C1_01,39.17,0.534,448.63,Multivariate Telemetry Anomaly,-0.0092
2026-06-05 11:45:00,Site_C,Bldg_C1,Meter_Bldg_C1_01,38.49,0.6,449.37,Multivariate Telemetry Anomaly,-0.0085
2026-06-05 12:00:00,Site_C,Bldg_C1,Meter_Bldg_C1_01,38.59,0.585,464.29,Multivariate Telemetry Anomaly,-0.0176
2026-06-05 12:15:00,Site_C,Bldg_C1,Meter_Bldg_C1_01,39.35,0.61,465.42,Multivariate Telemetry Anomaly,-0.0233
2026-06-05 12:30:00,Site_C,Bldg_C1,Meter_Bldg_C1_01,38.82,0.594,464.35,Multivariate Telemetry Anomaly,-0.0222
2026-06-05 12:45:00,Site_C,Bldg_C1,Meter_Bldg_C1_01,38.1,0.61,460.1,Multivariate Telemetry Anomaly,-0.0165
2026-06-05 13:00:00,Site_C,Bldg_C1,Meter_Bldg_C1_01,38.82,0.557,467.69,Multivariate Telemetry Anomaly,-0.0242
2026-06-05 13:15:00,Site_C,Bldg_C1,Meter_Bldg_C1_01,38.5,0.536,467.78,Multivariate Telemetry Anomaly,-0.0043
2026-06-05 13:30:00,Site_C,Bldg_C1,Meter_Bldg_C1_01,38.7,0.634,467.04,Multivariate Telemetry Anomaly,-0.0288
2026-06-05 13:45:00,Site_C,Bldg_C1,Meter_Bldg_C1_01,38.43,0.616,467.0,Multivariate Telemetry Anomaly,-0.0193
2026-06-05 14:00:00,Site_C,Bldg_C1,Meter_Bldg_C1_01,38.16,0.577,459.65,Multivariate Telemetry Anomaly,-0.0187
2026-06-05 14:15:00,Site_C,Bldg_C1,Meter_Bldg_C1_01,37.62,0.661,459.08,Multivariate Telemetry Anomaly,-0.0036
2026-06-05 14:30:00,Site_C,Bldg_C1,Meter_Bldg_C1_01,38.3,0.565,461.72,Multivariate Telemetry Anomaly,-0.0202
2026-06-05 14:45:00,Site_C,Bldg_C1,Meter_Bldg_C1_01,38.67,0.663,459.03,Multivariate Telemetry Anomaly,-0.0381
2026-06-05 16:30:00,Site_C,Bldg_C1,Meter_Bldg_C1_01,38.65,0.656,430.76,Multivariate Telemetry Anomaly,-0.0165
2026-06-08 09:00:00,Site_C,Bldg_C1,Meter_Bldg_C1_01,37.86,0.473,402.27,Multivariate Telemetry Anomaly,-0.0
2026-06-08 09:15:00,Site_C,Bldg_C1,Meter_Bldg_C1_01,39.16,0.527,404.13,Multivariate Telemetry Anomaly,-0.0001
2026-06-08 09:30:00,Site_C,Bldg_C1,Meter_Bldg_C1_01,38.06,0.609,398.4,Multivariate Telemetry Anomaly,-0.0068
2026-06-08 10:00:00,Site_C,Bldg_C1,Meter_Bldg_C1_01,38.5,0.693,426.95,Multivariate Telemetry Anomaly,-0.0196
2026-06-08 10:45:00,Site_C,Bldg_C1,Meter_Bldg_C1_01,39.22,0.593,430.31,Multivariate Telemetry Anomaly,-0.0205
2026-06-08 11:00:00,Site_C,Bldg_C1,Meter_Bldg_C1_01,38.37,0.605,447.23,Multivariate Telemetry Anomaly,-0.0164
2026-06-08 11:30:00,Site_C,Bldg_C1,Meter_Bldg_C1_01,38.25,0.505,446.85,Multivariate Telemetry Anomaly,-0.024
2026-06-08 11:45:00,Site_C,Bldg_C1,Meter_Bldg_C1_01,38.46,0.615,449.18,Multivariate Telemetry Anomaly,-0.0148
2026-06-08 12:00:00,Site_C,Bldg_C1,Meter_Bldg_C1_01,38.4,0.56,464.0,Multivariate Telemetry Anomaly,-0.0162
2026-06-08 12:15:00,Site_C,Bldg_C1,Meter_Bldg_C1_01,38.79,0.512,460.47,Multivariate Telemetry Anomaly,-0.0213
2026-06-08 12:30:00,Site_C,Bldg_C1,Meter_Bldg_C1_01,38.76,0.59,461.99,Multivariate Telemetry Anomaly,-0.0068
2026-06-08 12:45:00,Site_C,Bldg_C1,Meter_Bldg_C1_01,36.98,0.707,452.75,Multivariate Telemetry Anomaly,-0.0076
2026-06-08 13:00:00,Site_C,Bldg_C1,Meter_Bldg_C1_01,39.01,0.633,466.5,Multivariate Telemetry Anomaly,-0.0316
2026-06-08 13:15:00,Site_C,Bldg_C1,Meter_Bldg_C1_01,38.07,0.587,463.14,Multivariate Telemetry Anomaly,-0.0166
2026-06-08 13:30:00,Site_C,Bldg_C1,Meter_Bldg_C1_01,38.73,0.662,466.43,Multivariate Telemetry Anomaly,-0.031
2026-06-08 13:45:00,Site_C,Bldg_C1,Meter_Bldg_C1_01,38.23,0.602,467.02,Multivariate Telemetry Anomaly,-0.0025
2026-06-08 14:15:00,Site_C,Bldg_C1,Meter_Bldg_C1_01,38.04,0.633,456.75,Multivariate Telemetry Anomaly,-0.0
2026-06-08 14:30:00,Site_C,Bldg_C1,Meter_Bldg_C1_01,38.0,0.645,455.81,Multivariate Telemetry Anomaly,-0.0063
2026-06-08 14:45:00,Site_C,Bldg_C1,Meter_Bldg_C1_01,38.5,0.591,462.53,Multivariate Telemetry Anomaly,-0.0001
2026-06-08 15:15:00,Site_C,Bldg_C1,Meter_Bldg_C1_01,38.73,0.517,445.72,Multivariate Telemetry Anomaly,-0.0104
2026-06-08 15:30:00,Site_C,Bldg_C1,Meter_Bldg_C1_01,38.57,0.562,451.53,Multivariate Telemetry Anomaly,-0.003
2026-06-08 15:45:00,Site_C,Bldg_C1,Meter_Bldg_C1_01,38.54,0.577,449.07,Multivariate Telemetry Anomaly,-0.0021
2026-06-09 10:00:00,Site_C,Bldg_C1,Meter_Bldg_C1_01,39.12,0.574,429.98,Multivariate Telemetry Anomaly,-0.0117
2026-06-09 10:15:00,Site_C,Bldg_C1,Meter_Bldg_C1_01,38.7,0.575,428.48,Multivariate Telemetry Anomaly,-0.0052
2026-06-09 10:45:00,Site_C,Bldg_C1,Meter_Bldg_C1_01,38.3,0.549,426.89,Multivariate Telemetry Anomaly,-0.0174
2026-06-09 11:00:00,Site_C,Bldg_C1,Meter_Bldg_C1_01,38.19,0.586,447.85,Multivariate Telemetry Anomaly,-0.0149
2026-06-09 11:15:00,Site_C,Bldg_C1,Meter_Bldg_C1_01,38.15,0.578,444.28,Multivariate Telemetry Anomaly,-0.0024
2026-06-09 11:30:00,Site_C,Bldg_C1,Meter_Bldg_C1_01,38.25,0.585,452.14,Multivariate Telemetry Anomaly,-0.0242
2026-06-09 11:45:00,Site_C,Bldg_C1,Meter_Bldg_C1_01,38.99,0.64,449.61,Multivariate Telemetry Anomaly,-0.0198
2026-06-09 12:00:00,Site_C,Bldg_C1,Meter_Bldg_C1_01,37.74,0.579,458.26,Multivariate Telemetry Anomaly,-0.015
2026-06-09 12:15:00,Site_C,Bldg_C1,Meter_Bldg_C1_01,38.99,0.6,460.78,Multivariate Telemetry Anomaly,-0.0122
2026-06-09 12:30:00,Site_C,Bldg_C1,Meter_Bldg_C1_01,38.41,0.604,461.38,Multivariate Telemetry Anomaly,-0.0297
2026-06-09 12:45:00,Site_C,Bldg_C1,Meter_Bldg_C1_01,39.07,0.512,461.16,Multivariate Telemetry Anomaly,-0.0225
2026-06-09 13:00:00,Site_C,Bldg_C1,Meter_Bldg_C1_01,37.61,0.619,460.84,Multivariate Telemetry Anomaly,-0.0055
2026-06-09 13:15:00,Site_C,Bldg_C1,Meter_Bldg_C1_01,38.7,0.651,463.03,Multivariate Telemetry Anomaly,-0.0235
2026-06-09 13:30:00,Site_C,Bldg_C1,Meter_Bldg_C1_01,38.94,0.605,465.47,Multivariate Telemetry Anomaly,-0.0153
2026-06-09 14:00:00,Site_C,Bldg_C1,Meter_Bldg_C1_01,38.52,0.543,461.29,Multivariate Telemetry Anomaly,-0.0066
2026-06-09 14:15:00,Site_C,Bldg_C1,Meter_Bldg_C1_01,37.44,0.56,457.43,Multivariate Telemetry Anomaly,-0.0067
2026-06-09 14:45:00,Site_C,Bldg_C1,Meter_Bldg_C1_01,38.69,0.563,463.42,Multivariate Telemetry Anomaly,-0.0193
2026-06-09 15:15:00,Site_C,Bldg_C1,Meter_Bldg_C1_01,37.33,0.625,442.69,Multivariate Telemetry Anomaly,-0.0156
2026-06-09 16:15:00,Site_C,Bldg_C1,Meter_Bldg_C1_01,37.39,0.548,420.35,Multivariate Telemetry Anomaly,-0.0141
2026-06-09 18:15:00,Site_C,Bldg_C1,Meter_Bldg_C1_01,36.06,0.611,363.01,Multivariate Telemetry Anomaly,-0.0028
2026-06-10 10:00:00,Site_C,Bldg_C1,Meter_Bldg_C1_01,38.05,0.552,426.1,Multivariate Telemetry Anomaly,-0.0094
2026-06-10 10:15:00,Site_C,Bldg_C1,Meter_Bldg_C1_01,38.78,0.56,429.2,Multivariate Telemetry Anomaly,-0.0057
2026-06-10 10:30:00,Site_C,Bldg_C1,Meter_Bldg_C1_01,37.88,0.635,422.28,Multivariate Telemetry Anomaly,-0.021
2026-06-10 10:45:00,Site_C,Bldg_C1,Meter_Bldg_C1_01,37.83,0.525,422.53,Multivariate Telemetry Anomaly,-0.0176
2026-06-10 11:15:00,Site_C,Bldg_C1,Meter_Bldg_C1_01,38.5,0.522,449.16,Multivariate Telemetry Anomaly,-0.0026
2026-06-10 11:30:00,Site_C,Bldg_C1,Meter_Bldg_C1_01,39.38,0.626,452.9,Multivariate Telemetry Anomaly,-0.0251
2026-06-10 11:45:00,Site_C,Bldg_C1,Meter_Bldg_C1_01,38.43,0.64,447.01,Multivariate Telemetry Anomaly,-0.0146
2026-06-10 12:00:00,Site_C,Bldg_C1,Meter_Bldg_C1_01,39.01,0.655,461.84,Multivariate Telemetry Anomaly,-0.0067
2026-06-10 12:15:00,Site_C,Bldg_C1,Meter_Bldg_C1_01,38.39,0.634,460.2,Multivariate Telemetry Anomaly,-0.031
2026-06-10 12:30:00,Site_C,Bldg_C1,Meter_Bldg_C1_01,38.28,0.621,457.31,Multivariate Telemetry Anomaly,-0.0088
2026-06-10 12:45:00,Site_C,Bldg_C1,Meter_Bldg_C1_01,38.39,0.601,460.77,Multivariate Telemetry Anomaly,-0.0074
2026-06-10 13:00:00,Site_C,Bldg_C1,Meter_Bldg_C1_01,38.81,0.576,465.83,Multivariate Telemetry Anomaly,-0.0182
2026-06-10 13:15:00,Site_C,Bldg_C1,Meter_Bldg_C1_01,38.6,0.629,465.74,Multivariate Telemetry Anomaly,-0.0398
2026-06-10 13:30:00,Site_C,Bldg_C1,Meter_Bldg_C1_01,38.41,0.581,467.24,Multivariate Telemetry Anomaly,-0.0052
2026-06-10 13:45:00,Site_C,Bldg_C1,Meter_Bldg_C1_01,38.39,0.584,463.86,Multivariate Telemetry Anomaly,-0.0402
2026-06-10 14:00:00,Site_C,Bldg_C1,Meter_Bldg_C1_01,38.94,0.661,464.19,Multivariate Telemetry Anomaly,-0.0128
2026-06-10 14:15:00,Site_C,Bldg_C1,Meter_Bldg_C1_01,37.86,0.59,459.48,Multivariate Telemetry Anomaly,-0.0033
2026-06-10 14:45:00,Site_C,Bldg_C1,Meter_Bldg_C1_01,39.29,0.581,463.87,Multivariate Telemetry Anomaly,-0.0219
2026-06-10 15:00:00,Site_C,Bldg_C1,Meter_Bldg_C1_01,38.69,0.68,449.93,Multivariate Telemetry Anomaly,-0.0171
2026-06-10 17:00:00,Site_C,Bldg_C1,Meter_Bldg_C1_01,37.47,0.498,394.18,Multivariate Telemetry Anomaly,-0.0124
2026-06-10 17:45:00,Site_C,Bldg_C1,Meter_Bldg_C1_01,37.45,0.583,397.75,Multivariate Telemetry Anomaly,-0.0129
2026-06-11 08:00:00,Site_C,Bldg_C1,Meter_Bldg_C1_01,38.56,0.532,376.79,Multivariate Telemetry Anomaly,-0.0028
2026-06-11 10:00:00,Site_C,Bldg_C1,Meter_Bldg_C1_01,38.33,0.486,426.43,Multivariate Telemetry Anomaly,-0.0183
2026-06-11 10:15:00,Site_C,Bldg_C1,Meter_Bldg_C1_01,38.56,0.509,427.65,Multivariate Telemetry Anomaly,-0.0159
2026-06-11 10:45:00,Site_C,Bldg_C1,Meter_Bldg_C1_01,39.02,0.648,428.32,Multivariate Telemetry Anomaly,-0.0098
2026-06-11 11:00:00,Site_C,Bldg_C1,Meter_Bldg_C1_01,38.64,0.65,449.09,Multivariate Telemetry Anomaly,-0.0096
2026-06-11 11:30:00,Site_C,Bldg_C1,Meter_Bldg_C1_01,37.69,0.644,446.74,Multivariate Telemetry Anomaly,-0.0222
2026-06-11 12:00:00,Site_C,Bldg_C1,Meter_Bldg_C1_01,37.88,0.567,457.58,Multivariate Telemetry Anomaly,-0.0019
2026-06-11 12:15:00,Site_C,Bldg_C1,Meter_Bldg_C1_01,38.35,0.609,460.79,Multivariate Telemetry Anomaly,-0.0049
2026-06-11 12:30:00,Site_C,Bldg_C1,Meter_Bldg_C1_01,38.21,0.538,455.49,Multivariate Telemetry Anomaly,-0.0004
2026-06-11 12:45:00,Site_C,Bldg_C1,Meter_Bldg_C1_01,39.1,0.632,462.89,Multivariate Telemetry Anomaly,-0.019
2026-06-11 13:00:00,Site_C,Bldg_C1,Meter_Bldg_C1_01,38.0,0.531,465.55,Multivariate Telemetry Anomaly,-0.008
2026-06-11 13:15:00,Site_C,Bldg_C1,Meter_Bldg_C1_01,38.38,0.586,468.01,Multivariate Telemetry Anomaly,-0.0142
2026-06-11 13:30:00,Site_C,Bldg_C1,Meter_Bldg_C1_01,37.69,0.603,461.51,Multivariate Telemetry Anomaly,-0.0046
2026-06-11 13:45:00,Site_C,Bldg_C1,Meter_Bldg_C1_01,38.14,0.652,464.6,Multivariate Telemetry Anomaly,-0.0206
2026-06-11 14:00:00,Site_C,Bldg_C1,Meter_Bldg_C1_01,37.69,0.625,458.95,Multivariate Telemetry Anomaly,-0.0084
2026-06-11 14:15:00,Site_C,Bldg_C1,Meter_Bldg_C1_01,38.17,0.595,462.39,Multivariate Telemetry Anomaly,-0.0025
2026-06-11 14:30:00,Site_C,Bldg_C1,Meter_Bldg_C1_01,38.9,0.447,463.01,Multivariate Telemetry Anomaly,-0.0185
2026-06-11 14:45:00,Site_C,Bldg_C1,Meter_Bldg_C1_01,39.35,0.532,461.97,Multivariate Telemetry Anomaly,-0.0139
2026-06-11 15:00:00,Site_C,Bldg_C1,Meter_Bldg_C1_01,37.23,0.7,443.58,Multivariate Telemetry Anomaly,-0.0022
2026-06-11 16:45:00,Site_C,Bldg_C1,Meter_Bldg_C1_01,38.11,0.602,427.63,Multivariate Telemetry Anomaly,-0.0024
2026-06-12 10:00:00,Site_C,Bldg_C1,Meter_Bldg_C1_01,38.53,0.65,424.09,Multivariate Telemetry Anomaly,-0.0027
2026-06-12 10:30:00,Site_C,Bldg_C1,Meter_Bldg_C1_01,39.25,0.614,428.98,Multivariate Telemetry Anomaly,-0.021
2026-06-12 11:00:00,Site_C,Bldg_C1,Meter_Bldg_C1_01,38.97,0.555,449.37,Multivariate Telemetry Anomaly,-0.0164
2026-06-12 11:15:00,Site_C,Bldg_C1,Meter_Bldg_C1_01,38.54,0.546,445.74,Multivariate Telemetry Anomaly,-0.0123
2026-06-12 11:30:00,Site_C,Bldg_C1,Meter_Bldg_C1_01,38.8,0.598,448.34,Multivariate Telemetry Anomaly,-0.0039
2026-06-12 11:45:00,Site_C,Bldg_C1,Meter_Bldg_C1_01,37.89,0.66,446.65,Multivariate Telemetry Anomaly,-0.0039
2026-06-12 12:00:00,Site_C,Bldg_C1,Meter_Bldg_C1_01,38.51,0.616,460.96,Multivariate Telemetry Anomaly,-0.0002
2026-06-12 12:15:00,Site_C,Bldg_C1,Meter_Bldg_C1_01,38.24,0.574,459.24,Multivariate Telemetry Anomaly,-0.0024
2026-06-12 12:30:00,Site_C,Bldg_C1,Meter_Bldg_C1_01,38.35,0.513,458.58,Multivariate Telemetry Anomaly,-0.0137
2026-06-12 12:45:00,Site_C,Bldg_C1,Meter_Bldg_C1_01,38.0,0.62,459.47,Multivariate Telemetry Anomaly,-0.0113
2026-06-12 13:00:00,Site_C,Bldg_C1,Meter_Bldg_C1_01,38.55,0.631,466.43,Multivariate Telemetry Anomaly,-0.0181
2026-06-12 13:15:00,Site_C,Bldg_C1,Meter_Bldg_C1_01,38.09,0.72,465.18,Multivariate Telemetry Anomaly,-0.017
2026-06-12 13:30:00,Site_C,Bldg_C1,Meter_Bldg_C1_01,38.93,0.624,469.66,Multivariate Telemetry Anomaly,-0.0328
2026-06-12 13:45:00,Site_C,Bldg_C1,Meter_Bldg_C1_01,38.0,0.612,465.36,Multivariate Telemetry Anomaly,-0.0005
2026-06-12 14:00:00,Site_C,Bldg_C1,Meter_Bldg_C1_01,38.95,0.623,462.12,Multivariate Telemetry Anomaly,-0.0115
2026-06-12 14:15:00,Site_C,Bldg_C1,Meter_Bldg_C1_01,39.13,0.584,460.42,Multivariate Telemetry Anomaly,-0.023
2026-06-12 14:30:00,Site_C,Bldg_C1,Meter_Bldg_C1_01,38.42,0.609,460.31,Multivariate Telemetry Anomaly,-0.0165
2026-06-12 15:45:00,Site_C,Bldg_C1,Meter_Bldg_C1_01,38.03,0.591,447.74,Multivariate Telemetry Anomaly,-0.0176
2026-06-15 08:45:00,Site_C,Bldg_C1,Meter_Bldg_C1_01,37.58,0.505,370.19,Multivariate Telemetry Anomaly,-0.0199
2026-06-15 09:15:00,Site_C,Bldg_C1,Meter_Bldg_C1_01,37.8,0.582,400.79,Multivariate Telemetry Anomaly,-0.0003
2026-06-15 10:00:00,Site_C,Bldg_C1,Meter_Bldg_C1_01,38.24,0.615,431.21,Multivariate Telemetry Anomaly,-0.0179
2026-06-15 10:30:00,Site_C,Bldg_C1,Meter_Bldg_C1_01,38.45,0.495,426.68,Multivariate Telemetry Anomaly,-0.0075
2026-06-15 10:45:00,Site_C,Bldg_C1,Meter_Bldg_C1_01,38.92,0.481,429.22,Multivariate Telemetry Anomaly,-0.0025
2026-06-15 11:00:00,Site_C,Bldg_C1,Meter_Bldg_C1_01,38.29,0.59,445.49,Multivariate Telemetry Anomaly,-0.0072
2026-06-15 11:15:00,Site_C,Bldg_C1,Meter_Bldg_C1_01,37.87,0.592,446.69,Multivariate Telemetry Anomaly,-0.0077
2026-06-15 11:30:00,Site_C,Bldg_C1,Meter_Bldg_C1_01,39.14,0.564,449.76,Multivariate Telemetry Anomaly,-0.0229
2026-06-15 11:45:00,Site_C,Bldg_C1,Meter_Bldg_C1_01,38.59,0.592,445.68,Multivariate Telemetry Anomaly,-0.0119
2026-06-15 12:00:00,Site_C,Bldg_C1,Meter_Bldg_C1_01,38.05,0.593,462.54,Multivariate Telemetry Anomaly,-0.0018
2026-06-15 12:30:00,Site_C,Bldg_C1,Meter_Bldg_C1_01,38.48,0.679,460.98,Multivariate Telemetry Anomaly,-0.0146
2026-06-15 12:45:00,Site_C,Bldg_C1,Meter_Bldg_C1_01,38.22,0.647,460.41,Multivariate Telemetry Anomaly,-0.0121
2026-06-15 13:00:00,Site_C,Bldg_C1,Meter_Bldg_C1_01,39.87,0.534,474.79,Multivariate Telemetry Anomaly,-0.0196
2026-06-15 13:15:00,Site_C,Bldg_C1,Meter_Bldg_C1_01,38.68,0.646,468.96,Multivariate Telemetry Anomaly,-0.0262
2026-06-15 13:30:00,Site_C,Bldg_C1,Meter_Bldg_C1_01,38.68,0.55,464.71,Multivariate Telemetry Anomaly,-0.0423
2026-06-15 13:45:00,Site_C,Bldg_C1,Meter_Bldg_C1_01,37.08,0.59,457.95,Multivariate Telemetry Anomaly,-0.0171
2026-06-15 14:00:00,Site_C,Bldg_C1,Meter_Bldg_C1_01,37.47,0.547,453.05,Multivariate Telemetry Anomaly,-0.015
2026-06-15 14:30:00,Site_C,Bldg_C1,Meter_Bldg_C1_01,38.91,0.578,463.67,Multivariate Telemetry Anomaly,-0.0121
2026-06-15 15:00:00,Site_C,Bldg_C1,Meter_Bldg_C1_01,38.05,0.581,446.1,Multivariate Telemetry Anomaly,-0.0188
2026-06-15 15:15:00,Site_C,Bldg_C1,Meter_Bldg_C1_01,38.3,0.528,447.56,Multivariate Telemetry Anomaly,-0.0113
2026-06-15 15:30:00,Site_C,Bldg_C1,Meter_Bldg_C1_01,38.0,0.547,445.7,Multivariate Telemetry Anomaly,-0.0105
2026-06-15 16:30:00,Site_C,Bldg_C1,Meter_Bldg_C1_01,38.25,0.625,423.37,Multivariate Telemetry Anomaly,-0.0106
2026-06-15 16:45:00,Site_C,Bldg_C1,Meter_Bldg_C1_01,38.3,0.665,426.11,Multivariate Telemetry Anomaly,-0.0272
2026-06-16 10:15:00,Site_C,Bldg_C1,Meter_Bldg_C1_01,37.03,0.558,422.34,Multivariate Telemetry Anomaly,-0.0035
2026-06-16 10:30:00,Site_C,Bldg_C1,Meter_Bldg_C1_01,38.49,0.516,428.24,Multivariate Telemetry Anomaly,-0.0108
2026-06-16 11:00:00,Site_C,Bldg_C1,Meter_Bldg_C1_01,38.65,0.525,446.13,Multivariate Telemetry Anomaly,-0.0069
2026-06-16 11:15:00,Site_C,Bldg_C1,Meter_Bldg_C1_01,38.97,0.662,446.14,Multivariate Telemetry Anomaly,-0.0128
2026-06-16 11:30:00,Site_C,Bldg_C1,Meter_Bldg_C1_01,38.45,0.586,447.74,Multivariate Telemetry Anomaly,-0.0201
2026-06-16 11:45:00,Site_C,Bldg_C1,Meter_Bldg_C1_01,38.33,0.565,445.94,Multivariate Telemetry Anomaly,-0.0208
2026-06-16 12:00:00,Site_C,Bldg_C1,Meter_Bldg_C1_01,37.72,0.633,457.14,Multivariate Telemetry Anomaly,-0.0142
2026-06-16 12:15:00,Site_C,Bldg_C1,Meter_Bldg_C1_01,38.22,0.667,463.7,Multivariate Telemetry Anomaly,-0.0176
2026-06-16 12:30:00,Site_C,Bldg_C1,Meter_Bldg_C1_01,40.05,0.557,466.65,Multivariate Telemetry Anomaly,-0.018
2026-06-16 12:45:00,Site_C,Bldg_C1,Meter_Bldg_C1_01,38.06,0.706,458.2,Multivariate Telemetry Anomaly,-0.0204
2026-06-16 13:00:00,Site_C,Bldg_C1,Meter_Bldg_C1_01,38.19,0.647,462.61,Multivariate Telemetry Anomaly,-0.0189
2026-06-16 13:15:00,Site_C,Bldg_C1,Meter_Bldg_C1_01,37.89,0.644,464.06,Multivariate Telemetry Anomaly,-0.0098
2026-06-16 13:30:00,Site_C,Bldg_C1,Meter_Bldg_C1_01,38.78,0.578,467.19,Multivariate Telemetry Anomaly,-0.0231
2026-06-16 13:45:00,Site_C,Bldg_C1,Meter_Bldg_C1_01,37.49,0.604,458.83,Multivariate Telemetry Anomaly,-0.0125
2026-06-16 14:00:00,Site_C,Bldg_C1,Meter_Bldg_C1_01,37.77,0.594,458.19,Multivariate Telemetry Anomaly,-0.0037
2026-06-16 14:30:00,Site_C,Bldg_C1,Meter_Bldg_C1_01,37.87,0.599,460.13,Multivariate Telemetry Anomaly,-0.0185
2026-06-16 14:45:00,Site_C,Bldg_C1,Meter_Bldg_C1_01,37.52,0.583,462.99,Multivariate Telemetry Anomaly,-0.0022
2026-06-16 15:00:00,Site_C,Bldg_C1,Meter_Bldg_C1_01,38.74,0.608,452.45,Multivariate Telemetry Anomaly,-0.0021
2026-06-16 15:30:00,Site_C,Bldg_C1,Meter_Bldg_C1_01,38.19,0.48,447.97,Multivariate Telemetry Anomaly,-0.0044
2026-06-16 15:45:00,Site_C,Bldg_C1,Meter_Bldg_C1_01,37.53,0.659,444.19,Multivariate Telemetry Anomaly,-0.0077
2026-06-17 10:15:00,Site_C,Bldg_C1,Meter_Bldg_C1_01,38.27,0.501,430.55,Multivariate Telemetry Anomaly,-0.0125
2026-06-17 10:45:00,Site_C,Bldg_C1,Meter_Bldg_C1_01,38.0,0.673,425.88,Multivariate Telemetry Anomaly,-0.0015
2026-06-17 11:00:00,Site_C,Bldg_C1,Meter_Bldg_C1_01,38.29,0.541,444.28,Multivariate Telemetry Anomaly,-0.0115
2026-06-17 11:15:00,Site_C,Bldg_C1,Meter_Bldg_C1_01,39.06,0.522,452.84,Multivariate Telemetry Anomaly,-0.0099
2026-06-17 11:30:00,Site_C,Bldg_C1,Meter_Bldg_C1_01,38.24,0.539,445.5,Multivariate Telemetry Anomaly,-0.0063
2026-06-17 12:00:00,Site_C,Bldg_C1,Meter_Bldg_C1_01,38.87,0.682,463.16,Multivariate Telemetry Anomaly,-0.0306
2026-06-17 12:15:00,Site_C,Bldg_C1,Meter_Bldg_C1_01,38.73,0.584,464.21,Multivariate Telemetry Anomaly,-0.0036
2026-06-17 12:30:00,Site_C,Bldg_C1,Meter_Bldg_C1_01,38.91,0.546,461.23,Multivariate Telemetry Anomaly,-0.0262
2026-06-17 12:45:00,Site_C,Bldg_C1,Meter_Bldg_C1_01,37.98,0.594,457.91,Multivariate Telemetry Anomaly,-0.0184
2026-06-17 13:00:00,Site_C,Bldg_C1,Meter_Bldg_C1_01,38.4,0.611,467.27,Multivariate Telemetry Anomaly,-0.0075
2026-06-17 13:15:00,Site_C,Bldg_C1,Meter_Bldg_C1_01,37.64,0.614,463.45,Multivariate Telemetry Anomaly,-0.0246
2026-06-17 13:30:00,Site_C,Bldg_C1,Meter_Bldg_C1_01,39.23,0.651,468.91,Multivariate Telemetry Anomaly,-0.037
2026-06-17 13:45:00,Site_C,Bldg_C1,Meter_Bldg_C1_01,38.71,0.652,465.32,Multivariate Telemetry Anomaly,-0.0232
2026-06-17 14:00:00,Site_C,Bldg_C1,Meter_Bldg_C1_01,37.71,0.524,456.08,Multivariate Telemetry Anomaly,-0.0075
2026-06-17 14:15:00,Site_C,Bldg_C1,Meter_Bldg_C1_01,40.17,0.601,470.44,Multivariate Telemetry Anomaly,-0.0312
2026-06-17 14:30:00,Site_C,Bldg_C1,Meter_Bldg_C1_01,39.55,0.525,463.25,Multivariate Telemetry Anomaly,-0.0449
2026-06-17 14:45:00,Site_C,Bldg_C1,Meter_Bldg_C1_01,37.38,0.596,460.09,Multivariate Telemetry Anomaly,-0.024
2026-06-17 15:00:00,Site_C,Bldg_C1,Meter_Bldg_C1_01,38.19,0.526,444.54,Multivariate Telemetry Anomaly,-0.0011
2026-06-17 15:15:00,Site_C,Bldg_C1,Meter_Bldg_C1_01,37.65,0.61,443.34,Multivariate Telemetry Anomaly,-0.0021
2026-06-17 15:30:00,Site_C,Bldg_C1,Meter_Bldg_C1_01,38.41,0.54,448.17,Multivariate Telemetry Anomaly,-0.0031
2026-06-17 15:45:00,Site_C,Bldg_C1,Meter_Bldg_C1_01,38.27,0.612,447.2,Multivariate Telemetry Anomaly,-0.001
2026-06-17 16:15:00,Site_C,Bldg_C1,Meter_Bldg_C1_01,37.41,0.669,422.63,Multivariate Telemetry Anomaly,-0.0069
2026-06-17 16:30:00,Site_C,Bldg_C1,Meter_Bldg_C1_01,38.4,0.572,429.6,Multivariate Telemetry Anomaly,-0.0079
2026-06-17 16:45:00,Site_C,Bldg_C1,Meter_Bldg_C1_01,38.4,0.593,423.75,Multivariate Telemetry Anomaly,-0.0144
2026-06-18 11:00:00,Site_C,Bldg_C1,Meter_Bldg_C1_01,39.34,0.537,451.58,Multivariate Telemetry Anomaly,-0.0266
2026-06-18 11:15:00,Site_C,Bldg_C1,Meter_Bldg_C1_01,39.81,0.594,454.93,Multivariate Telemetry Anomaly,-0.0356
2026-06-18 11:30:00,Site_C,Bldg_C1,Meter_Bldg_C1_01,38.17,0.543,443.94,Multivariate Telemetry Anomaly,-0.0075
2026-06-18 11:45:00,Site_C,Bldg_C1,Meter_Bldg_C1_01,38.43,0.621,447.55,Multivariate Telemetry Anomaly,-0.0221
2026-06-18 12:00:00,Site_C,Bldg_C1,Meter_Bldg_C1_01,37.93,0.618,459.01,Multivariate Telemetry Anomaly,-0.0099
2026-06-18 12:15:00,Site_C,Bldg_C1,Meter_Bldg_C1_01,39.26,0.612,464.21,Multivariate Telemetry Anomaly,-0.0377
2026-06-18 12:30:00,Site_C,Bldg_C1,Meter_Bldg_C1_01,39.23,0.68,465.17,Multivariate Telemetry Anomaly,-0.0206
2026-06-18 12:45:00,Site_C,Bldg_C1,Meter_Bldg_C1_01,37.58,0.568,458.36,Multivariate Telemetry Anomaly,-0.005
2026-06-18 13:00:00,Site_C,Bldg_C1,Meter_Bldg_C1_01,37.11,0.684,457.24,Multivariate Telemetry Anomaly,-0.0013
2026-06-18 13:15:00,Site_C,Bldg_C1,Meter_Bldg_C1_01,39.38,0.711,470.55,Multivariate Telemetry Anomaly,-0.0376
2026-06-18 13:30:00,Site_C,Bldg_C1,Meter_Bldg_C1_01,38.35,0.619,465.75,Multivariate Telemetry Anomaly,-0.0145
2026-06-18 13:45:00,Site_C,Bldg_C1,Meter_Bldg_C1_01,38.13,0.546,463.45,Multivariate Telemetry Anomaly,-0.0152
2026-06-18 14:00:00,Site_C,Bldg_C1,Meter_Bldg_C1_01,39.0,0.519,466.16,Multivariate Telemetry Anomaly,-0.0112
2026-06-18 14:15:00,Site_C,Bldg_C1,Meter_Bldg_C1_01,39.07,0.559,463.64,Multivariate Telemetry Anomaly,-0.0184
2026-06-18 14:30:00,Site_C,Bldg_C1,Meter_Bldg_C1_01,39.11,0.513,464.48,Multivariate Telemetry Anomaly,-0.0473
2026-06-18 15:00:00,Site_C,Bldg_C1,Meter_Bldg_C1_01,37.64,0.653,444.42,Multivariate Telemetry Anomaly,-0.0002
2026-06-18 15:15:00,Site_C,Bldg_C1,Meter_Bldg_C1_01,37.37,0.627,442.55,Multivariate Telemetry Anomaly,-0.0083
2026-06-18 15:45:00,Site_C,Bldg_C1,Meter_Bldg_C1_01,36.84,0.642,442.07,Multivariate Telemetry Anomaly,-0.0163
2026-06-19 09:00:00,Site_C,Bldg_C1,Meter_Bldg_C1_01,37.9,0.643,401.85,Multivariate Telemetry Anomaly,-0.0014
2026-06-19 10:15:00,Site_C,Bldg_C1,Meter_Bldg_C1_01,38.24,0.588,427.03,Multivariate Telemetry Anomaly,-0.0233
2026-06-19 11:00:00,Site_C,Bldg_C1,Meter_Bldg_C1_01,38.43,0.581,450.34,Multivariate Telemetry Anomaly,-0.0102
2026-06-19 11:30:00,Site_C,Bldg_C1,Meter_Bldg_C1_01,39.44,0.619,451.45,Multivariate Telemetry Anomaly,-0.0143
2026-06-19 11:45:00,Site_C,Bldg_C1,Meter_Bldg_C1_01,39.14,0.58,450.59,Multivariate Telemetry Anomaly,-0.0073
2026-06-19 12:00:00,Site_C,Bldg_C1,Meter_Bldg_C1_01,38.08,0.69,457.7,Multivariate Telemetry Anomaly,-0.0226
2026-06-19 12:15:00,Site_C,Bldg_C1,Meter_Bldg_C1_01,38.62,0.623,460.99,Multivariate Telemetry Anomaly,-0.0239
2026-06-19 12:45:00,Site_C,Bldg_C1,Meter_Bldg_C1_01,38.34,0.552,460.48,Multivariate Telemetry Anomaly,-0.0046
2026-06-19 13:00:00,Site_C,Bldg_C1,Meter_Bldg_C1_01,38.74,0.561,466.69,Multivariate Telemetry Anomaly,-0.0098
2026-06-19 13:15:00,Site_C,Bldg_C1,Meter_Bldg_C1_01,39.11,0.582,467.57,Multivariate Telemetry Anomaly,-0.0193
2026-06-19 13:30:00,Site_C,Bldg_C1,Meter_Bldg_C1_01,38.2,0.621,463.23,Multivariate Telemetry Anomaly,-0.014
2026-06-19 13:45:00,Site_C,Bldg_C1,Meter_Bldg_C1_01,38.3,0.612,463.73,Multivariate Telemetry Anomaly,-0.0157
2026-06-19 14:15:00,Site_C,Bldg_C1,Meter_Bldg_C1_01,37.66,0.527,457.97,Multivariate Telemetry Anomaly,-0.0031
2026-06-19 14:45:00,Site_C,Bldg_C1,Meter_Bldg_C1_01,37.88,0.607,461.76,Multivariate Telemetry Anomaly,-0.0016
2026-06-19 15:00:00,Site_C,Bldg_C1,Meter_Bldg_C1_01,38.16,0.507,446.63,Multivariate Telemetry Anomaly,-0.0181
2026-06-19 15:15:00,Site_C,Bldg_C1,Meter_Bldg_C1_01,38.22,0.58,449.33,Multivariate Telemetry Anomaly,-0.0258
2026-06-19 15:30:00,Site_C,Bldg_C1,Meter_Bldg_C1_01,37.96,0.538,448.63,Multivariate Telemetry Anomaly,-0.005
2026-06-19 16:00:00,Site_C,Bldg_C1,Meter_Bldg_C1_01,38.15,0.606,427.17,Multivariate Telemetry Anomaly,-0.0023
2026-06-19 16:45:00,Site_C,Bldg_C1,Meter_Bldg_C1_01,37.33,0.573,426.58,Multivariate Telemetry Anomaly,-0.0079
2026-06-22 10:15:00,Site_C,Bldg_C1,Meter_Bldg_C1_01,38.28,0.569,429.24,Multivariate Telemetry Anomaly,-0.0033
2026-06-22 10:45:00,Site_C,Bldg_C1,Meter_Bldg_C1_01,38.48,0.614,429.47,Multivariate Telemetry Anomaly,-0.0286
2026-06-22 11:00:00,Site_C,Bldg_C1,Meter_Bldg_C1_01,38.47,0.585,448.36,Multivariate Telemetry Anomaly,-0.0289
2026-06-22 11:15:00,Site_C,Bldg_C1,Meter_Bldg_C1_01,38.95,0.629,449.82,Multivariate Telemetry Anomaly,-0.0228
2026-06-22 11:30:00,Site_C,Bldg_C1,Meter_Bldg_C1_01,38.52,0.573,448.86,Multivariate Telemetry Anomaly,-0.0206
2026-06-22 11:45:00,Site_C,Bldg_C1,Meter_Bldg_C1_01,38.79,0.623,445.94,Multivariate Telemetry Anomaly,-0.0387
2026-06-22 12:00:00,Site_C,Bldg_C1,Meter_Bldg_C1_01,38.39,0.581,463.49,Multivariate Telemetry Anomaly,-0.0065
2026-06-22 12:30:00,Site_C,Bldg_C1,Meter_Bldg_C1_01,38.59,0.568,466.01,Multivariate Telemetry Anomaly,-0.0145
2026-06-22 12:45:00,Site_C,Bldg_C1,Meter_Bldg_C1_01,37.96,0.461,455.54,Multivariate Telemetry Anomaly,-0.0002
2026-06-22 13:00:00,Site_C,Bldg_C1,Meter_Bldg_C1_01,38.69,0.613,464.09,Multivariate Telemetry Anomaly,-0.0153
2026-06-22 13:15:00,Site_C,Bldg_C1,Meter_Bldg_C1_01,38.52,0.576,468.86,Multivariate Telemetry Anomaly,-0.0071
2026-06-22 13:30:00,Site_C,Bldg_C1,Meter_Bldg_C1_01,38.67,0.628,466.09,Multivariate Telemetry Anomaly,-0.024
2026-06-22 13:45:00,Site_C,Bldg_C1,Meter_Bldg_C1_01,37.42,0.71,463.65,Multivariate Telemetry Anomaly,-0.031
2026-06-22 14:00:00,Site_C,Bldg_C1,Meter_Bldg_C1_01,38.45,0.583,459.69,Multivariate Telemetry Anomaly,-0.0078
2026-06-22 14:15:00,Site_C,Bldg_C1,Meter_Bldg_C1_01,38.73,0.54,462.87,Multivariate Telemetry Anomaly,-0.0198
2026-06-22 14:30:00,Site_C,Bldg_C1,Meter_Bldg_C1_01,38.53,0.626,462.15,Multivariate Telemetry Anomaly,-0.0057
2026-06-22 14:45:00,Site_C,Bldg_C1,Meter_Bldg_C1_01,37.47,0.635,454.82,Multivariate Telemetry Anomaly,-0.0088
2026-06-22 15:00:00,Site_C,Bldg_C1,Meter_Bldg_C1_01,38.2,0.62,447.61,Multivariate Telemetry Anomaly,-0.0027
2026-06-22 16:15:00,Site_C,Bldg_C1,Meter_Bldg_C1_01,38.19,0.534,426.05,Multivariate Telemetry Anomaly,-0.0053
2026-06-23 10:00:00,Site_C,Bldg_C1,Meter_Bldg_C1_01,37.62,0.539,426.7,Multivariate Telemetry Anomaly,-0.009
2026-06-23 10:15:00,Site_C,Bldg_C1,Meter_Bldg_C1_01,38.44,0.573,427.57,Multivariate Telemetry Anomaly,-0.0056
2026-06-23 10:45:00,Site_C,Bldg_C1,Meter_Bldg_C1_01,39.03,0.541,434.55,Multivariate Telemetry Anomaly,-0.0012
2026-06-23 11:00:00,Site_C,Bldg_C1,Meter_Bldg_C1_01,38.4,0.606,446.25,Multivariate Telemetry Anomaly,-0.0135
2026-06-23 11:15:00,Site_C,Bldg_C1,Meter_Bldg_C1_01,38.54,0.563,448.84,Multivariate Telemetry Anomaly,-0.0301
2026-06-23 11:30:00,Site_C,Bldg_C1,Meter_Bldg_C1_01,37.79,0.506,443.24,Multivariate Telemetry Anomaly,-0.0016
2026-06-23 11:45:00,Site_C,Bldg_C1,Meter_Bldg_C1_01,39.34,0.533,445.61,Multivariate Telemetry Anomaly,-0.0203
2026-06-23 12:00:00,Site_C,Bldg_C1,Meter_Bldg_C1_01,38.94,0.636,462.29,Multivariate Telemetry Anomaly,-0.0281
2026-06-23 12:15:00,Site_C,Bldg_C1,Meter_Bldg_C1_01,38.08,0.676,464.0,Multivariate Telemetry Anomaly,-0.018
2026-06-23 12:30:00,Site_C,Bldg_C1,Meter_Bldg_C1_01,38.61,0.626,461.53,Multivariate Telemetry Anomaly,-0.0284
2026-06-23 12:45:00,Site_C,Bldg_C1,Meter_Bldg_C1_01,38.29,0.669,463.07,Multivariate Telemetry Anomaly,-0.0122
2026-06-23 13:00:00,Site_C,Bldg_C1,Meter_Bldg_C1_01,37.55,0.642,463.08,Multivariate Telemetry Anomaly,-0.0004
2026-06-23 13:15:00,Site_C,Bldg_C1,Meter_Bldg_C1_01,38.35,0.656,463.13,Multivariate Telemetry Anomaly,-0.013
2026-06-23 13:30:00,Site_C,Bldg_C1,Meter_Bldg_C1_01,38.17,0.496,465.2,Multivariate Telemetry Anomaly,-0.0232
2026-06-23 13:45:00,Site_C,Bldg_C1,Meter_Bldg_C1_01,37.94,0.542,460.27,Multivariate Telemetry Anomaly,-0.0043
2026-06-23 14:00:00,Site_C,Bldg_C1,Meter_Bldg_C1_01,37.7,0.62,458.57,Multivariate Telemetry Anomaly,-0.0014
2026-06-23 14:30:00,Site_C,Bldg_C1,Meter_Bldg_C1_01,38.48,0.596,459.86,Multivariate Telemetry Anomaly,-0.0005
2026-06-23 15:00:00,Site_C,Bldg_C1,Meter_Bldg_C1_01,37.75,0.522,446.7,Multivariate Telemetry Anomaly,-0.01
2026-06-24 09:15:00,Site_C,Bldg_C1,Meter_Bldg_C1_01,39.29,0.499,407.58,Multivariate Telemetry Anomaly,-0.0025
2026-06-24 10:30:00,Site_C,Bldg_C1,Meter_Bldg_C1_01,37.86,0.523,423.68,Multivariate Telemetry Anomaly,-0.0115
2026-06-24 11:30:00,Site_C,Bldg_C1,Meter_Bldg_C1_01,38.3,0.547,442.62,Multivariate Telemetry Anomaly,-0.0151
2026-06-24 11:45:00,Site_C,Bldg_C1,Meter_Bldg_C1_01,37.42,0.516,444.53,Multivariate Telemetry Anomaly,-0.0035
2026-06-24 12:00:00,Site_C,Bldg_C1,Meter_Bldg_C1_01,38.66,0.641,462.9,Multivariate Telemetry Anomaly,-0.0373
2026-06-24 12:15:00,Site_C,Bldg_C1,Meter_Bldg_C1_01,38.12,0.573,462.89,Multivariate Telemetry Anomaly,-0.0081
2026-06-24 12:30:00,Site_C,Bldg_C1,Meter_Bldg_C1_01,38.11,0.617,457.33,Multivariate Telemetry Anomaly,-0.039
2026-06-24 12:45:00,Site_C,Bldg_C1,Meter_Bldg_C1_01,37.7,0.579,457.27,Multivariate Telemetry Anomaly,-0.0011
2026-06-24 13:00:00,Site_C,Bldg_C1,Meter_Bldg_C1_01,38.27,0.546,463.59,Multivariate Telemetry Anomaly,-0.0183
2026-06-24 13:15:00,Site_C,Bldg_C1,Meter_Bldg_C1_01,38.08,0.562,464.21,Multivariate Telemetry Anomaly,-0.0164
2026-06-24 13:30:00,Site_C,Bldg_C1,Meter_Bldg_C1_01,37.69,0.594,464.21,Multivariate Telemetry Anomaly,-0.0078
2026-06-24 13:45:00,Site_C,Bldg_C1,Meter_Bldg_C1_01,38.32,0.527,464.18,Multivariate Telemetry Anomaly,-0.0336
2026-06-24 14:00:00,Site_C,Bldg_C1,Meter_Bldg_C1_01,38.35,0.699,460.6,Multivariate Telemetry Anomaly,-0.013
2026-06-24 14:15:00,Site_C,Bldg_C1,Meter_Bldg_C1_01,38.37,0.607,459.72,Multivariate Telemetry Anomaly,-0.0055
2026-06-24 14:45:00,Site_C,Bldg_C1,Meter_Bldg_C1_01,38.73,0.54,464.28,Multivariate Telemetry Anomaly,-0.005
2026-06-24 15:00:00,Site_C,Bldg_C1,Meter_Bldg_C1_01,39.11,0.541,452.3,Multivariate Telemetry Anomaly,-0.017
2026-06-24 15:45:00,Site_C,Bldg_C1,Meter_Bldg_C1_01,38.51,0.603,449.4,Multivariate Telemetry Anomaly,-0.0072
2026-06-24 16:15:00,Site_C,Bldg_C1,Meter_Bldg_C1_01,37.3,0.638,424.26,Multivariate Telemetry Anomaly,-0.0034
2026-06-25 10:30:00,Site_C,Bldg_C1,Meter_Bldg_C1_01,38.25,0.5,426.74,Multivariate Telemetry Anomaly,-0.0156
2026-06-25 11:00:00,Site_C,Bldg_C1,Meter_Bldg_C1_01,38.13,0.62,446.18,Multivariate Telemetry Anomaly,-0.012
2026-06-25 11:15:00,Site_C,Bldg_C1,Meter_Bldg_C1_01,39.01,0.503,447.64,Multivariate Telemetry Anomaly,-0.0361
2026-06-25 11:30:00,Site_C,Bldg_C1,Meter_Bldg_C1_01,38.05,0.654,448.45,Multivariate Telemetry Anomaly,-0.0148
2026-06-25 11:45:00,Site_C,Bldg_C1,Meter_Bldg_C1_01,38.26,0.525,444.06,Multivariate Telemetry Anomaly,-0.0124
2026-06-25 12:00:00,Site_C,Bldg_C1,Meter_Bldg_C1_01,38.87,0.652,464.45,Multivariate Telemetry Anomaly,-0.0244
2026-06-25 12:30:00,Site_C,Bldg_C1,Meter_Bldg_C1_01,38.15,0.557,462.48,Multivariate Telemetry Anomaly,-0.0151
2026-06-25 12:45:00,Site_C,Bldg_C1,Meter_Bldg_C1_01,37.45,0.58,455.95,Multivariate Telemetry Anomaly,-0.0068
2026-06-25 13:00:00,Site_C,Bldg_C1,Meter_Bldg_C1_01,38.77,0.62,466.11,Multivariate Telemetry Anomaly,-0.0328
2026-06-25 13:15:00,Site_C,Bldg_C1,Meter_Bldg_C1_01,38.2,0.627,465.09,Multivariate Telemetry Anomaly,-0.0125
2026-06-25 13:30:00,Site_C,Bldg_C1,Meter_Bldg_C1_01,38.64,0.643,465.85,Multivariate Telemetry Anomaly,-0.0151
2026-06-25 13:45:00,Site_C,Bldg_C1,Meter_Bldg_C1_01,37.8,0.533,465.95,Multivariate Telemetry Anomaly,-0.0098
2026-06-25 14:00:00,Site_C,Bldg_C1,Meter_Bldg_C1_01,37.62,0.648,456.85,Multivariate Telemetry Anomaly,-0.0052
2026-06-25 14:15:00,Site_C,Bldg_C1,Meter_Bldg_C1_01,37.08,0.525,455.14,Multivariate Telemetry Anomaly,-0.0016
2026-06-25 14:30:00,Site_C,Bldg_C1,Meter_Bldg_C1_01,39.57,0.577,466.52,Multivariate Telemetry Anomaly,-0.0267
2026-06-25 14:45:00,Site_C,Bldg_C1,Meter_Bldg_C1_01,38.38,0.617,465.8,Multivariate Telemetry Anomaly,-0.0082
2026-06-25 15:30:00,Site_C,Bldg_C1,Meter_Bldg_C1_01,38.43,0.56,445.92,Multivariate Telemetry Anomaly,-0.0107
2026-06-25 15:45:00,Site_C,Bldg_C1,Meter_Bldg_C1_01,38.08,0.571,444.91,Multivariate Telemetry Anomaly,-0.0041
2026-06-26 10:00:00,Site_C,Bldg_C1,Meter_Bldg_C1_01,38.89,0.566,431.21,Multivariate Telemetry Anomaly,-0.0235
2026-06-26 10:15:00,Site_C,Bldg_C1,Meter_Bldg_C1_01,38.76,0.598,428.02,Multivariate Telemetry Anomaly,-0.0064
2026-06-26 11:00:00,Site_C,Bldg_C1,Meter_Bldg_C1_01,38.29,0.619,445.18,Multivariate Telemetry Anomaly,-0.01
2026-06-26 11:45:00,Site_C,Bldg_C1,Meter_Bldg_C1_01,37.73,0.568,443.32,Multivariate Telemetry Anomaly,-0.0174
2026-06-26 12:00:00,Site_C,Bldg_C1,Meter_Bldg_C1_01,39.42,0.643,462.46,Multivariate Telemetry Anomaly,-0.0283
2026-06-26 12:15:00,Site_C,Bldg_C1,Meter_Bldg_C1_01,37.22,0.524,457.04,Multivariate Telemetry Anomaly,-0.0001
2026-06-26 12:30:00,Site_C,Bldg_C1,Meter_Bldg_C1_01,39.01,0.59,462.49,Multivariate Telemetry Anomaly,-0.0135
2026-06-26 12:45:00,Site_C,Bldg_C1,Meter_Bldg_C1_01,38.96,0.622,464.61,Multivariate Telemetry Anomaly,-0.0429
2026-06-26 13:00:00,Site_C,Bldg_C1,Meter_Bldg_C1_01,37.94,0.691,463.2,Multivariate Telemetry Anomaly,-0.0186
2026-06-26 13:15:00,Site_C,Bldg_C1,Meter_Bldg_C1_01,38.11,0.611,461.43,Multivariate Telemetry Anomaly,-0.011
2026-06-26 13:30:00,Site_C,Bldg_C1,Meter_Bldg_C1_01,37.73,0.63,462.48,Multivariate Telemetry Anomaly,-0.0037
2026-06-26 13:45:00,Site_C,Bldg_C1,Meter_Bldg_C1_01,37.92,0.603,464.21,Multivariate Telemetry Anomaly,-0.0099
2026-06-26 14:15:00,Site_C,Bldg_C1,Meter_Bldg_C1_01,38.75,0.665,463.68,Multivariate Telemetry Anomaly,-0.0291
2026-06-26 14:30:00,Site_C,Bldg_C1,Meter_Bldg_C1_01,38.84,0.516,459.07,Multivariate Telemetry Anomaly,-0.0258
2026-06-26 15:00:00,Site_C,Bldg_C1,Meter_Bldg_C1_01,38.38,0.631,449.65,Multivariate Telemetry Anomaly,-0.0218
2026-06-26 15:15:00,Site_C,Bldg_C1,Meter_Bldg_C1_01,38.96,0.562,449.51,Multivariate Telemetry Anomaly,-0.0267
2026-06-26 16:30:00,Site_C,Bldg_C1,Meter_Bldg_C1_01,38.4,0.648,426.9,Multivariate Telemetry Anomaly,-0.0018
2026-06-26 16:45:00,Site_C,Bldg_C1,Meter_Bldg_C1_01,38.56,0.503,429.57,Multivariate Telemetry Anomaly,-0.0086
2026-06-29 11:00:00,Site_C,Bldg_C1,Meter_Bldg_C1_01,39.65,0.625,453.17,Multivariate Telemetry Anomaly,-0.0116
2026-06-29 11:15:00,Site_C,Bldg_C1,Meter_Bldg_C1_01,37.41,0.551,444.8,Multivariate Telemetry Anomaly,-0.0051
2026-06-29 11:30:00,Site_C,Bldg_C1,Meter_Bldg_C1_01,37.62,0.627,444.13,Multivariate Telemetry Anomaly,-0.0159
2026-06-29 11:45:00,Site_C,Bldg_C1,Meter_Bldg_C1_01,37.99,0.487,447.95,Multivariate Telemetry Anomaly,-0.0096
2026-06-29 12:00:00,Site_C,Bldg_C1,Meter_Bldg_C1_01,38.06,0.614,461.04,Multivariate Telemetry Anomaly,-0.0059
2026-06-29 12:15:00,Site_C,Bldg_C1,Meter_Bldg_C1_01,38.35,0.576,461.88,Multivariate Telemetry Anomaly,-0.0044
2026-06-29 12:30:00,Site_C,Bldg_C1,Meter_Bldg_C1_01,38.44,0.626,457.08,Multivariate Telemetry Anomaly,-0.0444
2026-06-29 12:45:00,Site_C,Bldg_C1,Meter_Bldg_C1_01,39.22,0.586,463.64,Multivariate Telemetry Anomaly,-0.0247
2026-06-29 13:00:00,Site_C,Bldg_C1,Meter_Bldg_C1_01,38.35,0.582,466.63,Multivariate Telemetry Anomaly,-0.0074
2026-06-29 13:15:00,Site_C,Bldg_C1,Meter_Bldg_C1_01,38.73,0.537,466.41,Multivariate Telemetry Anomaly,-0.0421
2026-06-29 13:30:00,Site_C,Bldg_C1,Meter_Bldg_C1_01,38.49,0.527,461.08,Multivariate Telemetry Anomaly,-0.0016
2026-06-29 14:00:00,Site_C,Bldg_C1,Meter_Bldg_C1_01,38.89,0.491,464.79,Multivariate Telemetry Anomaly,-0.0302
2026-06-29 14:30:00,Site_C,Bldg_C1,Meter_Bldg_C1_01,36.99,0.689,451.53,Multivariate Telemetry Anomaly,-0.011
2026-06-29 15:00:00,Site_C,Bldg_C1,Meter_Bldg_C1_01,38.47,0.622,445.06,Multivariate Telemetry Anomaly,-0.011
2026-06-29 15:30:00,Site_C,Bldg_C1,Meter_Bldg_C1_01,37.85,0.689,448.13,Multivariate Telemetry Anomaly,-0.0146
2026-06-29 15:45:00,Site_C,Bldg_C1,Meter_Bldg_C1_01,38.13,0.626,445.28,Multivariate Telemetry Anomaly,-0.0043
2026-06-30 10:00:00,Site_C,Bldg_C1,Meter_Bldg_C1_01,38.28,0.452,422.92,Multivariate Telemetry Anomaly,-0.0047
2026-06-30 10:15:00,Site_C,Bldg_C1,Meter_Bldg_C1_01,38.87,0.617,431.56,Multivariate Telemetry Anomaly,-0.0
2026-06-30 10:45:00,Site_C,Bldg_C1,Meter_Bldg_C1_01,38.24,0.428,426.72,Multivariate Telemetry Anomaly,-0.0053
2026-06-30 11:00:00,Site_C,Bldg_C1,Meter_Bldg_C1_01,38.45,0.504,447.36,Multivariate Telemetry Anomaly,-0.011
2026-06-30 11:15:00,Site_C,Bldg_C1,Meter_Bldg_C1_01,39.68,0.599,451.79,Multivariate Telemetry Anomaly,-0.0187
2026-06-30 11:30:00,Site_C,Bldg_C1,Meter_Bldg_C1_01,38.39,0.575,449.61,Multivariate Telemetry Anomaly,-0.0033
2026-06-30 11:45:00,Site_C,Bldg_C1,Meter_Bldg_C1_01,37.91,0.57,445.69,Multivariate Telemetry Anomaly,-0.0013
2026-06-30 12:00:00,Site_C,Bldg_C1,Meter_Bldg_C1_01,37.55,0.651,456.16,Multivariate Telemetry Anomaly,-0.0032
2026-06-30 12:30:00,Site_C,Bldg_C1,Meter_Bldg_C1_01,38.79,0.637,463.31,Multivariate Telemetry Anomaly,-0.0514
2026-06-30 12:45:00,Site_C,Bldg_C1,Meter_Bldg_C1_01,38.51,0.593,463.35,Multivariate Telemetry Anomaly,-0.0155
2026-06-30 13:00:00,Site_C,Bldg_C1,Meter_Bldg_C1_01,37.32,0.596,463.35,Multivariate Telemetry Anomaly,-0.0014
2026-06-30 13:15:00,Site_C,Bldg_C1,Meter_Bldg_C1_01,38.89,0.579,467.27,Multivariate Telemetry Anomaly,-0.0079
2026-06-30 13:30:00,Site_C,Bldg_C1,Meter_Bldg_C1_01,38.3,0.592,464.95,Multivariate Telemetry Anomaly,-0.0079
2026-06-30 13:45:00,Site_C,Bldg_C1,Meter_Bldg_C1_01,38.82,0.607,468.93,Multivariate Telemetry Anomaly,-0.0134
2026-06-30 14:00:00,Site_C,Bldg_C1,Meter_Bldg_C1_01,37.71,0.575,458.06,Multivariate Telemetry Anomaly,-0.0157
2026-06-30 14:15:00,Site_C,Bldg_C1,Meter_Bldg_C1_01,38.28,0.583,458.41,Multivariate Telemetry Anomaly,-0.0061
2026-06-30 14:45:00,Site_C,Bldg_C1,Meter_Bldg_C1_01,38.39,0.62,463.52,Multivariate Telemetry Anomaly,-0.0414
2026-06-30 15:15:00,Site_C,Bldg_C1,Meter_Bldg_C1_01,38.47,0.567,445.7,Multivariate Telemetry Anomaly,-0.0058
2026-06-30 15:30:00,Site_C,Bldg_C1,Meter_Bldg_C1_01,38.38,0.679,445.5,Multivariate Telemetry Anomaly,-0.0136
2026-06-30 15:45:00,Site_C,Bldg_C1,Meter_Bldg_C1_01,37.32,0.646,445.02,Multivariate Telemetry Anomaly,-0.0007
2026-06-30 16:30:00,Site_C,Bldg_C1,Meter_Bldg_C1_01,38.89,0.637,425.19,Multivariate Telemetry Anomaly,-0.0116
2026-06-01 08:30:00,Site_C,Bldg_C2,Meter_Bldg_C2_01,38.4,0.492,371.87,Multivariate Telemetry Anomaly,-0.0037
2026-06-01 10:15:00,Site_C,Bldg_C2,Meter_Bldg_C2_01,37.8,0.466,423.26,Multivariate Telemetry Anomaly,-0.0031
2026-06-01 11:00:00,Site_C,Bldg_C2,Meter_Bldg_C2_01,38.66,0.609,448.47,Multivariate Telemetry Anomaly,-0.0193
2026-06-01 11:15:00,Site_C,Bldg_C2,Meter_Bldg_C2_01,38.28,0.646,446.23,Multivariate Telemetry Anomaly,-0.0253
2026-06-01 11:30:00,Site_C,Bldg_C2,Meter_Bldg_C2_01,38.52,0.612,448.92,Multivariate Telemetry Anomaly,-0.0093
2026-06-01 11:45:00,Site_C,Bldg_C2,Meter_Bldg_C2_01,38.6,0.601,445.62,Multivariate Telemetry Anomaly,-0.0115
2026-06-01 12:15:00,Site_C,Bldg_C2,Meter_Bldg_C2_01,38.12,0.509,460.11,Multivariate Telemetry Anomaly,-0.0152
2026-06-01 12:30:00,Site_C,Bldg_C2,Meter_Bldg_C2_01,39.15,0.638,465.69,Multivariate Telemetry Anomaly,-0.0365
2026-06-01 12:45:00,Site_C,Bldg_C2,Meter_Bldg_C2_01,38.12,0.628,457.44,Multivariate Telemetry Anomaly,-0.0087
2026-06-01 13:00:00,Site_C,Bldg_C2,Meter_Bldg_C2_01,38.39,0.599,462.78,Multivariate Telemetry Anomaly,-0.0322
2026-06-01 13:15:00,Site_C,Bldg_C2,Meter_Bldg_C2_01,38.6,0.629,466.93,Multivariate Telemetry Anomaly,-0.0207
2026-06-01 13:30:00,Site_C,Bldg_C2,Meter_Bldg_C2_01,39.34,0.536,467.47,Multivariate Telemetry Anomaly,-0.0278
2026-06-01 13:45:00,Site_C,Bldg_C2,Meter_Bldg_C2_01,38.66,0.574,467.6,Multivariate Telemetry Anomaly,-0.0237
2026-06-01 14:00:00,Site_C,Bldg_C2,Meter_Bldg_C2_01,38.55,0.501,463.08,Multivariate Telemetry Anomaly,-0.0247
2026-06-01 14:15:00,Site_C,Bldg_C2,Meter_Bldg_C2_01,38.51,0.63,463.92,Multivariate Telemetry Anomaly,-0.0221
2026-06-01 15:30:00,Site_C,Bldg_C2,Meter_Bldg_C2_01,39.55,0.55,454.55,Multivariate Telemetry Anomaly,-0.014
2026-06-01 15:45:00,Site_C,Bldg_C2,Meter_Bldg_C2_01,37.17,0.599,439.89,Multivariate Telemetry Anomaly,-0.0164
2026-06-01 17:30:00,Site_C,Bldg_C2,Meter_Bldg_C2_01,37.82,0.593,401.8,Multivariate Telemetry Anomaly,-0.0094
2026-06-02 10:00:00,Site_C,Bldg_C2,Meter_Bldg_C2_01,37.63,0.591,423.96,Multivariate Telemetry Anomaly,-0.0058
2026-06-02 10:30:00,Site_C,Bldg_C2,Meter_Bldg_C2_01,38.34,0.628,422.04,Multivariate Telemetry Anomaly,-0.0046
2026-06-02 11:00:00,Site_C,Bldg_C2,Meter_Bldg_C2_01,38.81,0.685,450.39,Multivariate Telemetry Anomaly,-0.0171
2026-06-02 11:30:00,Site_C,Bldg_C2,Meter_Bldg_C2_01,38.75,0.67,450.24,Multivariate Telemetry Anomaly,-0.0359
2026-06-02 11:45:00,Site_C,Bldg_C2,Meter_Bldg_C2_01,38.47,0.528,445.31,Multivariate Telemetry Anomaly,-0.0166
2026-06-02 12:15:00,Site_C,Bldg_C2,Meter_Bldg_C2_01,38.59,0.537,461.03,Multivariate Telemetry Anomaly,-0.0064
2026-06-02 12:30:00,Site_C,Bldg_C2,Meter_Bldg_C2_01,38.22,0.534,461.28,Multivariate Telemetry Anomaly,-0.0164
2026-06-02 13:00:00,Site_C,Bldg_C2,Meter_Bldg_C2_01,38.0,0.545,465.37,Multivariate Telemetry Anomaly,-0.0051
2026-06-02 13:15:00,Site_C,Bldg_C2,Meter_Bldg_C2_01,38.68,0.522,467.77,Multivariate Telemetry Anomaly,-0.028
2026-06-02 13:30:00,Site_C,Bldg_C2,Meter_Bldg_C2_01,38.02,0.588,469.11,Multivariate Telemetry Anomaly,-0.0125
2026-06-02 13:45:00,Site_C,Bldg_C2,Meter_Bldg_C2_01,37.23,0.623,458.96,Multivariate Telemetry Anomaly,-0.0014
2026-06-02 14:15:00,Site_C,Bldg_C2,Meter_Bldg_C2_01,37.54,0.633,458.96,Multivariate Telemetry Anomaly,-0.0094
2026-06-02 14:30:00,Site_C,Bldg_C2,Meter_Bldg_C2_01,39.42,0.606,464.21,Multivariate Telemetry Anomaly,-0.0409
2026-06-02 14:45:00,Site_C,Bldg_C2,Meter_Bldg_C2_01,38.24,0.646,459.34,Multivariate Telemetry Anomaly,-0.03
2026-06-02 15:15:00,Site_C,Bldg_C2,Meter_Bldg_C2_01,38.11,0.623,448.06,Multivariate Telemetry Anomaly,-0.0349
2026-06-02 15:30:00,Site_C,Bldg_C2,Meter_Bldg_C2_01,38.28,0.563,449.2,Multivariate Telemetry Anomaly,-0.0016
2026-06-02 15:45:00,Site_C,Bldg_C2,Meter_Bldg_C2_01,37.75,0.617,439.32,Multivariate Telemetry Anomaly,-0.0007
2026-06-02 16:30:00,Site_C,Bldg_C2,Meter_Bldg_C2_01,38.04,0.593,425.07,Multivariate Telemetry Anomaly,-0.0053
2026-06-03 09:30:00,Site_C,Bldg_C2,Meter_Bldg_C2_01,38.18,0.534,399.25,Multivariate Telemetry Anomaly,-0.0145
2026-06-03 10:45:00,Site_C,Bldg_C2,Meter_Bldg_C2_01,38.51,0.585,430.19,Multivariate Telemetry Anomaly,-0.0059
2026-06-03 11:00:00,Site_C,Bldg_C2,Meter_Bldg_C2_01,38.53,0.634,449.55,Multivariate Telemetry Anomaly,-0.0316
2026-06-03 11:15:00,Site_C,Bldg_C2,Meter_Bldg_C2_01,38.51,0.61,449.23,Multivariate Telemetry Anomaly,-0.0399
2026-06-03 11:30:00,Site_C,Bldg_C2,Meter_Bldg_C2_01,37.85,0.618,447.87,Multivariate Telemetry Anomaly,-0.0241
2026-06-03 11:45:00,Site_C,Bldg_C2,Meter_Bldg_C2_01,38.89,0.621,449.51,Multivariate Telemetry Anomaly,-0.0098
2026-06-03 12:00:00,Site_C,Bldg_C2,Meter_Bldg_C2_01,38.58,0.635,460.43,Multivariate Telemetry Anomaly,-0.0265
2026-06-03 12:15:00,Site_C,Bldg_C2,Meter_Bldg_C2_01,38.82,0.674,461.84,Multivariate Telemetry Anomaly,-0.0153
2026-06-03 12:30:00,Site_C,Bldg_C2,Meter_Bldg_C2_01,37.83,0.654,454.18,Multivariate Telemetry Anomaly,-0.0171
2026-06-03 12:45:00,Site_C,Bldg_C2,Meter_Bldg_C2_01,39.34,0.583,462.5,Multivariate Telemetry Anomaly,-0.0579
2026-06-03 13:00:00,Site_C,Bldg_C2,Meter_Bldg_C2_01,38.53,0.589,466.59,Multivariate Telemetry Anomaly,-0.01
2026-06-03 13:15:00,Site_C,Bldg_C2,Meter_Bldg_C2_01,38.84,0.606,464.73,Multivariate Telemetry Anomaly,-0.0355
2026-06-03 13:30:00,Site_C,Bldg_C2,Meter_Bldg_C2_01,38.5,0.604,464.93,Multivariate Telemetry Anomaly,-0.0147
2026-06-03 13:45:00,Site_C,Bldg_C2,Meter_Bldg_C2_01,37.78,0.658,468.94,Multivariate Telemetry Anomaly,-0.0003
2026-06-03 14:00:00,Site_C,Bldg_C2,Meter_Bldg_C2_01,37.76,0.649,461.13,Multivariate Telemetry Anomaly,-0.0091
2026-06-03 14:15:00,Site_C,Bldg_C2,Meter_Bldg_C2_01,37.47,0.582,458.54,Multivariate Telemetry Anomaly,-0.0088
2026-06-03 14:30:00,Site_C,Bldg_C2,Meter_Bldg_C2_01,39.15,0.558,468.74,Multivariate Telemetry Anomaly,-0.0153
2026-06-03 14:45:00,Site_C,Bldg_C2,Meter_Bldg_C2_01,37.86,0.604,456.31,Multivariate Telemetry Anomaly,-0.0088
2026-06-03 15:15:00,Site_C,Bldg_C2,Meter_Bldg_C2_01,38.24,0.596,449.87,Multivariate Telemetry Anomaly,-0.0018
2026-06-03 15:30:00,Site_C,Bldg_C2,Meter_Bldg_C2_01,38.77,0.658,450.27,Multivariate Telemetry Anomaly,-0.0111
2026-06-04 09:00:00,Site_C,Bldg_C2,Meter_Bldg_C2_01,37.46,0.542,395.87,Multivariate Telemetry Anomaly,-0.0045
2026-06-04 09:30:00,Site_C,Bldg_C2,Meter_Bldg_C2_01,38.28,0.507,398.42,Multivariate Telemetry Anomaly,-0.0023
2026-06-04 10:00:00,Site_C,Bldg_C2,Meter_Bldg_C2_01,38.13,0.56,427.17,Multivariate Telemetry Anomaly,-0.0246
2026-06-04 10:15:00,Site_C,Bldg_C2,Meter_Bldg_C2_01,38.63,0.562,425.62,Multivariate Telemetry Anomaly,-0.0102
2026-06-04 11:30:00,Site_C,Bldg_C2,Meter_Bldg_C2_01,38.26,0.515,444.5,Multivariate Telemetry Anomaly,-0.0009
2026-06-04 12:00:00,Site_C,Bldg_C2,Meter_Bldg_C2_01,38.25,0.669,460.69,Multivariate Telemetry Anomaly,-0.0252
2026-06-04 12:15:00,Site_C,Bldg_C2,Meter_Bldg_C2_01,38.22,0.53,457.33,Multivariate Telemetry Anomaly,-0.0092
2026-06-04 12:30:00,Site_C,Bldg_C2,Meter_Bldg_C2_01,38.04,0.617,458.99,Multivariate Telemetry Anomaly,-0.0176
2026-06-04 12:45:00,Site_C,Bldg_C2,Meter_Bldg_C2_01,39.1,0.564,463.9,Multivariate Telemetry Anomaly,-0.017
2026-06-04 13:00:00,Site_C,Bldg_C2,Meter_Bldg_C2_01,39.09,0.704,468.43,Multivariate Telemetry Anomaly,-0.0359
2026-06-04 13:15:00,Site_C,Bldg_C2,Meter_Bldg_C2_01,38.64,0.576,465.93,Multivariate Telemetry Anomaly,-0.0173
2026-06-04 13:30:00,Site_C,Bldg_C2,Meter_Bldg_C2_01,39.03,0.548,466.38,Multivariate Telemetry Anomaly,-0.016
2026-06-04 13:45:00,Site_C,Bldg_C2,Meter_Bldg_C2_01,39.1,0.561,468.93,Multivariate Telemetry Anomaly,-0.008
2026-06-04 14:00:00,Site_C,Bldg_C2,Meter_Bldg_C2_01,38.93,0.588,465.41,Multivariate Telemetry Anomaly,-0.0055
2026-06-04 14:15:00,Site_C,Bldg_C2,Meter_Bldg_C2_01,36.68,0.656,452.45,Multivariate Telemetry Anomaly,-0.0035
2026-06-04 14:30:00,Site_C,Bldg_C2,Meter_Bldg_C2_01,38.5,0.501,462.02,Multivariate Telemetry Anomaly,-0.0131
2026-06-04 14:45:00,Site_C,Bldg_C2,Meter_Bldg_C2_01,38.77,0.619,464.29,Multivariate Telemetry Anomaly,-0.0135
2026-06-04 15:00:00,Site_C,Bldg_C2,Meter_Bldg_C2_01,38.37,0.57,447.25,Multivariate Telemetry Anomaly,-0.0003
2026-06-04 17:00:00,Site_C,Bldg_C2,Meter_Bldg_C2_01,36.19,0.528,393.88,Multivariate Telemetry Anomaly,-0.0058
2026-06-05 09:15:00,Site_C,Bldg_C2,Meter_Bldg_C2_01,38.3,0.466,400.74,Multivariate Telemetry Anomaly,-0.0041
2026-06-05 10:15:00,Site_C,Bldg_C2,Meter_Bldg_C2_01,38.82,0.583,430.36,Multivariate Telemetry Anomaly,-0.0171
2026-06-05 10:45:00,Site_C,Bldg_C2,Meter_Bldg_C2_01,38.86,0.544,428.55,Multivariate Telemetry Anomaly,-0.0017
2026-06-05 11:00:00,Site_C,Bldg_C2,Meter_Bldg_C2_01,39.08,0.549,448.74,Multivariate Telemetry Anomaly,-0.0351
2026-06-05 11:15:00,Site_C,Bldg_C2,Meter_Bldg_C2_01,38.86,0.6,450.48,Multivariate Telemetry Anomaly,-0.018
2026-06-05 11:30:00,Site_C,Bldg_C2,Meter_Bldg_C2_01,38.93,0.641,450.71,Multivariate Telemetry Anomaly,-0.0362
2026-06-05 11:45:00,Site_C,Bldg_C2,Meter_Bldg_C2_01,38.67,0.599,453.32,Multivariate Telemetry Anomaly,-0.0228
2026-06-05 12:00:00,Site_C,Bldg_C2,Meter_Bldg_C2_01,38.7,0.536,462.37,Multivariate Telemetry Anomaly,-0.0208
2026-06-05 12:15:00,Site_C,Bldg_C2,Meter_Bldg_C2_01,38.2,0.636,459.86,Multivariate Telemetry Anomaly,-0.0264
2026-06-05 12:30:00,Site_C,Bldg_C2,Meter_Bldg_C2_01,39.17,0.502,460.47,Multivariate Telemetry Anomaly,-0.017
2026-06-05 12:45:00,Site_C,Bldg_C2,Meter_Bldg_C2_01,38.44,0.522,462.73,Multivariate Telemetry Anomaly,-0.0476
2026-06-05 13:00:00,Site_C,Bldg_C2,Meter_Bldg_C2_01,37.55,0.528,461.67,Multivariate Telemetry Anomaly,-0.0309
2026-06-05 13:15:00,Site_C,Bldg_C2,Meter_Bldg_C2_01,39.29,0.667,469.61,Multivariate Telemetry Anomaly,-0.0214
2026-06-05 13:30:00,Site_C,Bldg_C2,Meter_Bldg_C2_01,38.64,0.601,469.61,Multivariate Telemetry Anomaly,-0.0143
2026-06-05 13:45:00,Site_C,Bldg_C2,Meter_Bldg_C2_01,38.31,0.555,465.42,Multivariate Telemetry Anomaly,-0.0092
2026-06-05 14:30:00,Site_C,Bldg_C2,Meter_Bldg_C2_01,38.11,0.549,458.99,Multivariate Telemetry Anomaly,-0.004
2026-06-05 14:45:00,Site_C,Bldg_C2,Meter_Bldg_C2_01,38.08,0.589,460.41,Multivariate Telemetry Anomaly,-0.0165
2026-06-05 15:00:00,Site_C,Bldg_C2,Meter_Bldg_C2_01,38.94,0.576,449.77,Multivariate Telemetry Anomaly,-0.0139
2026-06-05 15:45:00,Site_C,Bldg_C2,Meter_Bldg_C2_01,38.67,0.634,453.06,Multivariate Telemetry Anomaly,-0.0145
2026-06-05 16:45:00,Site_C,Bldg_C2,Meter_Bldg_C2_01,38.78,0.608,426.8,Multivariate Telemetry Anomaly,-0.0087
2026-06-08 10:00:00,Site_C,Bldg_C2,Meter_Bldg_C2_01,38.64,0.499,428.06,Multivariate Telemetry Anomaly,-0.0009
2026-06-08 10:15:00,Site_C,Bldg_C2,Meter_Bldg_C2_01,38.59,0.531,428.02,Multivariate Telemetry Anomaly,-0.0027
2026-06-08 10:45:00,Site_C,Bldg_C2,Meter_Bldg_C2_01,39.07,0.499,431.55,Multivariate Telemetry Anomaly,-0.0275
2026-06-08 11:30:00,Site_C,Bldg_C2,Meter_Bldg_C2_01,37.95,0.59,445.2,Multivariate Telemetry Anomaly,-0.0071
2026-06-08 11:45:00,Site_C,Bldg_C2,Meter_Bldg_C2_01,38.96,0.537,451.12,Multivariate Telemetry Anomaly,-0.0042
2026-06-08 12:00:00,Site_C,Bldg_C2,Meter_Bldg_C2_01,38.61,0.584,458.47,Multivariate Telemetry Anomaly,-0.0067
2026-06-08 12:15:00,Site_C,Bldg_C2,Meter_Bldg_C2_01,39.24,0.633,465.55,Multivariate Telemetry Anomaly,-0.0321
2026-06-08 12:30:00,Site_C,Bldg_C2,Meter_Bldg_C2_01,37.62,0.598,453.96,Multivariate Telemetry Anomaly,-0.0115
2026-06-08 12:45:00,Site_C,Bldg_C2,Meter_Bldg_C2_01,38.05,0.558,459.49,Multivariate Telemetry Anomaly,-0.0332
2026-06-08 13:30:00,Site_C,Bldg_C2,Meter_Bldg_C2_01,38.52,0.582,465.3,Multivariate Telemetry Anomaly,-0.0095
2026-06-08 13:45:00,Site_C,Bldg_C2,Meter_Bldg_C2_01,38.4,0.54,464.49,Multivariate Telemetry Anomaly,-0.0099
2026-06-08 14:15:00,Site_C,Bldg_C2,Meter_Bldg_C2_01,39.37,0.541,464.5,Multivariate Telemetry Anomaly,-0.0145
2026-06-08 14:45:00,Site_C,Bldg_C2,Meter_Bldg_C2_01,39.03,0.597,463.82,Multivariate Telemetry Anomaly,-0.0067
2026-06-08 15:15:00,Site_C,Bldg_C2,Meter_Bldg_C2_01,38.34,0.586,446.89,Multivariate Telemetry Anomaly,-0.0149
2026-06-09 10:00:00,Site_C,Bldg_C2,Meter_Bldg_C2_01,38.74,0.591,428.79,Multivariate Telemetry Anomaly,-0.0053
2026-06-09 10:15:00,Site_C,Bldg_C2,Meter_Bldg_C2_01,38.57,0.519,431.41,Multivariate Telemetry Anomaly,-0.0074
2026-06-09 10:45:00,Site_C,Bldg_C2,Meter_Bldg_C2_01,38.69,0.585,429.57,Multivariate Telemetry Anomaly,-0.0011
2026-06-09 11:00:00,Site_C,Bldg_C2,Meter_Bldg_C2_01,38.01,0.674,443.6,Multivariate Telemetry Anomaly,-0.0276
2026-06-09 11:15:00,Site_C,Bldg_C2,Meter_Bldg_C2_01,39.3,0.593,456.39,Multivariate Telemetry Anomaly,-0.0304
2026-06-09 11:30:00,Site_C,Bldg_C2,Meter_Bldg_C2_01,38.44,0.668,445.79,Multivariate Telemetry Anomaly,-0.0127
2026-06-09 11:45:00,Site_C,Bldg_C2,Meter_Bldg_C2_01,38.6,0.53,450.21,Multivariate Telemetry Anomaly,-0.0149
2026-06-09 12:00:00,Site_C,Bldg_C2,Meter_Bldg_C2_01,38.77,0.509,464.16,Multivariate Telemetry Anomaly,-0.0484
2026-06-09 12:15:00,Site_C,Bldg_C2,Meter_Bldg_C2_01,37.86,0.716,460.28,Multivariate Telemetry Anomaly,-0.0154
2026-06-09 12:30:00,Site_C,Bldg_C2,Meter_Bldg_C2_01,38.23,0.616,463.28,Multivariate Telemetry Anomaly,-0.0148
2026-06-09 12:45:00,Site_C,Bldg_C2,Meter_Bldg_C2_01,38.74,0.59,464.85,Multivariate Telemetry Anomaly,-0.013
2026-06-09 13:00:00,Site_C,Bldg_C2,Meter_Bldg_C2_01,38.21,0.617,463.92,Multivariate Telemetry Anomaly,-0.0258
2026-06-09 13:15:00,Site_C,Bldg_C2,Meter_Bldg_C2_01,38.62,0.555,471.81,Multivariate Telemetry Anomaly,-0.0307
2026-06-09 13:30:00,Site_C,Bldg_C2,Meter_Bldg_C2_01,38.83,0.676,462.63,Multivariate Telemetry Anomaly,-0.034
2026-06-09 13:45:00,Site_C,Bldg_C2,Meter_Bldg_C2_01,38.36,0.632,466.24,Multivariate Telemetry Anomaly,-0.0214
2026-06-09 14:15:00,Site_C,Bldg_C2,Meter_Bldg_C2_01,38.39,0.571,460.1,Multivariate Telemetry Anomaly,-0.0112
2026-06-09 14:30:00,Site_C,Bldg_C2,Meter_Bldg_C2_01,38.74,0.626,462.92,Multivariate Telemetry Anomaly,-0.0236
2026-06-09 14:45:00,Site_C,Bldg_C2,Meter_Bldg_C2_01,37.9,0.614,455.46,Multivariate Telemetry Anomaly,-0.0166
2026-06-09 15:00:00,Site_C,Bldg_C2,Meter_Bldg_C2_01,38.94,0.509,449.84,Multivariate Telemetry Anomaly,-0.0024
2026-06-09 15:15:00,Site_C,Bldg_C2,Meter_Bldg_C2_01,39.22,0.569,452.37,Multivariate Telemetry Anomaly,-0.0104
2026-06-09 15:45:00,Site_C,Bldg_C2,Meter_Bldg_C2_01,37.94,0.554,446.63,Multivariate Telemetry Anomaly,-0.0184
2026-06-10 09:15:00,Site_C,Bldg_C2,Meter_Bldg_C2_01,37.69,0.622,398.88,Multivariate Telemetry Anomaly,-0.0043
2026-06-10 10:00:00,Site_C,Bldg_C2,Meter_Bldg_C2_01,37.72,0.679,424.51,Multivariate Telemetry Anomaly,-0.0096
2026-06-10 10:15:00,Site_C,Bldg_C2,Meter_Bldg_C2_01,38.36,0.556,426.58,Multivariate Telemetry Anomaly,-0.0091
2026-06-10 10:45:00,Site_C,Bldg_C2,Meter_Bldg_C2_01,38.41,0.629,432.1,Multivariate Telemetry Anomaly,-0.0172
2026-06-10 11:00:00,Site_C,Bldg_C2,Meter_Bldg_C2_01,38.44,0.616,448.94,Multivariate Telemetry Anomaly,-0.0001
2026-06-10 11:15:00,Site_C,Bldg_C2,Meter_Bldg_C2_01,38.69,0.57,449.2,Multivariate Telemetry Anomaly,-0.0135
2026-06-10 11:30:00,Site_C,Bldg_C2,Meter_Bldg_C2_01,38.55,0.603,448.19,Multivariate Telemetry Anomaly,-0.0015
2026-06-10 11:45:00,Site_C,Bldg_C2,Meter_Bldg_C2_01,37.47,0.56,442.22,Multivariate Telemetry Anomaly,-0.0152
2026-06-10 12:00:00,Site_C,Bldg_C2,Meter_Bldg_C2_01,38.23,0.574,460.13,Multivariate Telemetry Anomaly,-0.0143
2026-06-10 12:15:00,Site_C,Bldg_C2,Meter_Bldg_C2_01,38.46,0.545,462.55,Multivariate Telemetry Anomaly,-0.0122
2026-06-10 12:30:00,Site_C,Bldg_C2,Meter_Bldg_C2_01,38.63,0.611,458.75,Multivariate Telemetry Anomaly,-0.0053
2026-06-10 12:45:00,Site_C,Bldg_C2,Meter_Bldg_C2_01,38.53,0.575,459.32,Multivariate Telemetry Anomaly,-0.0034
2026-06-10 13:15:00,Site_C,Bldg_C2,Meter_Bldg_C2_01,38.7,0.592,468.7,Multivariate Telemetry Anomaly,-0.04
2026-06-10 13:30:00,Site_C,Bldg_C2,Meter_Bldg_C2_01,38.11,0.659,462.98,Multivariate Telemetry Anomaly,-0.0342
2026-06-10 13:45:00,Site_C,Bldg_C2,Meter_Bldg_C2_01,38.28,0.613,465.47,Multivariate Telemetry Anomaly,-0.01
2026-06-10 14:00:00,Site_C,Bldg_C2,Meter_Bldg_C2_01,38.32,0.557,459.8,Multivariate Telemetry Anomaly,-0.0264
2026-06-10 14:15:00,Site_C,Bldg_C2,Meter_Bldg_C2_01,38.81,0.603,462.46,Multivariate Telemetry Anomaly,-0.007
2026-06-10 14:45:00,Site_C,Bldg_C2,Meter_Bldg_C2_01,38.22,0.563,459.22,Multivariate Telemetry Anomaly,-0.0023
2026-06-10 15:00:00,Site_C,Bldg_C2,Meter_Bldg_C2_01,38.68,0.603,448.33,Multivariate Telemetry Anomaly,-0.0075
2026-06-10 15:15:00,Site_C,Bldg_C2,Meter_Bldg_C2_01,37.87,0.624,444.01,Multivariate Telemetry Anomaly,-0.0016
2026-06-10 15:30:00,Site_C,Bldg_C2,Meter_Bldg_C2_01,37.58,0.512,445.57,Multivariate Telemetry Anomaly,-0.0
2026-06-10 15:45:00,Site_C,Bldg_C2,Meter_Bldg_C2_01,39.13,0.561,450.01,Multivariate Telemetry Anomaly,-0.0051
2026-06-11 10:15:00,Site_C,Bldg_C2,Meter_Bldg_C2_01,38.57,0.638,428.61,Multivariate Telemetry Anomaly,-0.0014
2026-06-11 10:45:00,Site_C,Bldg_C2,Meter_Bldg_C2_01,38.05,0.522,427.97,Multivariate Telemetry Anomaly,-0.0092
2026-06-11 11:00:00,Site_C,Bldg_C2,Meter_Bldg_C2_01,37.59,0.641,444.72,Multivariate Telemetry Anomaly,-0.0037
2026-06-11 11:30:00,Site_C,Bldg_C2,Meter_Bldg_C2_01,39.18,0.641,456.51,Multivariate Telemetry Anomaly,-0.0181
2026-06-11 11:45:00,Site_C,Bldg_C2,Meter_Bldg_C2_01,39.54,0.604,449.75,Multivariate Telemetry Anomaly,-0.0144
2026-06-11 12:00:00,Site_C,Bldg_C2,Meter_Bldg_C2_01,38.89,0.62,463.55,Multivariate Telemetry Anomaly,-0.033
2026-06-11 12:15:00,Site_C,Bldg_C2,Meter_Bldg_C2_01,38.56,0.698,461.09,Multivariate Telemetry Anomaly,-0.0159
2026-06-11 12:45:00,Site_C,Bldg_C2,Meter_Bldg_C2_01,38.98,0.613,463.88,Multivariate Telemetry Anomaly,-0.0295
2026-06-11 13:00:00,Site_C,Bldg_C2,Meter_Bldg_C2_01,39.02,0.604,466.29,Multivariate Telemetry Anomaly,-0.0167
2026-06-11 13:15:00,Site_C,Bldg_C2,Meter_Bldg_C2_01,38.9,0.558,466.97,Multivariate Telemetry Anomaly,-0.0145
2026-06-11 13:30:00,Site_C,Bldg_C2,Meter_Bldg_C2_01,37.92,0.618,462.11,Multivariate Telemetry Anomaly,-0.0093
2026-06-11 13:45:00,Site_C,Bldg_C2,Meter_Bldg_C2_01,38.77,0.599,467.36,Multivariate Telemetry Anomaly,-0.0117
2026-06-11 14:00:00,Site_C,Bldg_C2,Meter_Bldg_C2_01,37.74,0.592,458.23,Multivariate Telemetry Anomaly,-0.0002
2026-06-11 14:15:00,Site_C,Bldg_C2,Meter_Bldg_C2_01,38.83,0.606,463.66,Multivariate Telemetry Anomaly,-0.0171
2026-06-11 14:30:00,Site_C,Bldg_C2,Meter_Bldg_C2_01,38.6,0.585,462.85,Multivariate Telemetry Anomaly,-0.0205
2026-06-11 15:30:00,Site_C,Bldg_C2,Meter_Bldg_C2_01,39.14,0.622,447.99,Multivariate Telemetry Anomaly,-0.0315
2026-06-11 16:00:00,Site_C,Bldg_C2,Meter_Bldg_C2_01,37.26,0.658,420.84,Multivariate Telemetry Anomaly,-0.0135
2026-06-11 16:15:00,Site_C,Bldg_C2,Meter_Bldg_C2_01,37.45,0.559,421.96,Multivariate Telemetry Anomaly,-0.0078
2026-06-11 16:30:00,Site_C,Bldg_C2,Meter_Bldg_C2_01,36.5,0.491,416.0,Multivariate Telemetry Anomaly,-0.0068
2026-06-12 09:15:00,Site_C,Bldg_C2,Meter_Bldg_C2_01,38.34,0.562,406.64,Multivariate Telemetry Anomaly,-0.0099
2026-06-12 10:00:00,Site_C,Bldg_C2,Meter_Bldg_C2_01,38.8,0.523,430.13,Multivariate Telemetry Anomaly,-0.0145
2026-06-12 10:15:00,Site_C,Bldg_C2,Meter_Bldg_C2_01,37.01,0.53,419.79,Multivariate Telemetry Anomaly,-0.0101
2026-06-12 10:30:00,Site_C,Bldg_C2,Meter_Bldg_C2_01,38.59,0.513,428.76,Multivariate Telemetry Anomaly,-0.0226
2026-06-12 11:00:00,Site_C,Bldg_C2,Meter_Bldg_C2_01,37.78,0.582,443.83,Multivariate Telemetry Anomaly,-0.0077
2026-06-12 11:15:00,Site_C,Bldg_C2,Meter_Bldg_C2_01,38.86,0.62,449.02,Multivariate Telemetry Anomaly,-0.0081
2026-06-12 11:30:00,Site_C,Bldg_C2,Meter_Bldg_C2_01,38.5,0.59,450.0,Multivariate Telemetry Anomaly,-0.0232
2026-06-12 12:00:00,Site_C,Bldg_C2,Meter_Bldg_C2_01,38.63,0.622,461.58,Multivariate Telemetry Anomaly,-0.0054
2026-06-12 12:30:00,Site_C,Bldg_C2,Meter_Bldg_C2_01,38.79,0.642,460.24,Multivariate Telemetry Anomaly,-0.021
2026-06-12 12:45:00,Site_C,Bldg_C2,Meter_Bldg_C2_01,38.18,0.566,463.3,Multivariate Telemetry Anomaly,-0.0372
2026-06-12 13:00:00,Site_C,Bldg_C2,Meter_Bldg_C2_01,38.42,0.618,463.45,Multivariate Telemetry Anomaly,-0.0233
2026-06-12 13:15:00,Site_C,Bldg_C2,Meter_Bldg_C2_01,38.71,0.589,463.71,Multivariate Telemetry Anomaly,-0.0239
2026-06-12 13:30:00,Site_C,Bldg_C2,Meter_Bldg_C2_01,38.76,0.671,465.6,Multivariate Telemetry Anomaly,-0.0368
2026-06-12 13:45:00,Site_C,Bldg_C2,Meter_Bldg_C2_01,38.4,0.58,469.16,Multivariate Telemetry Anomaly,-0.0038
2026-06-12 14:00:00,Site_C,Bldg_C2,Meter_Bldg_C2_01,39.17,0.66,467.05,Multivariate Telemetry Anomaly,-0.0342
2026-06-12 14:15:00,Site_C,Bldg_C2,Meter_Bldg_C2_01,38.82,0.638,462.88,Multivariate Telemetry Anomaly,-0.0183
2026-06-12 14:30:00,Site_C,Bldg_C2,Meter_Bldg_C2_01,37.74,0.639,456.98,Multivariate Telemetry Anomaly,-0.0069
2026-06-12 16:00:00,Site_C,Bldg_C2,Meter_Bldg_C2_01,38.01,0.576,427.86,Multivariate Telemetry Anomaly,-0.0129
2026-06-12 16:30:00,Site_C,Bldg_C2,Meter_Bldg_C2_01,37.37,0.643,417.94,Multivariate Telemetry Anomaly,-0.0002
2026-06-12 17:15:00,Site_C,Bldg_C2,Meter_Bldg_C2_01,36.59,0.571,391.49,Multivariate Telemetry Anomaly,-0.0016
2026-06-15 09:00:00,Site_C,Bldg_C2,Meter_Bldg_C2_01,38.37,0.541,399.93,Multivariate Telemetry Anomaly,-0.0034
2026-06-15 10:00:00,Site_C,Bldg_C2,Meter_Bldg_C2_01,38.71,0.519,426.17,Multivariate Telemetry Anomaly,-0.0061
2026-06-15 10:15:00,Site_C,Bldg_C2,Meter_Bldg_C2_01,38.57,0.524,430.06,Multivariate Telemetry Anomaly,-0.0084
2026-06-15 11:00:00,Site_C,Bldg_C2,Meter_Bldg_C2_01,38.36,0.599,448.57,Multivariate Telemetry Anomaly,-0.0136
2026-06-15 11:15:00,Site_C,Bldg_C2,Meter_Bldg_C2_01,38.44,0.51,449.92,Multivariate Telemetry Anomaly,-0.0115
2026-06-15 11:30:00,Site_C,Bldg_C2,Meter_Bldg_C2_01,38.19,0.598,444.41,Multivariate Telemetry Anomaly,-0.025
2026-06-15 11:45:00,Site_C,Bldg_C2,Meter_Bldg_C2_01,38.38,0.481,449.86,Multivariate Telemetry Anomaly,-0.0204
2026-06-15 12:15:00,Site_C,Bldg_C2,Meter_Bldg_C2_01,38.91,0.565,463.27,Multivariate Telemetry Anomaly,-0.0298
2026-06-15 12:30:00,Site_C,Bldg_C2,Meter_Bldg_C2_01,38.42,0.669,457.27,Multivariate Telemetry Anomaly,-0.0084
2026-06-15 12:45:00,Site_C,Bldg_C2,Meter_Bldg_C2_01,38.3,0.541,461.95,Multivariate Telemetry Anomaly,-0.0035
2026-06-15 13:00:00,Site_C,Bldg_C2,Meter_Bldg_C2_01,38.48,0.619,465.69,Multivariate Telemetry Anomaly,-0.0054
2026-06-15 13:15:00,Site_C,Bldg_C2,Meter_Bldg_C2_01,39.51,0.679,472.92,Multivariate Telemetry Anomaly,-0.0395
2026-06-15 13:30:00,Site_C,Bldg_C2,Meter_Bldg_C2_01,37.68,0.639,462.86,Multivariate Telemetry Anomaly,-0.0125
2026-06-15 13:45:00,Site_C,Bldg_C2,Meter_Bldg_C2_01,39.4,0.624,471.56,Multivariate Telemetry Anomaly,-0.0415
2026-06-15 14:00:00,Site_C,Bldg_C2,Meter_Bldg_C2_01,37.98,0.543,460.06,Multivariate Telemetry Anomaly,-0.0048
2026-06-15 14:15:00,Site_C,Bldg_C2,Meter_Bldg_C2_01,37.92,0.624,460.87,Multivariate Telemetry Anomaly,-0.0134
2026-06-15 14:45:00,Site_C,Bldg_C2,Meter_Bldg_C2_01,37.73,0.54,459.62,Multivariate Telemetry Anomaly,-0.0006
2026-06-15 15:30:00,Site_C,Bldg_C2,Meter_Bldg_C2_01,39.02,0.659,453.22,Multivariate Telemetry Anomaly,-0.008
2026-06-15 16:30:00,Site_C,Bldg_C2,Meter_Bldg_C2_01,37.45,0.45,423.73,Multivariate Telemetry Anomaly,-0.0045
2026-06-16 09:00:00,Site_C,Bldg_C2,Meter_Bldg_C2_01,38.95,0.679,403.13,Multivariate Telemetry Anomaly,-0.0017
2026-06-16 10:00:00,Site_C,Bldg_C2,Meter_Bldg_C2_01,38.97,0.535,427.26,Multivariate Telemetry Anomaly,-0.0089
2026-06-16 10:15:00,Site_C,Bldg_C2,Meter_Bldg_C2_01,38.94,0.59,430.7,Multivariate Telemetry Anomaly,-0.0146
2026-06-16 10:45:00,Site_C,Bldg_C2,Meter_Bldg_C2_01,38.53,0.523,426.51,Multivariate Telemetry Anomaly,-0.0063
2026-06-16 11:00:00,Site_C,Bldg_C2,Meter_Bldg_C2_01,38.56,0.575,448.75,Multivariate Telemetry Anomaly,-0.0087
2026-06-16 11:15:00,Site_C,Bldg_C2,Meter_Bldg_C2_01,37.96,0.618,444.17,Multivariate Telemetry Anomaly,-0.0076
2026-06-16 11:30:00,Site_C,Bldg_C2,Meter_Bldg_C2_01,38.66,0.57,449.89,Multivariate Telemetry Anomaly,-0.0074
2026-06-16 12:00:00,Site_C,Bldg_C2,Meter_Bldg_C2_01,39.27,0.625,462.8,Multivariate Telemetry Anomaly,-0.046
2026-06-16 12:30:00,Site_C,Bldg_C2,Meter_Bldg_C2_01,39.11,0.573,463.74,Multivariate Telemetry Anomaly,-0.0151
2026-06-16 12:45:00,Site_C,Bldg_C2,Meter_Bldg_C2_01,38.35,0.642,462.26,Multivariate Telemetry Anomaly,-0.024
2026-06-16 13:00:00,Site_C,Bldg_C2,Meter_Bldg_C2_01,37.11,0.554,461.48,Multivariate Telemetry Anomaly,-0.0262
2026-06-16 13:15:00,Site_C,Bldg_C2,Meter_Bldg_C2_01,37.51,0.562,464.18,Multivariate Telemetry Anomaly,-0.0183
2026-06-16 13:30:00,Site_C,Bldg_C2,Meter_Bldg_C2_01,38.7,0.504,463.92,Multivariate Telemetry Anomaly,-0.0123
2026-06-16 13:45:00,Site_C,Bldg_C2,Meter_Bldg_C2_01,38.04,0.539,460.84,Multivariate Telemetry Anomaly,-0.0056
2026-06-16 14:15:00,Site_C,Bldg_C2,Meter_Bldg_C2_01,37.67,0.682,455.17,Multivariate Telemetry Anomaly,-0.0256
2026-06-16 14:30:00,Site_C,Bldg_C2,Meter_Bldg_C2_01,38.47,0.492,461.74,Multivariate Telemetry Anomaly,-0.0199
2026-06-16 15:00:00,Site_C,Bldg_C2,Meter_Bldg_C2_01,39.05,0.58,449.82,Multivariate Telemetry Anomaly,-0.0117
2026-06-16 15:30:00,Site_C,Bldg_C2,Meter_Bldg_C2_01,38.75,0.575,443.86,Multivariate Telemetry Anomaly,-0.0102
2026-06-16 15:45:00,Site_C,Bldg_C2,Meter_Bldg_C2_01,37.71,0.663,444.82,Multivariate Telemetry Anomaly,-0.0191
2026-06-17 10:15:00,Site_C,Bldg_C2,Meter_Bldg_C2_01,39.11,0.631,429.06,Multivariate Telemetry Anomaly,-0.0178
2026-06-17 11:00:00,Site_C,Bldg_C2,Meter_Bldg_C2_01,39.09,0.637,450.62,Multivariate Telemetry Anomaly,-0.0322
2026-06-17 11:15:00,Site_C,Bldg_C2,Meter_Bldg_C2_01,38.91,0.587,449.19,Multivariate Telemetry Anomaly,-0.0055
2026-06-17 11:30:00,Site_C,Bldg_C2,Meter_Bldg_C2_01,39.24,0.626,450.71,Multivariate Telemetry Anomaly,-0.018
2026-06-17 11:45:00,Site_C,Bldg_C2,Meter_Bldg_C2_01,38.88,0.452,452.92,Multivariate Telemetry Anomaly,-0.0337
2026-06-17 12:00:00,Site_C,Bldg_C2,Meter_Bldg_C2_01,38.51,0.593,464.48,Multivariate Telemetry Anomaly,-0.0085
2026-06-17 12:15:00,Site_C,Bldg_C2,Meter_Bldg_C2_01,37.44,0.612,460.93,Multivariate Telemetry Anomaly,-0.016
2026-06-17 12:30:00,Site_C,Bldg_C2,Meter_Bldg_C2_01,39.17,0.597,465.54,Multivariate Telemetry Anomaly,-0.0303
2026-06-17 12:45:00,Site_C,Bldg_C2,Meter_Bldg_C2_01,38.21,0.629,460.67,Multivariate Telemetry Anomaly,-0.0117
2026-06-17 13:00:00,Site_C,Bldg_C2,Meter_Bldg_C2_01,37.58,0.633,463.78,Multivariate Telemetry Anomaly,-0.0055
2026-06-17 13:15:00,Site_C,Bldg_C2,Meter_Bldg_C2_01,38.06,0.698,462.23,Multivariate Telemetry Anomaly,-0.0106
2026-06-17 13:30:00,Site_C,Bldg_C2,Meter_Bldg_C2_01,38.57,0.555,467.78,Multivariate Telemetry Anomaly,-0.0137
2026-06-17 13:45:00,Site_C,Bldg_C2,Meter_Bldg_C2_01,38.55,0.565,462.19,Multivariate Telemetry Anomaly,-0.0188
2026-06-17 14:00:00,Site_C,Bldg_C2,Meter_Bldg_C2_01,39.68,0.657,465.55,Multivariate Telemetry Anomaly,-0.0188
2026-06-17 14:45:00,Site_C,Bldg_C2,Meter_Bldg_C2_01,37.54,0.688,459.94,Multivariate Telemetry Anomaly,-0.0089
2026-06-17 15:15:00,Site_C,Bldg_C2,Meter_Bldg_C2_01,38.41,0.501,448.0,Multivariate Telemetry Anomaly,-0.0013
2026-06-17 15:45:00,Site_C,Bldg_C2,Meter_Bldg_C2_01,38.33,0.669,451.95,Multivariate Telemetry Anomaly,-0.0122
2026-06-18 08:45:00,Site_C,Bldg_C2,Meter_Bldg_C2_01,37.87,0.592,370.75,Multivariate Telemetry Anomaly,-0.0017
2026-06-18 09:00:00,Site_C,Bldg_C2,Meter_Bldg_C2_01,38.43,0.577,400.52,Multivariate Telemetry Anomaly,-0.0018
2026-06-18 10:15:00,Site_C,Bldg_C2,Meter_Bldg_C2_01,38.5,0.657,429.74,Multivariate Telemetry Anomaly,-0.019
2026-06-18 10:45:00,Site_C,Bldg_C2,Meter_Bldg_C2_01,38.18,0.655,424.78,Multivariate Telemetry Anomaly,-0.0024
2026-06-18 11:00:00,Site_C,Bldg_C2,Meter_Bldg_C2_01,39.31,0.585,453.44,Multivariate Telemetry Anomaly,-0.0202
2026-06-18 11:15:00,Site_C,Bldg_C2,Meter_Bldg_C2_01,38.0,0.588,445.92,Multivariate Telemetry Anomaly,-0.0024
2026-06-18 11:30:00,Site_C,Bldg_C2,Meter_Bldg_C2_01,37.92,0.626,445.48,Multivariate Telemetry Anomaly,-0.0075
2026-06-18 11:45:00,Site_C,Bldg_C2,Meter_Bldg_C2_01,38.74,0.565,452.2,Multivariate Telemetry Anomaly,-0.0125
2026-06-18 12:00:00,Site_C,Bldg_C2,Meter_Bldg_C2_01,38.06,0.696,453.45,Multivariate Telemetry Anomaly,-0.0269
2026-06-18 12:30:00,Site_C,Bldg_C2,Meter_Bldg_C2_01,39.33,0.583,465.95,Multivariate Telemetry Anomaly,-0.0184
2026-06-18 12:45:00,Site_C,Bldg_C2,Meter_Bldg_C2_01,38.61,0.642,463.14,Multivariate Telemetry Anomaly,-0.0156
2026-06-18 13:00:00,Site_C,Bldg_C2,Meter_Bldg_C2_01,39.08,0.616,466.15,Multivariate Telemetry Anomaly,-0.0164
2026-06-18 13:15:00,Site_C,Bldg_C2,Meter_Bldg_C2_01,38.48,0.569,463.71,Multivariate Telemetry Anomaly,-0.0037
2026-06-18 13:30:00,Site_C,Bldg_C2,Meter_Bldg_C2_01,37.85,0.587,467.59,Multivariate Telemetry Anomaly,-0.0164
2026-06-18 13:45:00,Site_C,Bldg_C2,Meter_Bldg_C2_01,38.33,0.573,467.93,Multivariate Telemetry Anomaly,-0.0232
2026-06-18 14:00:00,Site_C,Bldg_C2,Meter_Bldg_C2_01,38.74,0.648,463.25,Multivariate Telemetry Anomaly,-0.0265
2026-06-18 14:15:00,Site_C,Bldg_C2,Meter_Bldg_C2_01,38.55,0.581,463.67,Multivariate Telemetry Anomaly,-0.0103
2026-06-18 14:30:00,Site_C,Bldg_C2,Meter_Bldg_C2_01,38.93,0.692,464.54,Multivariate Telemetry Anomaly,-0.0391
2026-06-18 14:45:00,Site_C,Bldg_C2,Meter_Bldg_C2_01,38.5,0.607,460.65,Multivariate Telemetry Anomaly,-0.0002
2026-06-18 15:45:00,Site_C,Bldg_C2,Meter_Bldg_C2_01,38.77,0.667,450.37,Multivariate Telemetry Anomaly,-0.0144
2026-06-18 16:45:00,Site_C,Bldg_C2,Meter_Bldg_C2_01,37.44,0.639,423.22,Multivariate Telemetry Anomaly,-0.0079
2026-06-19 09:30:00,Site_C,Bldg_C2,Meter_Bldg_C2_01,38.71,0.52,400.71,Multivariate Telemetry Anomaly,-0.0153
2026-06-19 10:30:00,Site_C,Bldg_C2,Meter_Bldg_C2_01,38.32,0.659,423.06,Multivariate Telemetry Anomaly,-0.0014
2026-06-19 11:00:00,Site_C,Bldg_C2,Meter_Bldg_C2_01,38.12,0.591,446.77,Multivariate Telemetry Anomaly,-0.0106
2026-06-19 11:15:00,Site_C,Bldg_C2,Meter_Bldg_C2_01,38.72,0.581,447.71,Multivariate Telemetry Anomaly,-0.0175
2026-06-19 11:30:00,Site_C,Bldg_C2,Meter_Bldg_C2_01,38.48,0.555,446.13,Multivariate Telemetry Anomaly,-0.0106
2026-06-19 12:00:00,Site_C,Bldg_C2,Meter_Bldg_C2_01,38.98,0.541,463.29,Multivariate Telemetry Anomaly,-0.0226
2026-06-19 12:15:00,Site_C,Bldg_C2,Meter_Bldg_C2_01,37.9,0.572,458.41,Multivariate Telemetry Anomaly,-0.0028
2026-06-19 12:30:00,Site_C,Bldg_C2,Meter_Bldg_C2_01,38.93,0.554,464.2,Multivariate Telemetry Anomaly,-0.0046
2026-06-19 12:45:00,Site_C,Bldg_C2,Meter_Bldg_C2_01,38.21,0.588,460.8,Multivariate Telemetry Anomaly,-0.0104
2026-06-19 13:00:00,Site_C,Bldg_C2,Meter_Bldg_C2_01,38.42,0.634,464.62,Multivariate Telemetry Anomaly,-0.0158
2026-06-19 13:15:00,Site_C,Bldg_C2,Meter_Bldg_C2_01,37.67,0.564,462.01,Multivariate Telemetry Anomaly,-0.0341
2026-06-19 13:30:00,Site_C,Bldg_C2,Meter_Bldg_C2_01,38.65,0.623,469.08,Multivariate Telemetry Anomaly,-0.0145
2026-06-19 13:45:00,Site_C,Bldg_C2,Meter_Bldg_C2_01,38.03,0.473,464.08,Multivariate Telemetry Anomaly,-0.024
2026-06-19 14:00:00,Site_C,Bldg_C2,Meter_Bldg_C2_01,38.15,0.646,458.31,Multivariate Telemetry Anomaly,-0.0039
2026-06-19 14:30:00,Site_C,Bldg_C2,Meter_Bldg_C2_01,38.12,0.558,456.4,Multivariate Telemetry Anomaly,-0.0037
2026-06-19 14:45:00,Site_C,Bldg_C2,Meter_Bldg_C2_01,38.44,0.65,462.39,Multivariate Telemetry Anomaly,-0.0098
2026-06-19 15:15:00,Site_C,Bldg_C2,Meter_Bldg_C2_01,38.86,0.59,449.84,Multivariate Telemetry Anomaly,-0.0009
2026-06-19 15:30:00,Site_C,Bldg_C2,Meter_Bldg_C2_01,37.83,0.634,448.88,Multivariate Telemetry Anomaly,-0.001
2026-06-19 15:45:00,Site_C,Bldg_C2,Meter_Bldg_C2_01,37.28,0.401,443.15,Multivariate Telemetry Anomaly,-0.0054
2026-06-19 17:45:00,Site_C,Bldg_C2,Meter_Bldg_C2_01,37.17,0.61,399.71,Multivariate Telemetry Anomaly,-0.0003
2026-06-22 11:00:00,Site_C,Bldg_C2,Meter_Bldg_C2_01,38.43,0.613,446.89,Multivariate Telemetry Anomaly,-0.0041
2026-06-22 11:30:00,Site_C,Bldg_C2,Meter_Bldg_C2_01,37.63,0.65,440.66,Multivariate Telemetry Anomaly,-0.0071
2026-06-22 11:45:00,Site_C,Bldg_C2,Meter_Bldg_C2_01,39.12,0.582,448.11,Multivariate Telemetry Anomaly,-0.0108
2026-06-22 12:00:00,Site_C,Bldg_C2,Meter_Bldg_C2_01,39.24,0.49,466.18,Multivariate Telemetry Anomaly,-0.0218
2026-06-22 12:30:00,Site_C,Bldg_C2,Meter_Bldg_C2_01,38.71,0.561,462.46,Multivariate Telemetry Anomaly,-0.0097
2026-06-22 12:45:00,Site_C,Bldg_C2,Meter_Bldg_C2_01,38.69,0.672,463.54,Multivariate Telemetry Anomaly,-0.0142
2026-06-22 13:00:00,Site_C,Bldg_C2,Meter_Bldg_C2_01,37.75,0.54,459.36,Multivariate Telemetry Anomaly,-0.0368
2026-06-22 13:15:00,Site_C,Bldg_C2,Meter_Bldg_C2_01,38.89,0.63,470.05,Multivariate Telemetry Anomaly,-0.0226
2026-06-22 13:30:00,Site_C,Bldg_C2,Meter_Bldg_C2_01,38.62,0.594,461.66,Multivariate Telemetry Anomaly,-0.0133
2026-06-22 13:45:00,Site_C,Bldg_C2,Meter_Bldg_C2_01,38.76,0.607,466.62,Multivariate Telemetry Anomaly,-0.0083
2026-06-22 14:00:00,Site_C,Bldg_C2,Meter_Bldg_C2_01,38.59,0.559,462.05,Multivariate Telemetry Anomaly,-0.0228
2026-06-22 14:15:00,Site_C,Bldg_C2,Meter_Bldg_C2_01,38.48,0.613,459.91,Multivariate Telemetry Anomaly,-0.0204
2026-06-22 14:45:00,Site_C,Bldg_C2,Meter_Bldg_C2_01,38.13,0.617,460.73,Multivariate Telemetry Anomaly,-0.0369
2026-06-22 15:15:00,Site_C,Bldg_C2,Meter_Bldg_C2_01,38.2,0.577,447.24,Multivariate Telemetry Anomaly,-0.0097
2026-06-22 15:45:00,Site_C,Bldg_C2,Meter_Bldg_C2_01,37.71,0.527,444.52,Multivariate Telemetry Anomaly,-0.0096
2026-06-22 16:45:00,Site_C,Bldg_C2,Meter_Bldg_C2_01,37.43,0.564,422.05,Multivariate Telemetry Anomaly,-0.0047
2026-06-23 09:00:00,Site_C,Bldg_C2,Meter_Bldg_C2_01,38.88,0.527,401.14,Multivariate Telemetry Anomaly,-0.0053
2026-06-23 09:45:00,Site_C,Bldg_C2,Meter_Bldg_C2_01,38.21,0.512,399.84,Multivariate Telemetry Anomaly,-0.0085
2026-06-23 10:00:00,Site_C,Bldg_C2,Meter_Bldg_C2_01,38.17,0.608,426.31,Multivariate Telemetry Anomaly,-0.0011
2026-06-23 10:30:00,Site_C,Bldg_C2,Meter_Bldg_C2_01,37.54,0.581,422.51,Multivariate Telemetry Anomaly,-0.0062
2026-06-23 10:45:00,Site_C,Bldg_C2,Meter_Bldg_C2_01,38.7,0.603,430.57,Multivariate Telemetry Anomaly,-0.0122
2026-06-23 11:00:00,Site_C,Bldg_C2,Meter_Bldg_C2_01,38.36,0.584,449.93,Multivariate Telemetry Anomaly,-0.0033
2026-06-23 11:15:00,Site_C,Bldg_C2,Meter_Bldg_C2_01,38.88,0.633,447.85,Multivariate Telemetry Anomaly,-0.0405
2026-06-23 11:30:00,Site_C,Bldg_C2,Meter_Bldg_C2_01,38.74,0.589,448.98,Multivariate Telemetry Anomaly,-0.011
2026-06-23 11:45:00,Site_C,Bldg_C2,Meter_Bldg_C2_01,38.24,0.617,447.05,Multivariate Telemetry Anomaly,-0.0114
2026-06-23 12:00:00,Site_C,Bldg_C2,Meter_Bldg_C2_01,38.38,0.66,460.77,Multivariate Telemetry Anomaly,-0.0012
2026-06-23 12:15:00,Site_C,Bldg_C2,Meter_Bldg_C2_01,38.75,0.58,459.31,Multivariate Telemetry Anomaly,-0.0326
2026-06-23 12:30:00,Site_C,Bldg_C2,Meter_Bldg_C2_01,38.58,0.61,459.21,Multivariate Telemetry Anomaly,-0.034
2026-06-23 12:45:00,Site_C,Bldg_C2,Meter_Bldg_C2_01,38.17,0.576,461.13,Multivariate Telemetry Anomaly,-0.0037
2026-06-23 13:00:00,Site_C,Bldg_C2,Meter_Bldg_C2_01,38.67,0.546,467.78,Multivariate Telemetry Anomaly,-0.0368
2026-06-23 13:15:00,Site_C,Bldg_C2,Meter_Bldg_C2_01,37.73,0.704,460.17,Multivariate Telemetry Anomaly,-0.0261
2026-06-23 13:30:00,Site_C,Bldg_C2,Meter_Bldg_C2_01,38.01,0.59,464.87,Multivariate Telemetry Anomaly,-0.0109
2026-06-23 13:45:00,Site_C,Bldg_C2,Meter_Bldg_C2_01,39.14,0.66,466.08,Multivariate Telemetry Anomaly,-0.0279
2026-06-23 14:15:00,Site_C,Bldg_C2,Meter_Bldg_C2_01,38.1,0.588,458.01,Multivariate Telemetry Anomaly,-0.0069
2026-06-23 14:30:00,Site_C,Bldg_C2,Meter_Bldg_C2_01,37.83,0.571,458.54,Multivariate Telemetry Anomaly,-0.0025
2026-06-23 15:30:00,Site_C,Bldg_C2,Meter_Bldg_C2_01,37.55,0.595,442.86,Multivariate Telemetry Anomaly,-0.0055
2026-06-23 16:00:00,Site_C,Bldg_C2,Meter_Bldg_C2_01,38.25,0.526,428.06,Multivariate Telemetry Anomaly,-0.0114
2026-06-24 08:15:00,Site_C,Bldg_C2,Meter_Bldg_C2_01,38.28,0.432,371.11,Multivariate Telemetry Anomaly,-0.0108
2026-06-24 09:45:00,Site_C,Bldg_C2,Meter_Bldg_C2_01,38.3,0.544,401.1,Multivariate Telemetry Anomaly,-0.0081
2026-06-24 11:00:00,Site_C,Bldg_C2,Meter_Bldg_C2_01,39.09,0.597,449.43,Multivariate Telemetry Anomaly,-0.0133
2026-06-24 11:30:00,Site_C,Bldg_C2,Meter_Bldg_C2_01,38.69,0.627,451.44,Multivariate Telemetry Anomaly,-0.0124
2026-06-24 12:00:00,Site_C,Bldg_C2,Meter_Bldg_C2_01,38.27,0.627,456.88,Multivariate Telemetry Anomaly,-0.0118
2026-06-24 12:15:00,Site_C,Bldg_C2,Meter_Bldg_C2_01,39.37,0.582,463.12,Multivariate Telemetry Anomaly,-0.0229
2026-06-24 12:30:00,Site_C,Bldg_C2,Meter_Bldg_C2_01,38.38,0.613,458.57,Multivariate Telemetry Anomaly,-0.0287
2026-06-24 12:45:00,Site_C,Bldg_C2,Meter_Bldg_C2_01,38.98,0.472,468.03,Multivariate Telemetry Anomaly,-0.0244
2026-06-24 13:00:00,Site_C,Bldg_C2,Meter_Bldg_C2_01,38.74,0.667,467.45,Multivariate Telemetry Anomaly,-0.0123
2026-06-24 13:15:00,Site_C,Bldg_C2,Meter_Bldg_C2_01,38.97,0.575,466.8,Multivariate Telemetry Anomaly,-0.0086
2026-06-24 13:30:00,Site_C,Bldg_C2,Meter_Bldg_C2_01,38.79,0.582,468.47,Multivariate Telemetry Anomaly,-0.0256
2026-06-24 13:45:00,Site_C,Bldg_C2,Meter_Bldg_C2_01,38.84,0.573,465.13,Multivariate Telemetry Anomaly,-0.0063
2026-06-24 14:15:00,Site_C,Bldg_C2,Meter_Bldg_C2_01,38.93,0.636,468.59,Multivariate Telemetry Anomaly,-0.0284
2026-06-24 14:45:00,Site_C,Bldg_C2,Meter_Bldg_C2_01,37.94,0.618,459.4,Multivariate Telemetry Anomaly,-0.0046
2026-06-24 15:15:00,Site_C,Bldg_C2,Meter_Bldg_C2_01,38.19,0.603,442.94,Multivariate Telemetry Anomaly,-0.0202
2026-06-24 15:45:00,Site_C,Bldg_C2,Meter_Bldg_C2_01,37.67,0.63,446.02,Multivariate Telemetry Anomaly,-0.0059
2026-06-24 16:15:00,Site_C,Bldg_C2,Meter_Bldg_C2_01,38.19,0.574,426.0,Multivariate Telemetry Anomaly,-0.008
2026-06-24 17:45:00,Site_C,Bldg_C2,Meter_Bldg_C2_01,38.34,0.687,398.01,Multivariate Telemetry Anomaly,-0.0028
2026-06-25 09:30:00,Site_C,Bldg_C2,Meter_Bldg_C2_01,38.41,0.48,402.6,Multivariate Telemetry Anomaly,-0.0123
2026-06-25 10:00:00,Site_C,Bldg_C2,Meter_Bldg_C2_01,38.78,0.617,430.56,Multivariate Telemetry Anomaly,-0.0298
2026-06-25 10:30:00,Site_C,Bldg_C2,Meter_Bldg_C2_01,37.15,0.457,420.62,Multivariate Telemetry Anomaly,-0.0039
2026-06-25 11:00:00,Site_C,Bldg_C2,Meter_Bldg_C2_01,38.12,0.6,445.23,Multivariate Telemetry Anomaly,-0.007
2026-06-25 11:15:00,Site_C,Bldg_C2,Meter_Bldg_C2_01,39.44,0.613,452.28,Multivariate Telemetry Anomaly,-0.0112
2026-06-25 11:30:00,Site_C,Bldg_C2,Meter_Bldg_C2_01,38.52,0.613,450.49,Multivariate Telemetry Anomaly,-0.0169
2026-06-25 11:45:00,Site_C,Bldg_C2,Meter_Bldg_C2_01,38.27,0.536,447.17,Multivariate Telemetry Anomaly,-0.0201
2026-06-25 12:00:00,Site_C,Bldg_C2,Meter_Bldg_C2_01,38.61,0.695,462.55,Multivariate Telemetry Anomaly,-0.023
2026-06-25 12:15:00,Site_C,Bldg_C2,Meter_Bldg_C2_01,39.11,0.522,466.64,Multivariate Telemetry Anomaly,-0.0411
2026-06-25 12:30:00,Site_C,Bldg_C2,Meter_Bldg_C2_01,38.74,0.645,465.56,Multivariate Telemetry Anomaly,-0.0228
2026-06-25 12:45:00,Site_C,Bldg_C2,Meter_Bldg_C2_01,38.63,0.664,461.87,Multivariate Telemetry Anomaly,-0.0137
2026-06-25 13:00:00,Site_C,Bldg_C2,Meter_Bldg_C2_01,38.27,0.633,466.11,Multivariate Telemetry Anomaly,-0.0101
2026-06-25 13:15:00,Site_C,Bldg_C2,Meter_Bldg_C2_01,38.31,0.644,463.97,Multivariate Telemetry Anomaly,-0.0129
2026-06-25 13:30:00,Site_C,Bldg_C2,Meter_Bldg_C2_01,38.6,0.6,467.65,Multivariate Telemetry Anomaly,-0.0098
2026-06-25 13:45:00,Site_C,Bldg_C2,Meter_Bldg_C2_01,39.11,0.519,469.2,Multivariate Telemetry Anomaly,-0.0294
2026-06-25 14:00:00,Site_C,Bldg_C2,Meter_Bldg_C2_01,38.46,0.643,461.14,Multivariate Telemetry Anomaly,-0.018
2026-06-25 14:15:00,Site_C,Bldg_C2,Meter_Bldg_C2_01,38.74,0.662,465.78,Multivariate Telemetry Anomaly,-0.029
2026-06-25 14:45:00,Site_C,Bldg_C2,Meter_Bldg_C2_01,38.63,0.666,466.49,Multivariate Telemetry Anomaly,-0.037
2026-06-25 15:00:00,Site_C,Bldg_C2,Meter_Bldg_C2_01,37.79,0.488,442.62,Multivariate Telemetry Anomaly,-0.0351
2026-06-25 15:15:00,Site_C,Bldg_C2,Meter_Bldg_C2_01,38.61,0.565,446.0,Multivariate Telemetry Anomaly,-0.0095
2026-06-25 15:45:00,Site_C,Bldg_C2,Meter_Bldg_C2_01,38.02,0.663,444.88,Multivariate Telemetry Anomaly,-0.0215
2026-06-26 10:00:00,Site_C,Bldg_C2,Meter_Bldg_C2_01,38.93,0.55,426.22,Multivariate Telemetry Anomaly,-0.0285
2026-06-26 10:15:00,Site_C,Bldg_C2,Meter_Bldg_C2_01,38.88,0.579,426.73,Multivariate Telemetry Anomaly,-0.0016
2026-06-26 10:30:00,Site_C,Bldg_C2,Meter_Bldg_C2_01,38.18,0.639,427.11,Multivariate Telemetry Anomaly,-0.0083
2026-06-26 11:00:00,Site_C,Bldg_C2,Meter_Bldg_C2_01,37.69,0.655,444.39,Multivariate Telemetry Anomaly,-0.0061
2026-06-26 11:15:00,Site_C,Bldg_C2,Meter_Bldg_C2_01,38.39,0.599,447.97,Multivariate Telemetry Anomaly,-0.0329
2026-06-26 11:30:00,Site_C,Bldg_C2,Meter_Bldg_C2_01,38.59,0.553,445.93,Multivariate Telemetry Anomaly,-0.0048
2026-06-26 11:45:00,Site_C,Bldg_C2,Meter_Bldg_C2_01,38.08,0.723,446.6,Multivariate Telemetry Anomaly,-0.0172
2026-06-26 12:00:00,Site_C,Bldg_C2,Meter_Bldg_C2_01,39.24,0.543,462.69,Multivariate Telemetry Anomaly,-0.0175
2026-06-26 12:15:00,Site_C,Bldg_C2,Meter_Bldg_C2_01,38.56,0.642,459.64,Multivariate Telemetry Anomaly,-0.0349
2026-06-26 12:30:00,Site_C,Bldg_C2,Meter_Bldg_C2_01,39.59,0.609,464.28,Multivariate Telemetry Anomaly,-0.0193
2026-06-26 12:45:00,Site_C,Bldg_C2,Meter_Bldg_C2_01,38.81,0.574,464.65,Multivariate Telemetry Anomaly,-0.0332
2026-06-26 13:00:00,Site_C,Bldg_C2,Meter_Bldg_C2_01,38.41,0.579,464.48,Multivariate Telemetry Anomaly,-0.0037
2026-06-26 13:15:00,Site_C,Bldg_C2,Meter_Bldg_C2_01,38.42,0.534,465.45,Multivariate Telemetry Anomaly,-0.0205
2026-06-26 13:30:00,Site_C,Bldg_C2,Meter_Bldg_C2_01,37.93,0.485,467.24,Multivariate Telemetry Anomaly,-0.0253
2026-06-26 13:45:00,Site_C,Bldg_C2,Meter_Bldg_C2_01,38.13,0.634,463.85,Multivariate Telemetry Anomaly,-0.0206
2026-06-26 14:00:00,Site_C,Bldg_C2,Meter_Bldg_C2_01,38.48,0.646,456.76,Multivariate Telemetry Anomaly,-0.0236
2026-06-26 14:30:00,Site_C,Bldg_C2,Meter_Bldg_C2_01,36.98,0.666,453.74,Multivariate Telemetry Anomaly,-0.0043
2026-06-26 14:45:00,Site_C,Bldg_C2,Meter_Bldg_C2_01,38.38,0.601,461.11,Multivariate Telemetry Anomaly,-0.0325
2026-06-26 15:00:00,Site_C,Bldg_C2,Meter_Bldg_C2_01,37.56,0.607,444.01,Multivariate Telemetry Anomaly,-0.0106
2026-06-26 15:15:00,Site_C,Bldg_C2,Meter_Bldg_C2_01,38.43,0.592,446.56,Multivariate Telemetry Anomaly,-0.0049
2026-06-26 15:45:00,Site_C,Bldg_C2,Meter_Bldg_C2_01,37.27,0.49,441.71,Multivariate Telemetry Anomaly,-0.0115
2026-06-29 09:15:00,Site_C,Bldg_C2,Meter_Bldg_C2_01,39.21,0.615,403.58,Multivariate Telemetry Anomaly,-0.0123
2026-06-29 09:45:00,Site_C,Bldg_C2,Meter_Bldg_C2_01,37.91,0.467,395.4,Multivariate Telemetry Anomaly,-0.0058
2026-06-29 10:30:00,Site_C,Bldg_C2,Meter_Bldg_C2_01,38.65,0.479,428.62,Multivariate Telemetry Anomaly,-0.0077
2026-06-29 10:45:00,Site_C,Bldg_C2,Meter_Bldg_C2_01,38.0,0.522,422.54,Multivariate Telemetry Anomaly,-0.0169
2026-06-29 11:00:00,Site_C,Bldg_C2,Meter_Bldg_C2_01,38.5,0.67,451.48,Multivariate Telemetry Anomaly,-0.0293
2026-06-29 11:15:00,Site_C,Bldg_C2,Meter_Bldg_C2_01,38.59,0.576,446.08,Multivariate Telemetry Anomaly,-0.0083
2026-06-29 11:30:00,Site_C,Bldg_C2,Meter_Bldg_C2_01,37.82,0.608,443.33,Multivariate Telemetry Anomaly,-0.0157
2026-06-29 11:45:00,Site_C,Bldg_C2,Meter_Bldg_C2_01,38.33,0.56,450.79,Multivariate Telemetry Anomaly,-0.0071
2026-06-29 12:00:00,Site_C,Bldg_C2,Meter_Bldg_C2_01,38.29,0.591,459.25,Multivariate Telemetry Anomaly,-0.0024
2026-06-29 12:15:00,Site_C,Bldg_C2,Meter_Bldg_C2_01,38.44,0.511,460.64,Multivariate Telemetry Anomaly,-0.0159
2026-06-29 12:30:00,Site_C,Bldg_C2,Meter_Bldg_C2_01,37.89,0.491,459.84,Multivariate Telemetry Anomaly,-0.0086
2026-06-29 12:45:00,Site_C,Bldg_C2,Meter_Bldg_C2_01,38.69,0.595,459.23,Multivariate Telemetry Anomaly,-0.0159
2026-06-29 13:00:00,Site_C,Bldg_C2,Meter_Bldg_C2_01,38.83,0.7,467.34,Multivariate Telemetry Anomaly,-0.0341
2026-06-29 13:15:00,Site_C,Bldg_C2,Meter_Bldg_C2_01,38.55,0.615,467.14,Multivariate Telemetry Anomaly,-0.0067
2026-06-29 13:30:00,Site_C,Bldg_C2,Meter_Bldg_C2_01,39.09,0.513,466.21,Multivariate Telemetry Anomaly,-0.0239
2026-06-29 14:00:00,Site_C,Bldg_C2,Meter_Bldg_C2_01,38.3,0.715,459.58,Multivariate Telemetry Anomaly,-0.0365
2026-06-29 14:15:00,Site_C,Bldg_C2,Meter_Bldg_C2_01,37.45,0.674,457.95,Multivariate Telemetry Anomaly,-0.0119
2026-06-29 14:45:00,Site_C,Bldg_C2,Meter_Bldg_C2_01,38.07,0.699,457.41,Multivariate Telemetry Anomaly,-0.0251
2026-06-29 15:15:00,Site_C,Bldg_C2,Meter_Bldg_C2_01,38.03,0.687,448.42,Multivariate Telemetry Anomaly,-0.0065
2026-06-29 15:45:00,Site_C,Bldg_C2,Meter_Bldg_C2_01,38.35,0.609,446.65,Multivariate Telemetry Anomaly,-0.0129
2026-06-29 16:00:00,Site_C,Bldg_C2,Meter_Bldg_C2_01,37.36,0.553,422.12,Multivariate Telemetry Anomaly,-0.0104
2026-06-29 16:30:00,Site_C,Bldg_C2,Meter_Bldg_C2_01,37.74,0.633,424.15,Multivariate Telemetry Anomaly,-0.0096
2026-06-30 10:00:00,Site_C,Bldg_C2,Meter_Bldg_C2_01,38.5,0.638,423.09,Multivariate Telemetry Anomaly,-0.0284
2026-06-30 10:45:00,Site_C,Bldg_C2,Meter_Bldg_C2_01,37.92,0.629,428.3,Multivariate Telemetry Anomaly,-0.0197
2026-06-30 11:00:00,Site_C,Bldg_C2,Meter_Bldg_C2_01,38.0,0.609,446.89,Multivariate Telemetry Anomaly,-0.0113
2026-06-30 11:15:00,Site_C,Bldg_C2,Meter_Bldg_C2_01,38.04,0.468,441.98,Multivariate Telemetry Anomaly,-0.0125
2026-06-30 11:30:00,Site_C,Bldg_C2,Meter_Bldg_C2_01,38.04,0.591,445.97,Multivariate Telemetry Anomaly,-0.0448
2026-06-30 11:45:00,Site_C,Bldg_C2,Meter_Bldg_C2_01,38.05,0.628,444.44,Multivariate Telemetry Anomaly,-0.0119
2026-06-30 12:00:00,Site_C,Bldg_C2,Meter_Bldg_C2_01,37.9,0.553,459.99,Multivariate Telemetry Anomaly,-0.0042
2026-06-30 12:15:00,Site_C,Bldg_C2,Meter_Bldg_C2_01,38.93,0.666,461.64,Multivariate Telemetry Anomaly,-0.0352
2026-06-30 12:30:00,Site_C,Bldg_C2,Meter_Bldg_C2_01,38.5,0.645,464.42,Multivariate Telemetry Anomaly,-0.0208
2026-06-30 12:45:00,Site_C,Bldg_C2,Meter_Bldg_C2_01,38.48,0.543,463.31,Multivariate Telemetry Anomaly,-0.0257
2026-06-30 13:15:00,Site_C,Bldg_C2,Meter_Bldg_C2_01,39.17,0.566,467.38,Multivariate Telemetry Anomaly,-0.0278
2026-06-30 13:30:00,Site_C,Bldg_C2,Meter_Bldg_C2_01,38.85,0.618,468.28,Multivariate Telemetry Anomaly,-0.0268
2026-06-30 13:45:00,Site_C,Bldg_C2,Meter_Bldg_C2_01,38.43,0.626,467.98,Multivariate Telemetry Anomaly,-0.0275
2026-06-30 14:00:00,Site_C,Bldg_C2,Meter_Bldg_C2_01,38.67,0.553,462.78,Multivariate Telemetry Anomaly,-0.0049
2026-06-30 14:15:00,Site_C,Bldg_C2,Meter_Bldg_C2_01,38.21,0.625,459.64,Multivariate Telemetry Anomaly,-0.0158
2026-06-30 14:30:00,Site_C,Bldg_C2,Meter_Bldg_C2_01,38.26,0.574,460.08,Multivariate Telemetry Anomaly,-0.0151
2026-06-30 14:45:00,Site_C,Bldg_C2,Meter_Bldg_C2_01,38.06,0.607,462.26,Multivariate Telemetry Anomaly,-0.0121
2026-06-30 15:00:00,Site_C,Bldg_C2,Meter_Bldg_C2_01,38.51,0.579,449.31,Multivariate Telemetry Anomaly,-0.0034
2026-06-30 15:15:00,Site_C,Bldg_C2,Meter_Bldg_C2_01,38.1,0.545,444.49,Multivariate Telemetry Anomaly,-0.0149
2026-06-30 15:45:00,Site_C,Bldg_C2,Meter_Bldg_C2_01,39.24,0.507,452.22,Multivariate Telemetry Anomaly,-0.0207
2026-06-30 16:00:00,Site_C,Bldg_C2,Meter_Bldg_C2_01,38.72,0.614,425.48,Multivariate Telemetry Anomaly,-0.001
2026-06-30 17:45:00,Site_C,Bldg_C2,Meter_Bldg_C2_01,38.62,0.586,402.0,Multivariate Telemetry Anomaly,-0.0123
2026-06-25 14:30:00,Site_A,Bldg_A1,Pump_Bldg_A1_01,38.6,4.656,187.47,"Sudden Power Spike, Excessive Vibration",-0.0501
2026-06-12 11:30:00,Site_B,Bldg_B1,Pump_Bldg_B1_01,39.16,1.289,37.26,Multivariate Telemetry Anomaly,-0.0005
2026-06-13 16:15:00,Site_B,Bldg_B1,Pump_Bldg_B1_02,37.4,1.574,8.23,Multivariate Telemetry Anomaly,-0.0033
2026-06-14 00:15:00,Site_B,Bldg_B1,Pump_Bldg_B1_02,37.14,2.308,16.8,Multivariate Telemetry Anomaly,-0.0122
2026-06-14 00:45:00,Site_B,Bldg_B1,Pump_Bldg_B1_02,36.35,2.335,14.77,Multivariate Telemetry Anomaly,-0.007
2026-06-14 01:45:00,Site_B,Bldg_B1,Pump_Bldg_B1_02,36.8,2.522,16.59,Multivariate Telemetry Anomaly,-0.0058
2026-06-14 02:15:00,Site_B,Bldg_B1,Pump_Bldg_B1_02,37.7,2.497,17.17,Multivariate Telemetry Anomaly,-0.0186
2026-06-14 03:30:00,Site_B,Bldg_B1,Pump_Bldg_B1_02,37.97,2.757,19.84,Multivariate Telemetry Anomaly,-0.0159
2026-06-14 04:00:00,Site_B,Bldg_B1,Pump_Bldg_B1_02,38.46,3.451,13.54,Multivariate Telemetry Anomaly,-0.0235
2026-06-14 04:30:00,Site_B,Bldg_B1,Pump_Bldg_B1_02,38.92,2.742,18.99,Multivariate Telemetry Anomaly,-0.0083
2026-06-14 04:45:00,Site_B,Bldg_B1,Pump_Bldg_B1_02,39.25,3.182,17.33,Multivariate Telemetry Anomaly,-0.0331
2026-06-14 05:00:00,Site_B,Bldg_B1,Pump_Bldg_B1_02,40.51,3.161,15.95,Multivariate Telemetry Anomaly,-0.0308
2026-06-14 05:15:00,Site_B,Bldg_B1,Pump_Bldg_B1_02,39.96,2.894,16.79,Multivariate Telemetry Anomaly,-0.0116
2026-06-14 05:45:00,Site_B,Bldg_B1,Pump_Bldg_B1_02,38.9,3.288,15.61,Multivariate Telemetry Anomaly,-0.0118
2026-06-14 06:00:00,Site_B,Bldg_B1,Pump_Bldg_B1_02,39.31,3.089,14.59,Multivariate Telemetry Anomaly,-0.0168
2026-06-14 06:15:00,Site_B,Bldg_B1,Pump_Bldg_B1_02,39.32,3.597,16.18,Multivariate Telemetry Anomaly,-0.0101
2026-06-14 06:30:00,Site_B,Bldg_B1,Pump_Bldg_B1_02,40.18,3.025,19.26,Multivariate Telemetry Anomaly,-0.0068
2026-06-14 06:45:00,Site_B,Bldg_B1,Pump_Bldg_B1_02,40.22,3.166,13.86,Multivariate Telemetry Anomaly,-0.012
2026-06-14 07:00:00,Site_B,Bldg_B1,Pump_Bldg_B1_02,41.28,3.661,16.48,Multivariate Telemetry Anomaly,-0.0187
2026-06-14 07:15:00,Site_B,Bldg_B1,Pump_Bldg_B1_02,40.36,3.192,16.9,Multivariate Telemetry Anomaly,-0.0078
2026-06-14 07:30:00,Site_B,Bldg_B1,Pump_Bldg_B1_02,41.21,3.256,13.87,Multivariate Telemetry Anomaly,-0.0035
2026-06-14 07:45:00,Site_B,Bldg_B1,Pump_Bldg_B1_02,40.83,3.319,19.18,Multivariate Telemetry Anomaly,-0.0227
2026-06-14 08:00:00,Site_B,Bldg_B1,Pump_Bldg_B1_02,41.2,3.428,20.66,Multivariate Telemetry Anomaly,-0.0202
2026-06-14 08:15:00,Site_B,Bldg_B1,Pump_Bldg_B1_02,40.87,3.421,17.04,Multivariate Telemetry Anomaly,-0.019
2026-06-14 08:30:00,Site_B,Bldg_B1,Pump_Bldg_B1_02,41.71,3.478,20.57,Multivariate Telemetry Anomaly,-0.0194
2026-06-14 08:45:00,Site_B,Bldg_B1,Pump_Bldg_B1_02,41.59,3.322,16.84,Multivariate Telemetry Anomaly,-0.0057
2026-06-14 09:00:00,Site_B,Bldg_B1,Pump_Bldg_B1_02,42.6,3.576,19.24,Multivariate Telemetry Anomaly,-0.0211
2026-06-14 09:15:00,Site_B,Bldg_B1,Pump_Bldg_B1_02,42.29,3.499,19.47,Multivariate Telemetry Anomaly,-0.0177
2026-06-14 09:30:00,Site_B,Bldg_B1,Pump_Bldg_B1_02,41.63,3.767,20.31,Multivariate Telemetry Anomaly,-0.0196
2026-06-14 09:45:00,Site_B,Bldg_B1,Pump_Bldg_B1_02,43.07,3.715,19.81,Multivariate Telemetry Anomaly,-0.0254
2026-06-14 10:00:00,Site_B,Bldg_B1,Pump_Bldg_B1_02,43.28,3.611,19.49,Multivariate Telemetry Anomaly,-0.0478
2026-06-14 10:15:00,Site_B,Bldg_B1,Pump_Bldg_B1_02,42.09,3.673,20.33,Multivariate Telemetry Anomaly,-0.0257
2026-06-14 10:30:00,Site_B,Bldg_B1,Pump_Bldg_B1_02,42.49,3.686,16.85,Multivariate Telemetry Anomaly,-0.019
2026-06-14 10:45:00,Site_B,Bldg_B1,Pump_Bldg_B1_02,42.62,3.967,20.33,Multivariate Telemetry Anomaly,-0.0383
2026-06-14 11:00:00,Site_B,Bldg_B1,Pump_Bldg_B1_02,42.9,3.804,18.54,Multivariate Telemetry Anomaly,-0.0215
2026-06-14 11:15:00,Site_B,Bldg_B1,Pump_Bldg_B1_02,42.9,4.035,18.92,Multivariate Telemetry Anomaly,-0.0277
2026-06-14 11:30:00,Site_B,Bldg_B1,Pump_Bldg_B1_02,43.32,3.705,17.01,Multivariate Telemetry Anomaly,-0.0341
2026-06-14 11:45:00,Site_B,Bldg_B1,Pump_Bldg_B1_02,43.97,3.73,20.76,Multivariate Telemetry Anomaly,-0.0227
2026-06-14 12:00:00,Site_B,Bldg_B1,Pump_Bldg_B1_02,43.43,3.913,20.08,Multivariate Telemetry Anomaly,-0.0424
2026-06-14 12:15:00,Site_B,Bldg_B1,Pump_Bldg_B1_02,44.08,4.05,20.86,Multivariate Telemetry Anomaly,-0.0462
2026-06-14 12:30:00,Site_B,Bldg_B1,Pump_Bldg_B1_02,44.5,3.899,19.88,Multivariate Telemetry Anomaly,-0.0411
2026-06-14 12:45:00,Site_B,Bldg_B1,Pump_Bldg_B1_02,42.79,3.929,19.05,Multivariate Telemetry Anomaly,-0.0299
2026-06-14 13:00:00,Site_B,Bldg_B1,Pump_Bldg_B1_02,44.57,4.094,18.13,Multivariate Telemetry Anomaly,-0.0274
2026-06-14 13:15:00,Site_B,Bldg_B1,Pump_Bldg_B1_02,43.96,4.153,19.03,Multivariate Telemetry Anomaly,-0.0469
2026-06-14 13:30:00,Site_B,Bldg_B1,Pump_Bldg_B1_02,44.52,4.289,18.61,Multivariate Telemetry Anomaly,-0.0594
2026-06-14 13:45:00,Site_B,Bldg_B1,Pump_Bldg_B1_02,44.82,4.144,22.67,Multivariate Telemetry Anomaly,-0.0561
2026-06-14 14:00:00,Site_B,Bldg_B1,Pump_Bldg_B1_02,43.58,4.212,22.27,Multivariate Telemetry Anomaly,-0.0413
2026-06-14 14:15:00,Site_B,Bldg_B1,Pump_Bldg_B1_02,43.75,4.254,18.88,Multivariate Telemetry Anomaly,-0.0417
2026-06-14 14:30:00,Site_B,Bldg_B1,Pump_Bldg_B1_02,44.22,3.808,22.43,Multivariate Telemetry Anomaly,-0.0085
2026-06-14 14:45:00,Site_B,Bldg_B1,Pump_Bldg_B1_02,44.33,4.065,16.89,Multivariate Telemetry Anomaly,-0.0264
2026-06-14 15:00:00,Site_B,Bldg_B1,Pump_Bldg_B1_02,44.3,4.28,20.54,Multivariate Telemetry Anomaly,-0.0272
2026-06-14 15:15:00,Site_B,Bldg_B1,Pump_Bldg_B1_02,44.66,4.389,18.92,Multivariate Telemetry Anomaly,-0.0334
2026-06-14 15:30:00,Site_B,Bldg_B1,Pump_Bldg_B1_02,44.4,4.458,20.52,Multivariate Telemetry Anomaly,-0.0297
2026-06-14 15:45:00,Site_B,Bldg_B1,Pump_Bldg_B1_02,44.12,4.81,17.77,Multivariate Telemetry Anomaly,-0.0412
2026-06-14 16:00:00,Site_B,Bldg_B1,Pump_Bldg_B1_02,43.3,4.656,21.62,Multivariate Telemetry Anomaly,-0.0341
2026-06-14 16:15:00,Site_B,Bldg_B1,Pump_Bldg_B1_02,44.03,4.758,22.51,Multivariate Telemetry Anomaly,-0.0372
2026-06-14 16:30:00,Site_B,Bldg_B1,Pump_Bldg_B1_02,44.09,4.508,25.62,Multivariate Telemetry Anomaly,-0.0233
2026-06-14 16:45:00,Site_B,Bldg_B1,Pump_Bldg_B1_02,45.37,4.258,22.04,Multivariate Telemetry Anomaly,-0.0254
2026-06-14 17:00:00,Site_B,Bldg_B1,Pump_Bldg_B1_02,43.88,4.196,19.24,Multivariate Telemetry Anomaly,-0.0416
2026-06-14 17:15:00,Site_B,Bldg_B1,Pump_Bldg_B1_02,42.74,4.221,16.8,Multivariate Telemetry Anomaly,-0.0281
2026-06-14 17:30:00,Site_B,Bldg_B1,Pump_Bldg_B1_02,43.14,4.621,24.53,Multivariate Telemetry Anomaly,-0.0359
2026-06-14 17:45:00,Site_B,Bldg_B1,Pump_Bldg_B1_02,42.86,4.473,19.87,Multivariate Telemetry Anomaly,-0.0348
2026-06-14 18:00:00,Site_B,Bldg_B1,Pump_Bldg_B1_02,44.05,4.703,21.03,Multivariate Telemetry Anomaly,-0.0381
2026-06-14 18:15:00,Site_B,Bldg_B1,Pump_Bldg_B1_02,42.99,4.606,20.31,Multivariate Telemetry Anomaly,-0.0508
2026-06-14 18:30:00,Site_B,Bldg_B1,Pump_Bldg_B1_02,43.22,4.896,18.19,Excessive Vibration,-0.0239
2026-06-14 18:45:00,Site_B,Bldg_B1,Pump_Bldg_B1_02,43.35,4.528,24.45,Multivariate Telemetry Anomaly,-0.0287
2026-06-14 19:00:00,Site_B,Bldg_B1,Pump_Bldg_B1_02,42.41,4.461,22.38,Multivariate Telemetry Anomaly,-0.0441
2026-06-14 19:15:00,Site_B,Bldg_B1,Pump_Bldg_B1_02,42.01,4.435,21.1,Multivariate Telemetry Anomaly,-0.0532
2026-06-14 19:30:00,Site_B,Bldg_B1,Pump_Bldg_B1_02,42.92,5.042,21.89,Excessive Vibration,-0.0305
2026-06-14 19:45:00,Site_B,Bldg_B1,Pump_Bldg_B1_02,42.73,4.982,21.22,Excessive Vibration,-0.0339
2026-06-14 20:00:00,Site_B,Bldg_B1,Pump_Bldg_B1_02,42.89,5.035,20.96,Excessive Vibration,-0.0554
2026-06-14 20:15:00,Site_B,Bldg_B1,Pump_Bldg_B1_02,42.17,4.62,18.29,Multivariate Telemetry Anomaly,-0.0502
2026-06-14 20:30:00,Site_B,Bldg_B1,Pump_Bldg_B1_02,43.45,4.695,22.83,Multivariate Telemetry Anomaly,-0.0277
2026-06-14 20:45:00,Site_B,Bldg_B1,Pump_Bldg_B1_02,43.35,4.849,21.05,Excessive Vibration,-0.0604
2026-06-14 21:00:00,Site_B,Bldg_B1,Pump_Bldg_B1_02,42.29,4.841,23.02,Excessive Vibration,-0.0515
2026-06-14 21:15:00,Site_B,Bldg_B1,Pump_Bldg_B1_02,43.4,5.135,24.18,Excessive Vibration,-0.0586
2026-06-14 21:30:00,Site_B,Bldg_B1,Pump_Bldg_B1_02,42.74,5.117,21.66,Excessive Vibration,-0.0594
2026-06-14 21:45:00,Site_B,Bldg_B1,Pump_Bldg_B1_02,42.81,4.87,22.19,Excessive Vibration,-0.0554
2026-06-14 22:00:00,Site_B,Bldg_B1,Pump_Bldg_B1_02,43.04,5.278,19.87,Excessive Vibration,-0.0508
2026-06-14 22:15:00,Site_B,Bldg_B1,Pump_Bldg_B1_02,43.08,5.241,22.85,Excessive Vibration,-0.0461
2026-06-14 22:30:00,Site_B,Bldg_B1,Pump_Bldg_B1_02,43.83,5.451,22.74,Excessive Vibration,-0.0515
2026-06-14 22:45:00,Site_B,Bldg_B1,Pump_Bldg_B1_02,43.73,5.247,22.8,Excessive Vibration,-0.0544
2026-06-14 23:00:00,Site_B,Bldg_B1,Pump_Bldg_B1_02,43.3,5.24,23.0,Excessive Vibration,-0.0554
2026-06-14 23:15:00,Site_B,Bldg_B1,Pump_Bldg_B1_02,41.83,5.027,25.46,Excessive Vibration,-0.0534
2026-06-14 23:30:00,Site_B,Bldg_B1,Pump_Bldg_B1_02,43.24,5.458,22.77,Excessive Vibration,-0.0658
2026-06-14 23:45:00,Site_B,Bldg_B1,Pump_Bldg_B1_02,43.5,5.239,23.39,Excessive Vibration,-0.0613
2026-06-15 00:00:00,Site_B,Bldg_B1,Pump_Bldg_B1_02,55.99,4.501,11.57,Abnormal Temperature,-0.0691
2026-06-15 00:15:00,Site_B,Bldg_B1,Pump_Bldg_B1_02,48.77,4.083,20.33,Multivariate Telemetry Anomaly,-0.0698
2026-06-15 00:30:00,Site_B,Bldg_B1,Pump_Bldg_B1_02,57.14,6.978,26.71,"Excessive Vibration, Abnormal Temperature",-0.0659
2026-06-15 00:45:00,Site_B,Bldg_B1,Pump_Bldg_B1_02,56.76,4.073,13.69,Abnormal Temperature,-0.0634
2026-06-15 01:00:00,Site_B,Bldg_B1,Pump_Bldg_B1_02,51.98,5.032,14.65,"Excessive Vibration, Abnormal Temperature",-0.0743
2026-06-15 01:15:00,Site_B,Bldg_B1,Pump_Bldg_B1_02,55.23,5.688,17.63,"Excessive Vibration, Abnormal Temperature",-0.0722
2026-06-15 01:30:00,Site_B,Bldg_B1,Pump_Bldg_B1_02,54.05,4.572,22.03,Abnormal Temperature,-0.0668
2026-06-15 01:45:00,Site_B,Bldg_B1,Pump_Bldg_B1_02,56.72,4.142,16.56,Abnormal Temperature,-0.0708
2026-06-15 02:00:00,Site_B,Bldg_B1,Pump_Bldg_B1_02,57.22,4.567,23.81,Abnormal Temperature,-0.0729
2026-06-15 02:15:00,Site_B,Bldg_B1,Pump_Bldg_B1_02,49.97,6.147,27.24,Excessive Vibration,-0.0729
2026-06-15 02:30:00,Site_B,Bldg_B1,Pump_Bldg_B1_02,59.42,5.726,13.12,"Excessive Vibration, Abnormal Temperature",-0.0725
2026-06-15 02:45:00,Site_B,Bldg_B1,Pump_Bldg_B1_02,54.15,6.231,25.86,"Excessive Vibration, Abnormal Temperature",-0.076
2026-06-15 03:00:00,Site_B,Bldg_B1,Pump_Bldg_B1_02,50.43,5.347,12.38,Excessive Vibration,-0.0675
2026-06-15 03:15:00,Site_B,Bldg_B1,Pump_Bldg_B1_02,57.04,6.587,19.08,"Excessive Vibration, Abnormal Temperature",-0.0658
2026-06-15 03:30:00,Site_B,Bldg_B1,Pump_Bldg_B1_02,49.72,5.24,27.53,Excessive Vibration,-0.0733
2026-06-15 03:45:00,Site_B,Bldg_B1,Pump_Bldg_B1_02,57.55,6.059,28.56,"Excessive Vibration, Abnormal Temperature",-0.0678
2026-06-15 04:00:00,Site_B,Bldg_B1,Pump_Bldg_B1_02,52.49,4.128,15.5,Abnormal Temperature,-0.0673
2026-06-15 04:15:00,Site_B,Bldg_B1,Pump_Bldg_B1_02,52.64,5.069,11.68,"Excessive Vibration, Abnormal Temperature",-0.0692
2026-06-15 04:30:00,Site_B,Bldg_B1,Pump_Bldg_B1_02,57.9,5.821,21.34,"Excessive Vibration, Abnormal Temperature",-0.0719
2026-06-15 04:45:00,Site_B,Bldg_B1,Pump_Bldg_B1_02,57.55,4.821,16.53,"Excessive Vibration, Abnormal Temperature",-0.0727
2026-06-15 05:00:00,Site_B,Bldg_B1,Pump_Bldg_B1_02,48.99,4.442,15.34,Multivariate Telemetry Anomaly,-0.0649
2026-06-15 05:15:00,Site_B,Bldg_B1,Pump_Bldg_B1_02,57.6,5.254,26.21,"Excessive Vibration, Abnormal Temperature",-0.0655
2026-06-15 05:30:00,Site_B,Bldg_B1,Pump_Bldg_B1_02,52.09,5.574,15.24,"Excessive Vibration, Abnormal Temperature",-0.0666
2026-06-15 05:45:00,Site_B,Bldg_B1,Pump_Bldg_B1_02,51.07,4.115,28.52,Multivariate Telemetry Anomaly,-0.0645
2026-06-15 06:00:00,Site_B,Bldg_B1,Pump_Bldg_B1_02,56.83,6.432,19.58,"Excessive Vibration, Abnormal Temperature",-0.0649
2026-06-15 06:15:00,Site_B,Bldg_B1,Pump_Bldg_B1_02,54.27,4.311,20.7,Abnormal Temperature,-0.0665
2026-06-15 06:30:00,Site_B,Bldg_B1,Pump_Bldg_B1_02,50.42,4.271,32.94,Multivariate Telemetry Anomaly,-0.0594
2026-06-15 06:45:00,Site_B,Bldg_B1,Pump_Bldg_B1_02,55.73,3.775,33.02,Abnormal Temperature,-0.0546
2026-06-15 07:00:00,Site_B,Bldg_B1,Pump_Bldg_B1_02,60.2,3.895,19.9,Abnormal Temperature,-0.0571
2026-06-15 07:15:00,Site_B,Bldg_B1,Pump_Bldg_B1_02,58.6,5.386,11.9,"Excessive Vibration, Abnormal Temperature",-0.0531
2026-06-15 07:30:00,Site_B,Bldg_B1,Pump_Bldg_B1_02,52.61,5.639,30.91,"Excessive Vibration, Abnormal Temperature",-0.0596
2026-06-15 07:45:00,Site_B,Bldg_B1,Pump_Bldg_B1_02,53.15,5.906,16.28,"Excessive Vibration, Abnormal Temperature",-0.0627
2026-06-15 08:00:00,Site_B,Bldg_B1,Pump_Bldg_B1_02,59.0,6.193,67.63,"Sudden Power Spike, Excessive Vibration, Abnormal Temperature",-0.066
2026-06-15 08:15:00,Site_B,Bldg_B1,Pump_Bldg_B1_02,59.64,7.564,46.43,"Excessive Vibration, Abnormal Temperature",-0.0591
2026-06-15 08:30:00,Site_B,Bldg_B1,Pump_Bldg_B1_02,60.73,7.276,47.05,"Excessive Vibration, Abnormal Temperature",-0.0633
2026-06-15 08:45:00,Site_B,Bldg_B1,Pump_Bldg_B1_02,54.6,5.697,52.0,"Excessive Vibration, Abnormal Temperature",-0.0666
2026-06-15 09:00:00,Site_B,Bldg_B1,Pump_Bldg_B1_02,63.55,7.376,59.78,"Excessive Vibration, Abnormal Temperature",-0.0665
2026-06-15 09:15:00,Site_B,Bldg_B1,Pump_Bldg_B1_02,60.43,5.573,47.74,"Excessive Vibration, Abnormal Temperature",-0.0638
2026-06-15 09:30:00,Site_B,Bldg_B1,Pump_Bldg_B1_02,59.65,7.85,47.22,"Excessive Vibration, Abnormal Temperature",-0.0587
2026-06-15 09:45:00,Site_B,Bldg_B1,Pump_Bldg_B1_02,62.84,4.335,65.89,"Sudden Power Spike, Abnormal Temperature",-0.0632
2026-06-15 10:00:00,Site_B,Bldg_B1,Pump_Bldg_B1_02,55.49,5.944,57.71,"Excessive Vibration, Abnormal Temperature",-0.0531
2026-06-15 10:15:00,Site_B,Bldg_B1,Pump_Bldg_B1_02,61.74,5.655,68.5,"Sudden Power Spike, Excessive Vibration, Abnormal Temperature",-0.0647
2026-06-15 10:30:00,Site_B,Bldg_B1,Pump_Bldg_B1_02,58.56,6.375,66.48,"Sudden Power Spike, Excessive Vibration, Abnormal Temperature",-0.0624
2026-06-15 10:45:00,Site_B,Bldg_B1,Pump_Bldg_B1_02,54.21,8.193,61.44,"Excessive Vibration, Abnormal Temperature",-0.0578
2026-06-15 11:00:00,Site_B,Bldg_B1,Pump_Bldg_B1_02,56.38,6.113,71.41,"Sudden Power Spike, Excessive Vibration, Abnormal Temperature",-0.0664
2026-06-15 11:15:00,Site_B,Bldg_B1,Pump_Bldg_B1_02,55.08,4.819,82.12,"Sudden Power Spike, Abnormal Temperature",-0.0695
2026-06-15 11:30:00,Site_B,Bldg_B1,Pump_Bldg_B1_02,63.0,7.031,55.96,"Excessive Vibration, Abnormal Temperature",-0.0587
2026-06-15 11:45:00,Site_B,Bldg_B1,Pump_Bldg_B1_02,54.41,6.821,66.22,"Sudden Power Spike, Excessive Vibration, Abnormal Temperature",-0.0625
2026-06-15 12:00:00,Site_B,Bldg_B1,Pump_Bldg_B1_02,58.13,5.043,59.82,"Excessive Vibration, Abnormal Temperature",-0.0606
2026-06-15 12:15:00,Site_B,Bldg_B1,Pump_Bldg_B1_02,56.96,7.33,59.04,"Excessive Vibration, Abnormal Temperature",-0.0618
2026-06-15 12:30:00,Site_B,Bldg_B1,Pump_Bldg_B1_02,61.82,6.217,83.27,"Sudden Power Spike, Excessive Vibration, Abnormal Temperature",-0.0629
2026-06-15 12:45:00,Site_B,Bldg_B1,Pump_Bldg_B1_02,57.77,6.902,61.69,"Excessive Vibration, Abnormal Temperature",-0.0532
2026-06-15 13:00:00,Site_B,Bldg_B1,Pump_Bldg_B1_02,53.77,7.396,77.19,"Sudden Power Spike, Excessive Vibration, Abnormal Temperature",-0.0674
2026-06-15 13:15:00,Site_B,Bldg_B1,Pump_Bldg_B1_02,61.96,5.562,74.84,"Sudden Power Spike, Excessive Vibration, Abnormal Temperature",-0.0642
2026-06-15 13:30:00,Site_B,Bldg_B1,Pump_Bldg_B1_02,57.32,6.885,82.96,"Sudden Power Spike, Excessive Vibration, Abnormal Temperature",-0.064
2026-06-15 13:45:00,Site_B,Bldg_B1,Pump_Bldg_B1_02,59.47,6.592,73.59,"Sudden Power Spike, Excessive Vibration, Abnormal Temperature",-0.0684
2026-06-15 14:00:00,Site_B,Bldg_B1,Pump_Bldg_B1_02,56.09,5.533,49.36,"Excessive Vibration, Abnormal Temperature",-0.0686
2026-06-15 14:15:00,Site_B,Bldg_B1,Pump_Bldg_B1_02,56.64,6.054,63.41,"Excessive Vibration, Abnormal Temperature",-0.0601
2026-06-15 14:30:00,Site_B,Bldg_B1,Pump_Bldg_B1_02,58.03,7.432,58.94,"Excessive Vibration, Abnormal Temperature",-0.0595
2026-06-15 14:45:00,Site_B,Bldg_B1,Pump_Bldg_B1_02,59.4,5.477,73.15,"Sudden Power Spike, Excessive Vibration, Abnormal Temperature",-0.0662
2026-06-15 15:00:00,Site_B,Bldg_B1,Pump_Bldg_B1_02,56.52,5.642,57.73,"Excessive Vibration, Abnormal Temperature",-0.0596
2026-06-15 15:15:00,Site_B,Bldg_B1,Pump_Bldg_B1_02,55.96,5.257,74.64,"Sudden Power Spike, Excessive Vibration, Abnormal Temperature",-0.06
2026-06-15 15:30:00,Site_B,Bldg_B1,Pump_Bldg_B1_02,59.57,5.434,77.01,"Sudden Power Spike, Excessive Vibration, Abnormal Temperature",-0.066
2026-06-15 15:45:00,Site_B,Bldg_B1,Pump_Bldg_B1_02,53.88,5.423,81.02,"Sudden Power Spike, Excessive Vibration, Abnormal Temperature",-0.064
2026-06-15 16:00:00,Site_B,Bldg_B1,Pump_Bldg_B1_02,62.8,5.037,56.94,"Excessive Vibration, Abnormal Temperature",-0.0539
2026-06-15 16:15:00,Site_B,Bldg_B1,Pump_Bldg_B1_02,58.29,7.051,78.04,"Sudden Power Spike, Excessive Vibration, Abnormal Temperature",-0.0598
2026-06-15 16:30:00,Site_B,Bldg_B1,Pump_Bldg_B1_02,58.11,7.758,56.37,"Excessive Vibration, Abnormal Temperature",-0.0504
2026-06-15 16:45:00,Site_B,Bldg_B1,Pump_Bldg_B1_02,60.49,7.078,56.51,"Excessive Vibration, Abnormal Temperature",-0.0599
2026-06-15 17:00:00,Site_B,Bldg_B1,Pump_Bldg_B1_02,61.52,7.5,43.61,"Excessive Vibration, Abnormal Temperature",-0.0563
2026-06-15 17:15:00,Site_B,Bldg_B1,Pump_Bldg_B1_02,62.85,5.399,63.42,"Excessive Vibration, Abnormal Temperature",-0.0696
2026-06-15 17:30:00,Site_B,Bldg_B1,Pump_Bldg_B1_02,58.79,5.215,57.62,"Excessive Vibration, Abnormal Temperature",-0.0719
2026-06-15 17:45:00,Site_B,Bldg_B1,Pump_Bldg_B1_02,59.12,7.182,68.13,"Sudden Power Spike, Excessive Vibration, Abnormal Temperature",-0.061
2026-06-15 18:00:00,Site_B,Bldg_B1,Pump_Bldg_B1_02,56.1,5.254,47.27,"Excessive Vibration, Abnormal Temperature",-0.075
2026-06-15 18:15:00,Site_B,Bldg_B1,Pump_Bldg_B1_02,54.21,6.85,63.13,"Excessive Vibration, Abnormal Temperature",-0.0677
2026-06-15 18:30:00,Site_B,Bldg_B1,Pump_Bldg_B1_02,59.5,5.462,67.41,"Sudden Power Spike, Excessive Vibration, Abnormal Temperature",-0.0585
2026-06-15 18:45:00,Site_B,Bldg_B1,Pump_Bldg_B1_02,58.03,7.369,69.49,"Sudden Power Spike, Excessive Vibration, Abnormal Temperature",-0.0773
2026-06-15 19:00:00,Site_B,Bldg_B1,Pump_Bldg_B1_02,55.17,5.6,29.36,"Excessive Vibration, Abnormal Temperature",-0.07
2026-06-15 19:15:00,Site_B,Bldg_B1,Pump_Bldg_B1_02,52.2,6.152,19.58,"Excessive Vibration, Abnormal Temperature",-0.0693
2026-06-15 19:30:00,Site_B,Bldg_B1,Pump_Bldg_B1_02,59.21,5.112,18.41,"Excessive Vibration, Abnormal Temperature",-0.0659
2026-06-15 19:45:00,Site_B,Bldg_B1,Pump_Bldg_B1_02,54.89,4.945,13.36,"Excessive Vibration, Abnormal Temperature",-0.0688
2026-06-15 20:00:00,Site_B,Bldg_B1,Pump_Bldg_B1_02,49.77,4.222,17.25,Multivariate Telemetry Anomaly,-0.0639
2026-06-15 20:15:00,Site_B,Bldg_B1,Pump_Bldg_B1_02,54.48,4.267,14.17,Abnormal Temperature,-0.0656
2026-06-15 20:30:00,Site_B,Bldg_B1,Pump_Bldg_B1_02,51.05,5.943,10.12,Excessive Vibration,-0.065
2026-06-15 20:45:00,Site_B,Bldg_B1,Pump_Bldg_B1_02,52.01,5.822,15.1,"Excessive Vibration, Abnormal Temperature",-0.0662
2026-06-15 21:00:00,Site_B,Bldg_B1,Pump_Bldg_B1_02,58.78,5.74,21.12,"Excessive Vibration, Abnormal Temperature",-0.0713
2026-06-15 21:15:00,Site_B,Bldg_B1,Pump_Bldg_B1_02,57.3,5.844,20.62,"Excessive Vibration, Abnormal Temperature",-0.074
2026-06-15 21:30:00,Site_B,Bldg_B1,Pump_Bldg_B1_02,56.85,4.99,11.76,"Excessive Vibration, Abnormal Temperature",-0.0589
2026-06-15 21:45:00,Site_B,Bldg_B1,Pump_Bldg_B1_02,55.65,5.189,12.46,"Excessive Vibration, Abnormal Temperature",-0.0644
2026-06-15 22:00:00,Site_B,Bldg_B1,Pump_Bldg_B1_02,57.05,5.069,14.09,"Excessive Vibration, Abnormal Temperature",-0.07
2026-06-15 22:15:00,Site_B,Bldg_B1,Pump_Bldg_B1_02,58.48,4.833,17.4,"Excessive Vibration, Abnormal Temperature",-0.0757
2026-06-15 22:30:00,Site_B,Bldg_B1,Pump_Bldg_B1_02,54.21,5.888,12.02,"Excessive Vibration, Abnormal Temperature",-0.0646
2026-06-15 22:45:00,Site_B,Bldg_B1,Pump_Bldg_B1_02,51.76,6.354,16.5,Excessive Vibration,-0.07
2026-06-15 23:00:00,Site_B,Bldg_B1,Pump_Bldg_B1_02,54.3,4.179,21.39,Abnormal Temperature,-0.0669
2026-06-15 23:15:00,Site_B,Bldg_B1,Pump_Bldg_B1_02,47.86,4.551,12.51,Multivariate Telemetry Anomaly,-0.0705
2026-06-15 23:30:00,Site_B,Bldg_B1,Pump_Bldg_B1_02,52.22,4.847,20.4,"Excessive Vibration, Abnormal Temperature",-0.0731
2026-06-15 23:45:00,Site_B,Bldg_B1,Pump_Bldg_B1_02,53.11,4.574,30.05,Abnormal Temperature,-0.0777
2026-06-16 00:00:00,Site_B,Bldg_B1,Pump_Bldg_B1_02,51.35,5.096,15.61,Excessive Vibration,-0.0692
